0.00020171575700471913
0.00019735892486310235
0.00019565305348001407
0.00019492098592749395
0.00019427116247484294
0.0001932940065457723
0.00019178156435793793
0.0001896342578055603
0.00018682551586129324
0.0001833809460594189
0.00017936175542611064
0.00017485098999868478
0.0001699427087081911
0.00016473402900148078
0.00015931965411039115
0.00015378834059364557
0.00014822077361231135
0.0001426884101564795
0.00013725296630494774
0.0001319663293689871
0.00012199926989159694
0.00011737621015401559
0.0001130178885035041
0.00010512509412693039
0.0001015900764450036
9.530421678999704e-5
8.997010680660377e-5
8.761584011159725e-5
8.343345720815235e-5
7.981726488384493e-5
7.661281477709435e-5
7.228721455325475e-5
6.957237472196616e-5
6.690828713098039e-5
6.292373041821264e-5
5.8924761116841306e-5
5.4957223560241705e-5
5.1114029138023536e-5
4.74981638966961e-5
4.4194899790495155e-5
4.0360509400195236e-5
3.7187809109824965e-5
3.4598538846840076e-5
3.246069024889188e-5
3.020896915321212e-5
2.8218632945385614e-5
2.6358278640636664e-5
2.4584121201245844e-5
2.2589303230087094e-5
2.1078828067135488e-5
1.924247429132891e-5
1.7922642332000346e-5
1.6623507846716387e-5
1.535842580192628e-5
1.4377952969048271e-5
1.324711744335907e-5
1.2354285742948141e-5
1.1471749822526757e-5
1.0629704223532903e-5
9.909083111686942e-6
2.660024023487255e-5
2.574756552402766e-5
2.7445389134033602e-5
2.9966343210925975e-5
3.259631267509769e-5
3.5051090696896106e-5
3.720271143844934e-5
3.899370139445437e-5
4.040700569171133e-5
4.1451105891376546e-5
4.215003818088475e-5
4.253613499216783e-5
4.264500934535394e-5
4.251242329028928e-5
4.2172584813694414e-5
4.165739991501268e-5
4.0996276616651255e-5
4.021618787715357e-5
3.9341810882029087e-5
3.8395649635961406e-5
3.636752822093507e-5
3.53201842319941e-5
3.4270305398555595e-5
3.220980146047718e-5
3.1217788670525035e-5
2.934350310348154e-5
2.764200292279705e-5
2.6861211856461318e-5
2.544104801383149e-5
2.4202724433814453e-5
2.313074003950333e-5
2.1787211979642485e-5
2.1031495458598173e-5
2.0357740023227523e-5
1.9447860512267303e-5
1.859717126218404e-5
1.7754757574834777e-5
1.689221001386955e-5
1.600216217291384e-5
1.5093731843282513e-5
1.3888362194221477e-5
1.274125015970607e-5
1.1701833323509058e-5
1.0801319109516237e-5
9.882905298839504e-6
9.169856552743533e-6
8.608095417584308e-6
8.136086242227308e-6
7.618205435969452e-6
7.194412983866786e-6
6.6035196462270555e-6
6.118000752411809e-6
5.607601910895333e-6
5.121934339923308e-6
4.778577542701141e-6
4.416532849410506e-6
4.136344440682372e-6
3.8443765084101544e-6
3.545626328461094e-6
3.282900662237243e-6
-1.2715239768854173e-5
-1.2918219612595484e-5
-1.1379806221466372e-5
-9.534676232781027e-6
-7.807373779545469e-6
-6.310154846727742e-6
-5.051899734209532e-6
-4.0082292559457774e-6
-3.1467597008438824e-6
-2.436246149925966e-6
-1.8495479388008718e-6
-1.3641702246922722e-6
-9.618902062695362e-7
-6.28095270136295e-7
-3.510936429937998e-7
-1.214990626146534e-7
6.827952689344012e-8
2.2444319010993902e-7
3.521156631655357e-7
4.555799277255726e-7
6.038274091159849e-7
6.543489351690895e-7
6.923103220088916e-7
7.382355790886286e-7
7.494242747795994e-7
7.547947064110998e-7
7.442935137538401e-7
7.35140747838598e-7
7.121683430690568e-7
6.861231989546859e-7
6.597778818646629e-7
6.234984946383268e-7
6.028345974642172e-7
5.853673755599508e-7
5.648240337119301e-7
5.497256776272263e-7
5.380261920345848e-7
5.276004634849712e-7
5.166152333086034e-7
5.037412120945422e-7
4.824391576441963e-7
4.56314919029995e-7
4.2656352604711193e-7
3.9520457459849015e-7
3.571083987197394e-7
3.235090250681251e-7
2.963374400525878e-7
2.7576874891461077e-7
2.5812406456214465e-7
2.4712147597292963e-7
2.3374198533317324e-7
2.2184751525538605e-7
2.0640182944633812e-7
1.876359222438218e-7
1.7209584391337418e-7
1.5551770284441231e-7
1.4440550912533914e-7
1.3480642708815515e-7
1.2571680110388317e-7
1.1694900455975495e-7
-2.800977306326889e-6
-3.5590806207884292e-6
-3.0489470501269e-6
-2.4103002540147844e-6
-1.8822099289638735e-6
-1.4894848531227758e-6
-1.2074710961749295e-6
-1.0061205502082422e-6
-8.60868252281891e-7
-7.539224611049031e-7
-6.730563925758855e-7
-6.100703480842371e-7
-5.595175383239081e-7
-5.177816725786799e-7
-4.824495485002624e-7
-4.518975303261985e-7
-4.250226680136017e-7
-4.0106799931073464e-7
-3.7950804872022015e-7
-3.599726771766629e-7
-3.259793444664845e-7
-3.111708127004121e-7
-2.9764512790276647e-7
-2.740215217642812e-7
-2.637345055606026e-7
-2.457706179772693e-7
-2.3073658070385687e-7
-2.241242686378761e-7
-2.123575306267502e-7
-2.0212459760499896e-7
-1.9300988841938734e-7
-1.807387843413469e-7
-1.731588164655027e-7
-1.658832965090743e-7
-1.5536297858337942e-7
-1.452258257947905e-7
-1.355018987564893e-7
-1.2629563893046304e-7
-1.1772696778699663e-7
-1.0989036275058556e-7
-1.0065525786958044e-7
-9.277559195582335e-8
-8.610424424847546e-8
-8.043021669991906e-8
-7.440406286413516e-8
-6.921593258448288e-8
-6.459392546544737e-8
-6.037391647942663e-8
-5.5737168923081754e-8
-5.220920259591912e-8
-4.77925384511377e-8
-4.448865353092321e-8
-4.115001153124458e-8
-3.7906854539668755e-8
-3.5465444782877034e-8
-3.2738554360304314e-8
-3.061327491763182e-8
-2.8489666562163123e-8
-2.6418219687592838e-8
-2.461907679412202e-8
-1.1693431257670341e-7
-9.949533787056698e-7
-8.33033758228006e-7
-5.783317958302289e-7
-3.872309670949248e-7
-2.6527858535830696e-7
-1.922791233699451e-7
-1.4956848831307098e-7
-1.2440329313181493e-7
-1.0904759256625182e-7
-9.910172946342782e-8
-9.216034319020158e-8
-8.693192057473293e-8
-8.271866638269194e-8
-7.913135693327632e-8
-7.594232962018585e-8
-7.301318320433644e-8
-7.025970560480415e-8
-6.763377930099256e-8
-6.5112371616323e-8
-6.036905658038263e-8
-5.816034822819232e-8
-5.607292314388079e-8
-5.228803597400687e-8
-5.05937495168277e-8
-4.7579566865855595e-8
-4.500244390047508e-8
-4.3849679344291106e-8
-4.1759781108837425e-8
-3.989341112973535e-8
-3.819034145719303e-8
-3.585089129246678e-8
-3.4392810956262876e-8
-3.2992084286047753e-8
-3.0968424730217686e-8
-2.9015724958234336e-8
-2.7132804683904026e-8
-2.5338372412548894e-8
-2.3659562858132153e-8
-2.2119949612009315e-8
-2.030307797073331e-8
-1.874859220904292e-8
-1.742353037424037e-8
-1.6285400608167216e-8
-1.5065084423125942e-8
-1.4010295579542723e-8
-1.3072159088923038e-8
-1.2217334699193651e-8
-1.1278429513064234e-8
-1.056484864305441e-8
-9.675611701021257e-9
-9.014046128375778e-9
-8.345275181573766e-9
-7.690436560597147e-9
-7.193630224689777e-9
-6.637485993650343e-9
-6.203651766246868e-9
-5.769244876702305e-9
-5.346880634281631e-9
-4.9836707307548e-9
6.0914554647999455e-9
-9.274040611498308e-7
-9.541795778618304e-7
-8.858207831175625e-7
-8.39445158076516e-7
-8.190584120886996e-7
-8.127096990640082e-7
-8.107090451220192e-7
-8.076246125089893e-7
-8.011284028180789e-7
-7.906739939873269e-7
-7.765772450940158e-7
-7.594843615704263e-7
-7.401036311392297e-7
-7.190907865768258e-7
-6.970132965032678e-7
-6.743493996289598e-7
-6.514986523749505e-7
-6.28793474045052e-7
-6.065081024377623e-7
-5.640373508869901e-7
-5.441556597354422e-7
-5.253077972961393e-7
-4.908831752191454e-7
-4.753133169006588e-7
-4.4729481580541523e-7
-4.2303178927360115e-7
-4.1212299137006156e-7
-3.9235248773335214e-7
-3.7479830865073523e-7
-3.589057201399245e-7
-3.371987369802221e-7
-3.23657982562832e-7
-3.1059470528433805e-7
-2.9162159440329327e-7
-2.7326430174013044e-7
-2.5558791775156184e-7
-2.3878341828856606e-7
-2.2307010649302914e-7
-2.0862518380176182e-7
-1.9149247509021968e-7
-1.767626497859335e-7
-1.6420054597137237e-7
-1.534487221299065e-7
-1.4196944443192292e-7
-1.3205386594315661e-7
-1.2321434443610234e-7
-1.1515376574933445e-7
-1.0631911311684065e-7
-9.961453170964338e-8
-9.123842423570528e-8
-8.497817844550339e-8
-7.864520042793395e-8
-7.247001242397816e-8
-6.779489102682907e-8
-6.254327473193444e-8
-5.843848892407416e-8
-5.434347934101943e-8
-5.03679496381178e-8
-4.692954362535452e-8
3.8552861777790447e-7
-4.0066184839193254e-7
-4.3222792077865454e-7
-3.8868455984132826e-7
-3.5925477558110134e-7
-3.4693470450414386e-7
-3.437856726402363e-7
-3.436433340808723e-7
-3.432037836039905e-7
-3.4112368310226784e-7
-3.3711981069270825e-7
-3.3138335153239025e-7
-3.242616790245462e-7
-3.1611056624114814e-7
-3.072398705489793e-7
-2.9790368400386846e-7
-2.8830753231966914e-7
-2.786191419911894e-7
-2.6897733080406193e-7
-2.594977150458895e-7
-2.413880210274384e-7
-2.3289311693200532e-7
-2.2483216380223697e-7
-2.1009662577733507e-7
-2.0342932672416527e-7
-1.9143124922452955e-7
-1.8104307764330842e-7
-1.763730369356191e-7
-1.6790985472584887e-7
-1.60396348510634e-7
-1.5359645487667823e-7
-1.443175610572262e-7
-1.385368580323347e-7
-1.3296533191180546e-7
-1.2487882091094502e-7
-1.170542008426684e-7
-1.0951295062228797e-7
-1.0233418882973472e-7
-9.561253914209479e-8
-8.942636927820515e-8
-8.208176544425954e-8
-7.576218285852035e-8
-7.037007059455671e-8
-6.575470846553333e-8
-6.082999202440227e-8
-5.658172123246637e-8
-5.279948570001221e-8
-4.935244635021862e-8
-4.5572534617596866e-8
-4.2700893801373996e-8
-3.910961298297709e-8
-3.642399522505159e-8
-3.370696658851376e-8
-3.105797809078113e-8
-2.9053029449794213e-8
-2.6801877148207225e-8
-2.5042934538111257e-8
-2.3287919177370758e-8
-2.1583190509630975e-8
-2.010812743634027e-8
5.330194693130116e-7
-9.753374652126327e-8
-1.1775251109735475e-7
-8.050105611878898e-8
-5.436395022519281e-8
-4.1577752176214693e-8
-3.652103450623114e-8
-3.4914676884966293e-8
-3.446206877811038e-8
-3.4166510318335985e-8
-3.370561559649564e-8
-3.3045835625770776e-8
-3.224456389605626e-8
-3.136528778111099e-8
-3.045126169297507e-8
-2.9524817187321504e-8
-2.8594879202984544e-8
-2.766471932879216e-8
-2.6737167470257323e-8
-2.581701629756362e-8
-2.4028618630654146e-8
-2.3177497055629338e-8
-2.2365570572419048e-8
-2.0879949258021998e-8
-2.021087118911372e-8
-1.9016257708509668e-8
-1.799153216068841e-8
-1.7532406753612477e-8
-1.669928668048455e-8
-1.595517325620877e-8
-1.5276966380685377e-8
-1.434790956953635e-8
-1.3770629104011054e-8
-1.3217048959948639e-8
-1.2417918845126095e-8
-1.1646023473561112e-8
-1.0899760116907217e-8
-1.0186124375977065e-8
-9.51599482127388e-9
-8.899172112208145e-9
-8.168454798836787e-9
-7.541129298644482e-9
-7.005493106955097e-9
-6.545574439340036e-9
-6.053579772725715e-9
-5.629829609845256e-9
-5.2541110733706714e-9
-4.912321942923755e-9
-4.5367882113734644e-9
-4.250722078208319e-9
-3.892907920276661e-9
-3.6257981802293972e-9
-3.3555783244810294e-9
-3.091473137410951e-9
-2.891442673303497e-9
-2.667526042302588e-9
-2.4929403435532364e-9
-2.3184594805151516e-9
-2.148686567136304e-9
-2.001790203110849e-9
6.298267483199232e-7
1.6707697012974915e-7
1.7039763137176864e-7
2.132156665732869e-7
2.445673720550987e-7
2.631433466380932e-7
2.7321821540399696e-7
2.780460692330653e-7
2.7949143685342703e-7
2.785430218466065e-7
2.757481481090534e-7
2.7146414904001456e-7
2.659776392032675e-7
2.5954938234820534e-7
2.5242390698085136e-7
2.44825984479273e-7
2.369547637100443e-7
2.2897984176215022e-7
2.2104023120471626e-7
2.1324575337598724e-7
1.984037824886414e-7
1.9145917571694038e-7
1.8487258394110732e-7
1.728187456006284e-7
1.6735085765703547e-7
1.5748039233383074e-7
1.4890589769875567e-7
1.4504711670318294e-7
1.38058591764665e-7
1.318699909659028e-7
1.262873694361719e-7
1.1869143481617534e-7
1.139632029279069e-7
1.0940346562239704e-7
1.0277835466138083e-7
9.636291270708827e-8
9.017913899161083e-8
8.429171724027703e-8
7.877458907872897e-8
7.368868457402933e-8
6.763616358189163e-8
6.241738470357382e-8
5.7962346040357226e-8
5.415311109841923e-8
5.009577613626204e-8
4.660001131556673e-8
4.348858906467345e-8
4.065336125316099e-8
3.75452524347091e-8
3.5183394891738305e-8
3.2225565256018213e-8
3.000969322296727e-8
2.7766713133723594e-8
2.558219730780733e-8
2.3930473510270414e-8
2.2075628428566265e-8
2.062589633268733e-8
1.9179870582414294e-8
1.777510293507967e-8
1.6558429340320235e-8
1.2579921976719792e-6
1.0620684803632668e-6
1.173158611717639e-6
1.289535241417079e-6
1.3778654796555709e-6
1.4393187412190775e-6
1.4787608225848761e-6
1.5003203235779263e-6
1.5071687802879107e-6
1.5018427977537919e-6
1.486493818393244e-6
1.4630191103145276e-6
1.43311689997699e-6
1.3983048317037762e-6
1.3599251503644426e-6
1.3191479444837294e-6
1.276976734245973e-6
1.2342571920103392e-6
1.1916883669335943e-6
1.149835431803234e-6
1.0699489061006954e-6
1.0324964740221537e-6
9.969476838124264e-7
9.318698555221942e-7
9.023578439169235e-7
8.491188705416156e-7
8.029069895244101e-7
7.821161641770458e-7
7.444587104818787e-7
7.110966767956028e-7
6.809883957741885e-7
6.400233967407595e-7
6.145410353579487e-7
5.899847601148884e-7
5.543288705466069e-7
5.19805097755534e-7
4.865098201711593e-7
4.54784916066633e-7
4.250348565148944e-7
3.9759825392209254e-7
3.6493958753891055e-7
3.3677517494071923e-7
3.12727258271325e-7
2.921614193752406e-7
2.702585354888286e-7
2.513985131637467e-7
2.3462331540081514e-7
2.193406254273218e-7
2.0258196434451512e-7
1.8984144736477036e-7
1.7388195063610613e-7
1.6192417623985908e-7
1.4981742259252733e-7
1.3802385288660462e-7
1.291088762801329e-7
1.1910276500473376e-7
1.112822799926047e-7
1.034777433264561e-7
9.589419225868552e-8
8.932843124421436e-8
2.6542066478711548e-5
2.572641681072842e-5
2.7438232637241902e-5
2.9964610050251404e-5
3.259660941897051e-5
3.505203556274635e-5
3.7203750190989444e-5
3.899462911138816e-5
4.040776424453481e-5
4.145169615087172e-5
4.215048191062737e-5
4.2536458726371424e-5
4.2645238034691515e-5
4.251257822235885e-5
4.217268332356615e-5
4.165745577233458e-5
4.099630060478852e-5
4.02161883668839e-5
3.9341794330609895e-5
3.839562099717826e-5
3.6367485825383964e-5
3.532013853749829e-5
3.4270258000958836e-5
3.220975383611065e-5
3.1217741945162896e-5
2.9343459244401642e-5
2.7641962589169403e-5
2.6861173352857052e-5
2.5441013104628367e-5
2.4202692888018404e-5
2.3130711538721166e-5
2.1787187392267407e-5
2.1031473057432777e-5
2.0357719507031217e-5
1.9447842359221274e-5
1.859715506276274e-5
1.775474306275459e-5
1.6892197017919364e-5
1.6002150567730423e-5
1.5093721516486407e-5
1.3888353397607952e-5
1.2741242699010273e-5
1.1701827020485815e-5
1.080131379909987e-5
9.882900999248847e-6
9.169853009303085e-6
8.608092408875355e-6
8.136083617228277e-6
7.6182031736221945e-6
7.194410988048248e-6
6.603517976444922e-6
6.1179993115283786e-6
5.6076006966780705e-6
5.12193336099749e-6
4.778576735700313e-6
4.416532181501723e-6
4.1363438459941535e-6
3.844376005922704e-6
3.545625936490679e-6
3.2829003225373755e-6
0.00012065465983960415
0.00011488734438604654
0.00011191641140320667
0.00011018510338673021
0.00010908297161768901
0.00010834246848555669
0.00010778045247982612
0.00010725520899709767
0.00010666496383412133
0.0001059453406382432
0.00010506192251801488
0.0001040012662837412
0.0001027630807698891
0.00010135462753994008
9.978728585266043e-5
9.807473548560868e-5
9.623213093274305e-5
9.427575701841647e-5
9.222283057398514e-5
9.00912728113656e-5
8.566550203333382e-5
8.340748024964818e-5
8.11423826000083e-5
7.665304436456045e-5
7.445609233157368e-5
7.021344156027204e-5
6.622766311500998e-5
6.434609761422039e-5
6.082395935220279e-5
5.763464889575542e-5
5.477913090873407e-5
5.109454237690628e-5
4.900385988283766e-5
4.7169896553917595e-5
4.482123788429336e-5
4.2841214599548566e-5
4.110623174191262e-5
3.950877648866204e-5
3.7964830846585675e-5
3.641696738469955e-5
3.429658429639296e-5
3.210525001393778e-5
2.9885853431705225e-5
2.7711711903122132e-5
2.517841934533039e-5
2.2963487468388284e-5
2.1125830157419693e-5
1.965504253549998e-5
1.8284661105504138e-5
1.7367957729215783e-5
1.6257467101908822e-5
1.53524850373817e-5
1.4285246271196401e-5
1.3066816025415712e-5
1.2067030417212618e-5
1.0961188225890646e-5
1.0170253619344583e-5
9.453654409332864e-6
8.786251335628469e-6
8.183935506471174e-6
2.4009285035431866e-5
2.036364977377828e-5
1.9453977101538814e-5
1.96657273947967e-5
2.0384765548375113e-5
2.1342324253042253e-5
2.2384941606337892e-5
2.341435204025877e-5
2.4369226348593653e-5
2.521518121157003e-5
2.5936523452892306e-5
2.6529374803955816e-5
2.699653957362872e-5
2.7344122821235693e-5
2.7579584196888982e-5
2.7710793736444092e-5
2.7745684972604115e-5
2.7692197956468067e-5
2.7558314326276314e-5
2.7352079352909055e-5
2.6754821996885003e-5
2.6379697539741502e-5
2.5963780253918013e-5
2.5037824436395432e-5
2.4540653167053852e-5
2.3505946022501915e-5
2.2448407508711043e-5
2.1920818943471617e-5
2.0883645423913093e-5
1.9886956993319705e-5
1.8945947603478357e-5
1.7660574705501698e-5
1.6895383572913344e-5
1.620485445125357e-5
1.5303301156099975e-5
1.4546982099105947e-5
1.3912071427316334e-5
1.337194299276069e-5
1.2900010860667493e-5
1.2471579740789722e-5
1.1931410340208708e-5
1.139179236720371e-5
1.0829781363571639e-5
1.0238988232983322e-5
9.472640938348938e-6
8.707647342792338e-6
7.98374501201964e-6
7.334029223367296e-6
6.679213785779657e-6
6.241980108052678e-6
5.774245833339631e-6
5.469707017237296e-6
5.171548662682526e-6
4.846249899219684e-6
4.5491957578779956e-6
4.155071529160993e-6
3.819133961748465e-6
3.4884121838771464e-6
3.1972293992659337e-6
2.9760402073950848e-6
-5.656161202718309e-6
-8.079944079183246e-6
-8.178838981465087e-6
-7.507129394715876e-6
-6.595274489562602e-6
-5.65258963784279e-6
-4.764885274836746e-6
-3.964419422356524e-6
-3.258877835221517e-6
-2.644713253196068e-6
-2.113672886754019e-6
-1.656056044226848e-6
-1.2622986276551691e-6
-9.236751118033026e-7
-6.325367800589557e-7
-3.823166927914639e-7
-1.6742931105871677e-7
1.686581802703519e-8
1.74600921183118e-7
3.0922159551841304e-7
5.205573950774165e-7
6.020473686284627e-7
6.700892815010211e-7
7.723625193765403e-7
8.093629736039941e-7
8.607976480185623e-7
8.882538325057044e-7
8.949013644687097e-7
8.971542943101656e-7
8.881084332489072e-7
8.711615209217116e-7
8.367168759604643e-7
8.106887226205433e-7
7.839576742884758e-7
7.447797265976275e-7
7.086582974868613e-7
6.767587405568438e-7
6.494432170863291e-7
6.265222691825293e-7
6.074288461616457e-7
5.864997401291515e-7
5.686860013928526e-7
5.518091021933593e-7
5.341163749109277e-7
5.092370071723262e-7
4.807557296541535e-7
4.4939725647201534e-7
4.16740777966587e-7
3.785034159029376e-7
3.4944978223203287e-7
3.153722732849735e-7
2.929570502384987e-7
2.7378775022743206e-7
2.580827414061526e-7
2.4672508933142796e-7
2.3197217303375852e-7
2.1730803705811144e-7
1.994953481572189e-7
1.8032019714144597e-7
1.6421201187462002e-7
-5.212600333205815e-8
-2.280034539531784e-6
-2.520325208012161e-6
-2.2385964000960494e-6
-1.8525262597606592e-6
-1.4908056701549077e-6
-1.1877979240095594e-6
-9.455703444959112e-7
-7.559810878690067e-7
-6.088351427815621e-7
-4.947631986963767e-7
-4.0603716267015254e-7
-3.365983913119956e-7
-2.818205458923807e-7
-2.3821815710302693e-7
-2.0318012939842433e-7
-1.747515921236687e-7
-1.5146493111789992e-7
-1.3221286970099213e-7
-1.1615474937818606e-7
-9.119748025484917e-8
-8.141975317367136e-8
-7.301501391092396e-8
-5.94304758331089e-8
-5.3914723025139214e-8
-4.48292352504097e-8
-3.7771913387050505e-8
-3.484375083851233e-8
-2.995219078414581e-8
-2.610678216832921e-8
-2.308149432593841e-8
-1.9709265459786166e-8
-1.804738729733917e-8
-1.673512973688913e-8
-1.5249471897920944e-8
-1.4158561068606746e-8
-1.3305933378210847e-8
-1.2580167755756718e-8
-1.190661890930887e-8
-1.12405197936743e-8
-1.0329659574529381e-8
-9.390580255041438e-9
-8.449683622185548e-9
-7.546859682285167e-9
-6.5318161191018704e-9
-5.694530313637956e-9
-5.0573830031968544e-9
-4.6085999603406105e-9
-4.266375466766733e-9
-4.088251184512016e-9
-3.9104050235473215e-9
-3.761593807380871e-9
-3.5494208243718942e-9
-3.2496059987027387e-9
-2.962147976375061e-9
-2.611263581420818e-9
-2.3545651849956338e-9
-2.1437152389084285e-9
-1.9922478407902237e-9
-1.892697479854752e-9
1.4246863416103931e-6
-7.028632249879864e-7
-1.0444378637787942e-6
-9.799803786008086e-7
-8.472234132503205e-7
-7.314136013131687e-7
-6.473024805806815e-7
-5.906259198403157e-7
-5.536640377947512e-7
-5.29656140874478e-7
-5.136526701254072e-7
-5.023124372983844e-7
-4.934833713850034e-7
-4.858246481663308e-7
-4.785265731416387e-7
-4.7112020290402613e-7
-4.6335362508731237e-7
-4.551131468619018e-7
-4.4637311247188635e-7
-4.3716343237921674e-7
-4.176098653660344e-7
-4.074409739740591e-7
-3.9713482558026235e-7
-3.7646442777030425e-7
-3.66258303844116e-7
-3.4642950085813194e-7
-3.276994758741086e-7
-3.1883312967732966e-7
-3.022027234834916e-7
-2.8710721099557984e-7
-2.7355248494065044e-7
-2.5596369979015177e-7
-2.4589187765155206e-7
-2.3696137790779257e-7
-2.2531970832906884e-7
-2.1524936710559987e-7
-2.0620137268171888e-7
-1.9772753657354694e-7
-1.8950340296985704e-7
-1.8132926604425488e-7
-1.703684011605384e-7
-1.5937520312258192e-7
-1.485535665699868e-7
-1.3818385323480313e-7
-1.2626377963267577e-7
-1.1583311813869184e-7
-1.0700942278600942e-7
-9.968085779821168e-8
-9.248676724938417e-8
-8.74524814687347e-8
-8.129712251332184e-8
-7.647469618001387e-8
-7.113295070408704e-8
-6.53625635435644e-8
-6.071020751149046e-8
-5.543720292548821e-8
-5.1456104811904044e-8
-4.766921290415331e-8
-4.410802383712102e-8
-4.101465648943949e-8
1.865434328058102e-6
-1.0101927100905938e-7
-4.199670687532995e-7
-4.0432397403442567e-7
-3.3867423855743426e-7
-2.851653120812307e-7
-2.5113218202760663e-7
-2.3183559371825233e-7
-2.216621119607319e-7
-2.1652834418021766e-7
-2.1390404309391245e-7
-2.1234900384872167e-7
-2.1108656199476816e-7
-2.097137189499051e-7
-2.0802951674663973e-7
-2.0594204145610026e-7
-2.0342090217850843e-7
-2.0047328618312408e-7
-1.9713101713763526e-7
-1.9344226407541113e-7
-1.8526249856689106e-7
-1.8089722068656535e-7
-1.7642908076649996e-7
-1.6739405715626084e-7
-1.629144194852781e-7
-1.5419553138594805e-7
-1.459448616120232e-7
-1.4203252791470412e-7
-1.3467782888484717e-7
-1.2797912571781388e-7
-1.2194467480813995e-7
-1.1409315849935408e-7
-1.0959284903024534e-7
-1.05604376535037e-7
-1.0041183783003389e-7
-9.592697404794696e-8
-9.190122612770983e-8
-8.813390457612555e-8
-8.448188971305832e-8
-8.085745725233811e-8
-7.600373412455553e-8
-7.113595275389263e-8
-6.633651122856733e-8
-6.172591686431131e-8
-5.6410770366827974e-8
-5.174799542911417e-8
-4.7796707048647164e-8
-4.4511224286867374e-8
-4.128513577594471e-8
-3.903063485522776e-8
-3.628315619315399e-8
-3.413818042806068e-8
-3.176489606195903e-8
-2.919750458158167e-8
-2.7122516914591013e-8
-2.4765437411406537e-8
-2.2982938465138083e-8
-2.1286770438287322e-8
-1.9693921323648714e-8
-1.831314822816105e-8
1.9559126783687277e-6
1.30934767414295e-7
-1.4942751707500225e-7
-1.4392338136344468e-7
-9.934119605683993e-8
-6.45149566955299e-8
-4.371934257223813e-8
-3.2698269556607785e-8
-2.7219973503022347e-8
-2.4543248116391075e-8
-2.3176533734938575e-8
-2.239826664604928e-8
-2.188999479852825e-8
-2.1517144146529652e-8
-2.1217482644130396e-8
-2.0953219401736596e-8
-2.0695177264492696e-8
-2.0420256858723275e-8
-2.0112588039556892e-8
-1.9764348869395983e-8
-1.895051134643697e-8
-1.8499219423277464e-8
-1.8031558394190327e-8
-1.708502841822118e-8
-1.662078785018264e-8
-1.5731565206315814e-8
-1.4903960290875557e-8
-1.4513331424089566e-8
-1.3776191489393207e-8
-1.3096499997766299e-8
-1.2475536978456412e-8
-1.1659581652247727e-8
-1.1192724997549464e-8
-1.0782650420044175e-8
-1.0255545852459487e-8
-9.803580910869085e-9
-9.395566488376388e-9
-9.009656703239845e-9
-8.633597117278978e-9
-8.26155956800355e-9
-7.767608215852157e-9
-7.275174174262835e-9
-6.788549892078474e-9
-6.317917740548208e-9
-5.7723081475809965e-9
-5.293635437676853e-9
-4.889464487072435e-9
-4.5538058880836485e-9
-4.222972990058835e-9
-3.9909749032235926e-9
-3.709282975809765e-9
-3.490998424944537e-9
-3.2497216470482535e-9
-2.9872929497335168e-9
-2.7746034401403133e-9
-2.533527214904738e-9
-2.3513095540809386e-9
-2.177292696442655e-9
-2.0138365106527904e-9
-1.872800942267383e-9
1.9731484585666172e-6
2.8050260754626953e-7
4.416170795427664e-8
5.569456241289873e-8
9.691175884108656e-8
1.286087029009325e-7
1.4858543005255736e-7
1.6069654955299886e-7
1.6824196381970198e-7
1.7315290980788213e-7
1.763828252067736e-7
1.7836152443116252e-7
1.7929187316940186e-7
1.7930206053533063e-7
1.7850715704600166e-7
1.770244777545614e-7
1.7497050062860512e-7
1.7245373480573628e-7
1.6956950314129756e-7
1.6639806562582124e-7
1.594461036442761e-7
1.557653748024746e-7
1.5200257323673517e-7
1.443678536849718e-7
1.40557495009752e-7
1.3308632675423921e-7
1.2596319983867957e-7
1.225758778855156e-7
1.1620723084494856e-7
1.1041865447770003e-7
1.0521849099086056e-7
9.846224776248258e-8
9.458323539831117e-8
9.113483011286462e-8
8.662992318041728e-8
8.273674167561104e-8
7.925685284183658e-8
7.602016648633583e-8
7.289570124290624e-8
6.979747515128981e-8
6.564093800472536e-8
6.146216344815672e-8
5.733684177538529e-8
5.3371137821814496e-8
4.8791846375970226e-8
4.476033236136798e-8
4.1330393968643555e-8
3.847258581869724e-8
3.5670126426812724e-8
3.3718465806385375e-8
3.134745586546095e-8
2.9499631628320988e-8
2.745737328693796e-8
2.5248607789150134e-8
2.3459517394340164e-8
2.1419024428769116e-8
1.9872113910028287e-8
1.8401592782441332e-8
1.7023497425097394e-8
1.5829958261896698e-8
2.286590495974971e-6
7.709646842851228e-7
6.197969287194106e-7
6.808134411521289e-7
7.595707315683702e-7
8.23686190723233e-7
8.721278396704068e-7
9.084854978314482e-7
9.357200245811531e-7
9.55673246302646e-7
9.694490786741318e-7
9.777808720295285e-7
9.812485835889661e-7
9.80378447508701e-7
9.75676271820036e-7
9.676309016948548e-7
9.567082044712303e-7
9.433447958175419e-7
9.2794447727093e-7
9.108774408418825e-7
8.730629143380144e-7
8.529003657154481e-7
8.322445917055729e-7
7.903289687155253e-7
7.694456595854419e-7
7.285942898779107e-7
6.897300241476468e-7
6.712556568080351e-7
6.364925391988202e-7
6.048293401588007e-7
5.763188724393575e-7
5.392140779655627e-7
5.179125216195037e-7
4.989987374659938e-7
4.7433579142508097e-7
4.5304923649417504e-7
4.340170940311084e-7
4.1629946934193356e-7
3.991926378752868e-7
3.8224290839005473e-7
3.595334610678787e-7
3.3671772486975753e-7
3.1417838442072384e-7
2.9248029672865586e-7
2.6738990722344215e-7
2.452854182674352e-7
2.2647761569067676e-7
2.1080401948518333e-7
1.9542637765581503e-7
1.8471733393506883e-7
1.717250405812854e-7
1.616182304606493e-7
1.5045235949687136e-7
1.3836318603325705e-7
1.285613593554331e-7
1.1737897020980681e-7
1.0889818947728217e-7
1.0083052033802241e-7
9.327196773402074e-8
8.673552578050646e-8
-1.2775857542373261e-5
-1.2923562317063528e-5
-1.1371664710866475e-5
-9.52497658422503e-6
-7.799214370651905e-6
-6.30397030246257e-6
-5.047398919250277e-6
-4.005005083947231e-6
-3.144460866287127e-6
-2.4346068232357333e-6
-1.848376618013036e-6
-1.3633312726965962e-6
-9.612878195892234e-7
-6.276616141649712e-7
-3.5078055222694936e-7
-1.212723065353446e-7
6.844424415673651e-8
2.2456307135642208e-7
3.5220286874562073e-7
4.5564306589197977e-7
6.038591142498272e-7
6.543704051245126e-7
6.92324020207765e-7
7.382390269513335e-7
7.494245219813736e-7
7.54791128143491e-7
7.442883153505143e-7
7.351352143582352e-7
7.121626118589102e-7
6.861175282565479e-7
6.597723278058938e-7
6.234931770232207e-7
6.028295308774046e-7
5.853626539165724e-7
5.648199448330073e-7
5.497222122142392e-7
5.380232113896699e-7
5.2759780558401e-7
5.166127972317127e-7
5.037389759996346e-7
4.824372248108318e-7
4.563133104731369e-7
4.265621904713988e-7
3.952034251480696e-7
3.5710739970890923e-7
3.235081651975764e-7
2.9633673609702067e-7
2.7576818454808243e-7
2.5812360318366076e-7
2.4712105723088543e-7
2.3374161859264068e-7
2.2184720719443294e-7
2.064015825153236e-7
1.8763571199255997e-7
1.7209565502401198e-7
1.5551755244455597e-7
1.4440539044232663e-7
1.348063259513559e-7
1.257167124884333e-7
1.1694893149847878e-7
2.3951141700047564e-5
2.033591084179143e-5
1.9440467607402306e-5
1.9659225023644913e-5
2.0381801950488286e-5
2.1341150945336218e-5
2.238465482262855e-5
2.3414480918108003e-5
2.4369527064532264e-5
2.521553017034565e-5
2.5936860718584432e-5
2.6529673870444315e-5
2.699679119442369e-5
2.7344326396775392e-5
2.757974322145122e-5
2.7710913413784338e-5
2.774577098196564e-5
2.7692255825877973e-5
2.75583491271995e-5
2.735209556737969e-5
2.6754811991501796e-5
2.637967872525877e-5
2.5963754808270674e-5
2.503779061001905e-5
2.4540616937606706e-5
2.3505907380762923e-5
2.244836861462329e-5
2.1920780467208256e-5
2.0883608518475653e-5
1.9886922300961697e-5
1.8945915451825008e-5
1.7660546470515883e-5
1.6895357789635057e-5
1.6204830893440605e-5
1.530328047342991e-5
1.4546963800416615e-5
1.3912055136616847e-5
1.3371928420649323e-5
1.2899997758137768e-5
1.2471567877045114e-5
1.1931399816021519e-5
1.1391782930370616e-5
1.0829772889497664e-5
1.0238980677464878e-5
9.472634479895282e-6
8.707641866375881e-6
7.983740365387219e-6
7.334025277975189e-6
6.679210565455473e-6
6.241977398929643e-6
5.774243653613703e-6
5.469705119319031e-6
5.1715469852388294e-6
4.846248456302502e-6
4.5491945138487206e-6
4.155070472547109e-6
3.819133031541713e-6
3.4884114268474316e-6
3.197228832157841e-6
2.9760397122375843e-6
8.557861458382688e-5
7.94267120991373e-5
7.623167088681149e-5
7.421967111666311e-5
7.279372927731594e-5
7.179902216709422e-5
7.112030220243301e-5
7.06387271664373e-5
7.025344542797636e-5
6.98940492861304e-5
6.951881260508546e-5
6.910635480920702e-5
6.864686903843753e-5
6.813570833208309e-5
6.756981513153617e-5
6.694638478593488e-5
6.626286489465916e-5
6.551751002424014e-5
6.470996967768288e-5
6.384164279075349e-5
6.193698635521442e-5
6.0911389790374437e-5
5.984562934976345e-5
5.762152936701123e-5
5.647673801535955e-5
5.415235361613612e-5
5.1816502582859674e-5
5.065564377499295e-5
4.8367651363095445e-5
4.614764981518973e-5
4.401999780837319e-5
4.1044690161471066e-5
3.922568458699264e-5
3.7547321756582307e-5
3.5295803982158565e-5
3.335082200315667e-5
3.1685063020428454e-5
3.0263566401334334e-5
2.9047975315473662e-5
2.7998390276161708e-5
2.67874316714817e-5
2.570773892358235e-5
2.4679783206347398e-5
2.364569868040195e-5
2.229830798702034e-5
2.08828422480495e-5
1.9429595003969987e-5
1.7989869564029215e-5
1.635975597121779e-5
1.5140857100846611e-5
1.3710251633302002e-5
1.2750776558274766e-5
1.189773275512945e-5
1.1161198137127792e-5
1.0618735099311489e-5
9.943561560530098e-6
9.311139011520293e-6
8.568390129219447e-6
7.774905284923736e-6
7.098038580265454e-6
2.4524971902476455e-5
1.9594251175696686e-5
1.756907895505998e-5
1.674734068872594e-5
1.652415414063176e-5
1.6650734790591526e-5
1.698478362632759e-5
1.74296379438713e-5
1.7919036619880375e-5
1.8410029510524407e-5
1.887674522525145e-5
1.9304739650194954e-5
1.9686523223884233e-5
2.001848647184509e-5
2.0299061059315657e-5
2.0527780569611638e-5
2.0704894519534308e-5
2.0831259931006407e-5
2.0908327946403253e-5
2.0938126276414054e-5
2.086650336166714e-5
2.0771278180206014e-5
2.0640909194927684e-5
2.028830507901397e-5
2.0072602353033345e-5
1.9577472547197992e-5
1.901530605151044e-5
1.871516997383324e-5
1.8087731704475623e-5
1.743731175546537e-5
1.6778301634024572e-5
1.5800676130536678e-5
1.5170840003859043e-5
1.4567424251026048e-5
1.3722854524129594e-5
1.2959514076766478e-5
1.2280837691286996e-5
1.1685426747593418e-5
1.1168430542611363e-5
1.0722339656361134e-5
1.0221072866143594e-5
9.802465497018233e-6
9.439397551487212e-6
9.107126723225613e-6
8.704947299971477e-6
8.2927716498945e-6
7.857165921316621e-6
7.3971896807863235e-6
6.826808449303667e-6
6.355533337165623e-6
5.738206422096506e-6
5.274811753904043e-6
4.8279653945710965e-6
4.439260867358314e-6
4.187415954096078e-6
3.940910699860398e-6
3.7508031281368785e-6
3.5306986308304487e-6
3.2634497915564166e-6
2.987719225260531e-6
-3.0426164074050677e-7
-4.2342902899814334e-6
-5.395059970163618e-6
-5.53091535103831e-6
-5.233921750062329e-6
-4.7499511617331185e-6
-4.19709245185914e-6
-3.6364096845241415e-6
-3.099519023109526e-6
-2.60154965967869e-6
-2.148228521132316e-6
-1.7400880424017563e-6
-1.3750120533848045e-6
-1.0497336913454546e-6
-7.606620295745347e-7
-5.042922376507404e-7
-2.773737412256255e-7
-7.6951417223801e-8
9.964934665495873e-8
2.548542938308679e-7
5.097052084489007e-7
6.13184841432478e-7
7.029584836482321e-7
8.471546344246803e-7
9.040714765217618e-7
9.927374979807701e-7
1.0534295509928183e-6
1.075040545444171e-6
1.1037087594249935e-6
1.1162909607275611e-6
1.1162512072592195e-6
1.098885298455573e-6
1.0792684985143274e-6
1.055457966539438e-6
1.0150320508863823e-6
9.721305384645662e-7
9.292863612848657e-7
8.882504745352404e-7
8.502092195159168e-7
8.158692717293419e-7
7.762433406858579e-7
7.432504197788258e-7
7.157584524286744e-7
6.923487639938081e-7
6.667248727241414e-7
6.429335199495986e-7
6.189869966355592e-7
5.934155034957051e-7
5.596314377215317e-7
5.291537056556531e-7
4.848447958621755e-7
4.4760340368443906e-7
4.075658392429153e-7
3.686703390554163e-7
3.416830962361599e-7
3.1617981989142276e-7
2.99918207456838e-7
2.850996694151173e-7
2.6919036979581615e-7
2.519136274383786e-7
2.4458294926570254e-6
-1.126200427292406e-6
-2.1114343762843934e-6
-2.2673465470437593e-6
-2.1319573924406847e-6
-1.905171294542354e-6
-1.666546747819696e-6
-1.4469067563468918e-6
-1.2561521437430087e-6
-1.0951822661590158e-6
-9.612770507448306e-7
-8.505614411622676e-7
-7.59104470500344e-7
-6.833667542676625e-7
-6.203395941595794e-7
-5.675444231815671e-7
-5.229756366807078e-7
-4.850267446702738e-7
-4.524179488369933e-7
-4.2413232295517383e-7
-3.774674172917546e-7
-3.579377433685275e-7
-3.4036848665577983e-7
-3.098874327626493e-7
-2.9651396455305807e-7
-2.7267405629113726e-7
-2.519595243104922e-7
-2.4257018128371607e-7
-2.2544282088139345e-7
-2.1024445587812443e-7
-1.9673013075056194e-7
-1.7922273822961456e-7
-1.691855435511125e-7
-1.6031313713580107e-7
-1.4894663441948212e-7
-1.3959687145092126e-7
-1.3192540779608003e-7
-1.256094613823855e-7
-1.203463451254285e-7
-1.158595151507722e-7
-1.1066720195348763e-7
-1.0594836884987185e-7
-1.0135583643632636e-7
-9.667389390501252e-8
-9.056327662293274e-8
-8.420761910535908e-8
-7.780130954695697e-8
-7.160752475167225e-8
-6.480772334706036e-8
-5.987971734492697e-8
-5.4257474466735515e-8
-5.056259790385969e-8
-4.729032999812412e-8
-4.4414972702873666e-8
-4.222775861534179e-8
-3.944530350244525e-8
-3.685650124218275e-8
-3.388693605848965e-8
-3.0767760297230284e-8
-2.8087294386728985e-8
3.7009586485987254e-6
3.596353714480481e-7
-5.162184272987593e-7
-6.89349784824441e-7
-6.482915543741213e-7
-5.52871431405237e-7
-4.568813060629457e-7
-3.763595819010892e-7
-3.136867064049316e-7
-2.666894010415718e-7
-2.321205729799645e-7
-2.0691625006389003e-7
-1.885650941886762e-7
-1.7513772008990062e-7
-1.6520219326675326e-7
-1.5771660550340442e-7
-1.5193185828575819e-7
-1.4731368869337545e-7
-1.4348362483430895e-7
-1.4017556798691704e-7
-1.3444274124634598e-7
-1.318054953810332e-7
-1.2923691802501836e-7
-1.241821374801732e-7
-1.2166631686479844e-7
-1.166406459968281e-7
-1.1164525043464949e-7
-1.0917362714193662e-7
-1.0431674182177787e-7
-9.96193102952328e-8
-9.512872120651053e-8
-8.886212241024647e-8
-8.5034697819468e-8
-8.15036149172702e-8
-7.676568326371184e-8
-7.267119145398107e-8
-6.916099361568189e-8
-6.615594015738168e-8
-6.35669450123354e-8
-6.130237574022267e-8
-5.863534179522865e-8
-5.620064146996217e-8
-5.384999233500251e-8
-5.148468913816936e-8
-4.843980476674508e-8
-4.530415149906621e-8
-4.215195889826679e-8
-3.908923620372506e-8
-3.567957659124285e-8
-3.315377487484192e-8
-3.0178290532134493e-8
-2.813610722985041e-8
-2.6241350684258664e-8
-2.451090308496821e-8
-2.3197773215240714e-8
-2.1602010226015443e-8
-2.0196259044363272e-8
-1.8638601288177954e-8
-1.70251100466592e-8
-1.5628180556913503e-8
3.871415567098269e-6
7.100740156976661e-7
-6.997082998984653e-8
-2.3084565122177832e-7
-2.2120881866783278e-7
-1.7360136614486974e-7
-1.2706347244521025e-7
-9.088592407172246e-8
-6.516048646420476e-8
-4.7657495804637814e-8
-3.603475116545846e-8
-2.8423745180538804e-8
-2.3478425335653802e-8
-2.027521100071165e-8
-1.819639130207346e-8
-1.683473729025973e-8
-1.59243801207088e-8
-1.5293351489302316e-8
-1.4831739624052733e-8
-1.4470452843708702e-8
-1.3896079829615503e-8
-1.3642959731615715e-8
-1.3399468242240407e-8
-1.2925482847070577e-8
-1.2691075938965025e-8
-1.2222424994676327e-8
-1.1750437342946653e-8
-1.1512718404242424e-8
-1.1035250318216697e-8
-1.0560005380629127e-8
-1.0095240915434907e-8
-9.436657835315178e-9
-9.032966937362165e-9
-8.661586256824258e-9
-8.16543229845137e-9
-7.736791565630566e-9
-7.366746141745827e-9
-7.046742600785944e-9
-6.7691755758346925e-9
-6.526480229134733e-9
-6.242793705208374e-9
-5.985942951205468e-9
-5.738083888432172e-9
-5.487551889917643e-9
-5.164060587017088e-9
-4.83147333543084e-9
-4.49797498708065e-9
-4.173645993490325e-9
-3.810840600820343e-9
-3.5407295772020593e-9
-3.221859366074881e-9
-3.0031355646962916e-9
-2.8001853702016636e-9
-2.614578635412245e-9
-2.4741225370820425e-9
-2.304635139954029e-9
-2.155745195109078e-9
-1.9902321897946447e-9
-1.8181772435207912e-9
-1.6689504792492027e-9
3.8214293176901835e-6
8.12449379414285e-7
1.1871772294879647e-7
-1.7953880723838247e-8
-1.3369055363430335e-8
1.917448917204538e-8
4.9747127660826425e-8
7.261969308487051e-8
8.854559164605334e-8
9.942631121260036e-8
1.0688536870803744e-7
1.1204595350813138e-7
1.1562633783129085e-7
1.1807600042069309e-7
1.1968069351697846e-7
1.2062968136198802e-7
1.2105488348723119e-7
1.2105260475969102e-7
1.206955856677956e-7
1.2004006407240483e-7
1.1800216292757656e-7
1.1668506110439767e-7
1.1520443529324735e-7
1.118410651617913e-7
1.0999846168343718e-7
1.0608353062065781e-7
1.0197379205239955e-7
9.988366999998834e-8
9.569798184746243e-8
9.157692904108709e-8
8.75895646313683e-8
8.19670507411144e-8
7.850537227270797e-8
7.529499133531076e-8
7.09640728404203e-8
6.720248430149524e-8
6.396686965223338e-8
6.11914448937249e-8
5.879786135207171e-8
5.6703522047621704e-8
5.42384635761616e-8
5.199325045478968e-8
4.983313114467458e-8
4.766652198729114e-8
4.4881957702415466e-8
4.201204885621173e-8
3.911952546536612e-8
3.629985748822929e-8
3.3148632813732293e-8
3.0804658672787365e-8
2.8030856420587654e-8
2.6119277874311583e-8
2.434357107885439e-8
2.2727781084291928e-8
2.1510432706856552e-8
2.004046819028977e-8
1.874864151363932e-8
1.7314507632425098e-8
1.582140730198681e-8
1.4520875747536587e-8
3.95453051226696e-6
1.090361462287395e-6
4.932841662029871e-7
4.045774802771423e-7
4.3397411759963497e-7
4.826687317588801e-7
5.269124718060245e-7
5.629148948895148e-7
5.915840405577449e-7
6.144167608654664e-7
6.325951152505431e-7
6.469353314062942e-7
6.58001049305258e-7
6.662042880414149e-7
6.718677626359695e-7
6.75258428135164e-7
6.766051029666402e-7
6.761086401751474e-7
6.739488798641485e-7
6.7029001376326e-7
6.59077473688014e-7
6.518059132201084e-7
6.436023032406051e-7
6.24900309549832e-7
6.146376977884891e-7
5.928282221376848e-7
5.699390586724292e-7
5.582983797804077e-7
5.349779313781501e-7
5.119964673907585e-7
4.897364220978529e-7
4.58315783900543e-7
4.389616358100277e-7
4.210122934259231e-7
3.9680002190093545e-7
3.757663763941714e-7
3.576609840263621e-7
3.421166956240548e-7
3.28704244751178e-7
3.169723345728239e-7
3.0318198120710583e-7
2.906439877463577e-7
2.785946015640166e-7
2.6651321293330926e-7
2.5098714252522666e-7
2.349860387978763e-7
2.188550600824858e-7
2.031177193303709e-7
1.855051081536044e-7
1.72385055435521e-7
1.568414522394403e-7
1.4612264390296446e-7
1.3616453707869944e-7
1.2710937620245646e-7
1.2030016854697053e-7
1.1209693601213567e-7
1.0489354838531483e-7
9.688821249572814e-8
8.853973167351661e-8
8.125823994477621e-8
-2.8311176069757396e-6
-3.538146866935214e-6
-3.025471404464827e-6
-2.3929579170239498e-6
-1.8708148452885283e-6
-1.4823228992284932e-6
-1.2030312578122715e-6
-1.003363437350357e-6
-8.591419993679009e-7
-7.528331883197832e-7
-6.723673352261485e-7
-6.096367224011005e-7
-5.592481648629484e-7
-5.176174481950677e-7
-4.823515250305469e-7
-4.5184010900107237e-7
-4.249894116671176e-7
-4.0104879849842954e-7
-3.794970586324728e-7
-3.599667759087347e-7
-3.2597984299402617e-7
-3.111737444694316e-7
-2.9765012727393104e-7
-2.74029271475347e-7
-2.637428260113996e-7
-2.457786089648134e-7
-2.3074301008556602e-7
-2.2412978412848968e-7
-2.1236147965576883e-7
-2.021276640000775e-7
-1.930127398890869e-7
-1.8074188467246805e-7
-1.7316199433090388e-7
-1.658862914821238e-7
-1.553652900353708e-7
-1.4522736286272891e-7
-1.355029582662378e-7
-1.2629659717785212e-7
-1.1772802438546744e-7
-1.0989148628451521e-7
-1.0065622816264302e-7
-9.27762273261917e-8
-8.610461565917113e-8
-8.0430523906116e-8
-7.440445801200021e-8
-6.921635558409523e-8
-6.459423248282277e-8
-6.037407981732147e-8
-5.573728291055568e-8
-5.2209361857178497e-8
-4.779272627827844e-8
-4.4488779184381227e-8
-4.1150061307016976e-8
-3.7906912905183726e-8
-3.546553555276982e-8
-3.273861920736673e-8
-3.061329683760619e-8
-2.848969252285604e-8
-2.641826751808404e-8
-2.461910381707868e-8
-5.734604482363068e-6
-8.103870476214097e-6
-8.182674777723744e-6
-7.503919626809127e-6
-6.5901153726907334e-6
-5.64743533645528e-6
-4.760401909513712e-6
-3.960748529861576e-6
-3.255961245559067e-6
-2.6424312519234763e-6
-2.1119005268281387e-6
-1.6546834814939707e-6
-1.261236090743351e-6
-9.228518107277343e-7
-6.318978695039551e-7
-3.818200097390238e-7
-1.6704251552020238e-7
1.716754597608825e-8
1.748366631384251e-7
3.0940604889503274e-7
5.206707014527444e-7
6.021362449135264e-7
6.701589611720813e-7
7.724050625094667e-7
8.093959773050445e-7
8.608169392492906e-7
8.88264312083529e-7
8.94908703230295e-7
8.971571364235041e-7
8.881084805365207e-7
8.711598946234109e-7
8.36713998722028e-7
8.106854859782625e-7
7.83954280862334e-7
7.447763084836025e-7
7.086549994914661e-7
6.767556519777176e-7
6.494403873249291e-7
6.265197074861937e-7
6.074265290907891e-7
5.864976882469702e-7
5.686841559232658e-7
5.518074362350361e-7
5.341148827535933e-7
5.09235722483239e-7
4.807546219435044e-7
4.4939628905117e-7
4.1673992914648606e-7
3.7850270273681015e-7
3.4944917676888285e-7
3.153717898868394e-7
2.9295663715247363e-7
2.7378739591950285e-7
2.580824481603913e-7
2.4672484198921443e-7
2.319719600710503e-7
2.1730784248079479e-7
1.9949518422420894e-7
1.803200722666866e-7
1.642119041914926e-7
2.4473641632927163e-5
1.9566144153602977e-5
1.7553188490296674e-5
1.6738243415769144e-5
1.6518957508453093e-5
1.6647814594143602e-5
1.6983200153131543e-5
1.7428838004239006e-5
1.791869128123214e-5
1.840994212136111e-5
1.8876798012399393e-5
1.9304862259292982e-5
1.9686674009092703e-5
2.001864128042244e-5
2.0299206451446108e-5
2.052790967609245e-5
2.0705004478523725e-5
2.0831350280095054e-5
2.090839960223524e-5
2.093818088379215e-5
2.0866529813636156e-5
2.0771293496080688e-5
2.0640915137309948e-5
2.0288296753427678e-5
2.007258873680334e-5
1.9577451190121535e-5
1.9015279881009963e-5
1.8715142245496465e-5
1.8087702181704514e-5
1.743728179603525e-5
1.67782721858266e-5
1.5800648501048517e-5
1.5170813922595072e-5
1.4567399792581784e-5
1.372283245566308e-5
1.295949425433546e-5
1.2280819954918986e-5
1.1685410926121654e-5
1.116841643062433e-5
1.0722327011478954e-5
1.0221061787987506e-5
9.802455616483068e-6
9.439388635447605e-6
9.107118647632901e-6
8.704940158178666e-6
8.292765300627191e-6
7.85716022999351e-6
7.3971845762216965e-6
6.82680404350871e-6
6.355529513420344e-6
5.738203321972814e-6
5.274809134785864e-6
4.827963214675362e-6
4.439259116001524e-6
4.187414501281228e-6
3.940909461982907e-6
3.7508019836979702e-6
3.530697624120596e-6
3.263448973989774e-6
2.9877185028150615e-6
6.881479788827666e-5
6.224290090897819e-5
5.893364789457251e-5
5.682940781256355e-5
5.52593108087673e-5
5.4103913619587495e-5
5.328372565927852e-5
5.2699182491466984e-5
5.22577337513825e-5
5.1892429047312615e-5
5.1563282834886785e-5
5.1249874420380935e-5
5.0942545134086324e-5
5.063575468685243e-5
5.032440749612291e-5
5.000260057532101e-5
4.9663840470782396e-5
4.9301868433333805e-5
4.891150680033599e-5
4.8489222564234454e-5
4.754381986184112e-5
4.7022104213889754e-5
4.647049660216502e-5
4.528907812609527e-5
4.466513708101066e-5
4.336401373092325e-5
4.200657715410211e-5
4.131159284989171e-5
3.9898379611330824e-5
3.846719862287981e-5
3.703473440041294e-5
3.492072826257141e-5
3.3556984710203835e-5
3.224411888185165e-5
3.0388330863511706e-5
2.8682995009726543e-5
2.713514440525456e-5
2.5746114110251278e-5
2.4513458585260197e-5
2.34307483658076e-5
2.2200542435678556e-5
2.1178514539101992e-5
2.0318591022612755e-5
1.957462522794984e-5
1.8746113594571276e-5
1.7970441907316467e-5
1.7198038160756954e-5
1.6395510686256326e-5
1.5374584515290386e-5
1.4485158064891677e-5
1.322957558029244e-5
1.219785031610302e-5
1.1104754212430427e-5
1.0052375636397414e-5
9.322534075668833e-6
8.625699052066551e-6
8.173128246349378e-6
7.756548041059088e-6
7.313339402939282e-6
6.8402933642925944e-6
2.6166639617990716e-5
2.02262920620549e-5
1.7607019986219923e-5
1.6256943842939455e-5
1.549560892408161e-5
1.5118346491458252e-5
1.5010385880034788e-5
1.5077480043729454e-5
1.5245452434383348e-5
1.5463206322223484e-5
1.5699831581744268e-5
1.5938563107428873e-5
1.617078653805797e-5
1.6391653012326056e-5
1.6597561589933926e-5
1.6785118100315527e-5
1.6951001431535484e-5
1.7092238252601833e-5
1.7206546095404656e-5
1.7292564146782183e-5
1.7379098889479105e-5
1.7381318357143018e-5
1.735821737747456e-5
1.724354647593374e-5
1.7155669903551757e-5
1.692696203675809e-5
1.6636491779762174e-5
1.647096540186507e-5
1.6104695679721817e-5
1.5698869542936777e-5
1.526291564531021e-5
1.457363548229684e-5
1.4103676298536025e-5
1.3634201369495867e-5
1.294324461194783e-5
1.2280141533028803e-5
1.1654231798279785e-5
1.107235745563342e-5
1.0539629166631063e-5
1.0059068003976404e-5
9.49968073861159e-6
9.026874396814242e-6
8.628422000807579e-6
8.290200629731702e-6
7.931694884670518e-6
7.622331199392122e-6
7.339561121350939e-6
7.062848389579166e-6
6.717572897290678e-6
6.410795854437961e-6
5.9553727907953025e-6
5.553461882111376e-6
5.091384051900742e-6
4.6003837937194605e-6
4.2257091278938915e-6
3.838455510966462e-6
3.5809206866378304e-6
3.3660670104292105e-6
3.1836391730366604e-6
3.0234866858070752e-6
4.077361998665602e-6
-1.0964904847631462e-6
-3.0499076931761186e-6
-3.7865284093094077e-6
-3.962094721681164e-6
-3.854018049061446e-6
-3.5999916174253925e-6
-3.2750690491202122e-6
-2.922053343425119e-6
-2.5656049252475717e-6
-2.219681439287449e-6
-1.8918107970268242e-6
-1.5856613586232057e-6
-1.3026141319340835e-6
-1.042722764605854e-6
-8.052927996151417e-7
-5.892259317217582e-7
-3.9322210584901573e-7
-2.1589780700392659e-7
-5.5856117431233786e-8
2.1779430096459858e-7
3.3395367486529374e-7
4.3790459368959934e-7
6.133623947815904e-7
6.867393297725159e-7
8.088435870513189e-7
9.02642750042169e-7
9.404117582586782e-7
1.0002273918997727e-6
1.042014956501301e-6
1.0688595763358138e-6
1.0868274152501874e-6
1.0871581097796548e-6
1.0803239929085551e-6
1.0599199289320478e-6
1.0309822058221733e-6
9.967807575669684e-7
9.59870557509982e-7
9.222281679951516e-7
8.853314100582546e-7
8.390341049374934e-7
7.973184047914212e-7
7.607627355964658e-7
7.293617185540014e-7
6.967510195348253e-7
6.702811055948557e-7
6.482456190278874e-7
6.287843291097542e-7
6.064259782965503e-7
5.870828743948814e-7
5.573500602813028e-7
5.28942560837927e-7
4.92942400508871e-7
4.5014992872916667e-7
4.1380982652503547e-7
3.7202952612465514e-7
3.414636529088718e-7
3.149816466903396e-7
2.9418347868000824e-7
2.796539973070129e-7
5.322960397762495e-6
4.771815775519518e-7
-1.1776412037174897e-6
-1.7404768402199246e-6
-1.858607114041423e-6
-1.7869346902733319e-6
-1.6386226568405081e-6
-1.4666432245437125e-6
-1.2959012384251665e-6
-1.1375229527228263e-6
-9.957251819557336e-7
-8.71280569956165e-7
-7.633134415316025e-7
-6.702395614315437e-7
-5.902542138978185e-7
-5.215781008979045e-7
-4.625726619462488e-7
-4.1178537495541744e-7
-3.679582735179433e-7
-3.3001801772610215e-7
-2.683153735904347e-7
-2.431538119825525e-7
-2.2104033836909877e-7
-1.8425065146728055e-7
-1.688904889117689e-7
-1.4292132440893517e-7
-1.2198177972008842e-7
-1.1301653320550962e-7
-9.752085643953594e-8
-8.468931549052074e-8
-7.398438003430672e-8
-6.106143887099193e-8
-5.411423667656933e-8
-4.824482957179728e-8
-4.109420525264211e-8
-3.5532056211841525e-8
-3.121218749446435e-8
-2.7869476921621526e-8
-2.529812189103235e-8
-2.333413144195258e-8
-2.1429490686125397e-8
-2.0100787068134792e-8
-1.9134345187811926e-8
-1.8365086519675658e-8
-1.750230147652879e-8
-1.66119799222455e-8
-1.561207491887817e-8
-1.447408838599908e-8
-1.2953708720823972e-8
-1.1624971746825307e-8
-9.825201347019113e-9
-8.47047370835148e-9
-7.219224702595675e-9
-6.271091275900202e-9
-5.82964653443079e-9
-5.649582721414146e-9
-5.6661392252936584e-9
-5.666202319839313e-9
-5.480910320647193e-9
-5.068945240497886e-9
6.172078771055689e-6
1.5314979950369297e-6
5.696444843029297e-8
-4.2452233636436345e-7
-5.418382962325374e-7
-5.219812315358935e-7
-4.5555389818551015e-7
-3.7977458911237765e-7
-3.0931815715100634e-7
-2.490511622196053e-7
-1.9963026774782608e-7
-1.6003866359237574e-7
-1.2873543727662208e-7
-1.0415747174453751e-7
-8.491675081353905e-8
-6.985682876884561e-8
-5.804763345781715e-8
-4.8756639093208325e-8
-4.141413985667156e-8
-3.55803277004982e-8
-2.7164519868907597e-8
-2.4123455192059225e-8
-2.164044585308968e-8
-1.7902328359028863e-8
-1.6484662120943996e-8
-1.4271214772127168e-8
-1.2641101268118285e-8
-1.1979852337468924e-8
-1.0877908783510263e-8
-9.991124399382687e-9
-9.254565102805207e-9
-8.344186487604429e-9
-7.831561191811315e-9
-7.37723147852216e-9
-6.785892076775001e-9
-6.2853159212506665e-9
-5.8611239021520064e-9
-5.501675538881185e-9
-5.197030650418546e-9
-4.938663882997263e-9
-4.653575137890911e-9
-4.422525131422682e-9
-4.231845344196662e-9
-4.069149192310459e-9
-3.888917277171893e-9
-3.7192925568223006e-9
-3.549310738976211e-9
-3.3731494589157694e-9
-3.1519639729057635e-9
-2.9624739946769534e-9
-2.699486122865607e-9
-2.486899660566467e-9
-2.265150118858314e-9
-2.0549138891036903e-9
-1.9099536980449842e-9
-1.769587310530026e-9
-1.6751038501781868e-9
-1.5851953681044312e-9
-1.489103749827307e-9
-1.3891527724945938e-9
6.1938725356342e-6
1.7177394481704173e-6
3.8757944090948904e-7
-2.5838979132266147e-8
-1.3002057106649063e-7
-1.2822303764597686e-7
-9.449707203304037e-8
-5.6043334122948204e-8
-2.204942916535059e-8
5.268287537144369e-9
2.624211786920152e-8
4.196893539647451e-8
5.3617918609897204e-8
6.219402271412824e-8
6.848684964582908e-8
7.308879026465332e-8
7.64333258361764e-8
7.883386786237828e-8
8.051639986417509e-8
8.164461085417622e-8
8.268635004264673e-8
8.275587920763582e-8
8.259833243023502e-8
8.175390546608329e-8
8.112397980913308e-8
7.95521825340113e-8
7.766279125709793e-8
7.662767375769434e-8
7.442177999514093e-8
7.208564466174194e-8
6.967269905950148e-8
6.601038116382657e-8
6.359753236448935e-8
6.124483995486481e-8
5.78800348977072e-8
5.4760076584473724e-8
5.1915713910013266e-8
4.935880269363428e-8
4.708719703071127e-8
4.508764368188279e-8
4.280489247901935e-8
4.0893143430376266e-8
3.926871330052515e-8
3.7847354118928344e-8
3.6241098962708556e-8
3.471269241671882e-8
3.317624940184612e-8
3.158288836168778e-8
2.9581082622495136e-8
2.7864565063401546e-8
2.547764610797285e-8
2.3540124626401512e-8
2.1504699247489832e-8
1.9552622304487247e-8
1.8186629075394558e-8
1.6839429953342485e-8
1.5916494165358725e-8
1.5035369053844575e-8
1.4107100634699883e-8
1.3159333643746756e-8
6.211857545831802e-6
1.872246199939684e-6
6.704479087964701e-7
3.2700670090973997e-7
2.5302753550136297e-7
2.6416805548489476e-7
2.982121105339293e-7
3.3421375824225423e-7
3.658475771918015e-7
3.919326031514441e-7
4.129498769444874e-7
4.2977112395262906e-7
4.432243469219183e-7
4.539752272805012e-7
4.6252236448030547e-7
4.692278685650518e-7
4.7435353988077814e-7
4.780922593307778e-7
4.80591905475309e-7
4.819720806041847e-7
4.817717344108633e-7
4.803661890969965e-7
4.781963019468565e-7
4.7185016631945154e-7
4.678052680057306e-7
4.5826654651577134e-7
4.4714363614576937e-7
4.411068583956161e-7
4.2829932400601804e-7
4.1478039184152893e-7
4.008466658349143e-7
3.797418819553384e-7
3.658594127795737e-7
3.5233394948990094e-7
3.3299727661940634e-7
3.1506298386671496e-7
2.9870074575948537e-7
2.839797395241171e-7
2.7089260388991127e-7
2.5936821582276636e-7
2.462093531977826e-7
2.351893224562288e-7
2.2582747960466298e-7
2.1764057335371532e-7
2.084002658828774e-7
1.9962433578693978e-7
1.908166844172386e-7
1.8169016657987484e-7
1.702234343487937e-7
1.6038436241461117e-7
1.4668755047619356e-7
1.355535895239527e-7
1.2383805859429991e-7
1.1258071152359868e-7
1.0469035643425968e-7
9.69028734327643e-8
9.157352520737669e-8
8.65011081098699e-8
8.117595193760997e-8
7.57464853571062e-8
-1.1466068663161423e-7
-9.55736662235543e-7
-8.025907508140858e-7
-5.595504708480506e-7
-3.765875443678283e-7
-2.5946378716817447e-7
-1.8912680708424652e-7
-1.4783534888578255e-7
-1.2342471847893243e-7
-1.0848149913691134e-7
-9.877242006928251e-8
-9.197356717332125e-8
-8.683267565578115e-8
-8.267189856954841e-8
-7.911367304139259e-8
-7.593836777012104e-8
-7.301363385660684e-8
-7.025978974544344e-8
-6.763185677009931e-8
-6.510869084674286e-8
-6.036534628290498e-8
-5.8158202416414e-8
-5.607280632818764e-8
-5.2291522407058176e-8
-5.059821223708481e-8
-4.758400844603017e-8
-4.5005093371230875e-8
-4.385124377276768e-8
-4.175960034070823e-8
-3.989255666874507e-8
-3.8189828955355926e-8
-3.585166290470543e-8
-3.43941927243435e-8
-3.299358332496433e-8
-3.0969332345879814e-8
-2.9015801716230473e-8
-2.71324626109462e-8
-2.5338164500951333e-8
-2.3659763926626667e-8
-2.2120467903992762e-8
-2.0303575611873196e-8
-1.8748729244526753e-8
-1.742338481292768e-8
-1.6285265429927125e-8
-1.506520166097666e-8
-1.40105429375382e-8
-1.3072287238664665e-8
-1.2217286200494186e-8
-1.127835432728257e-8
-1.056488215438746e-8
-9.675732030886427e-9
-9.014094320913683e-9
-8.345227063540449e-9
-7.690425416986928e-9
-7.19368760001143e-9
-6.637517597628244e-9
-6.203624593807047e-9
-5.769234694737167e-9
-5.34691656057971e-9
-4.98367918907576e-9
-1.175232930004745e-7
-2.282100835124098e-6
-2.5068489109255153e-6
-2.2239049481994455e-6
-1.8403999789316167e-6
-1.4817047234145117e-6
-1.1812468418340052e-6
-9.409442746506557e-7
-7.527397833800804e-7
-6.065677495747828e-7
-4.931741543570825e-7
-4.0491929509668186e-7
-3.3580810683875696e-7
-2.812586555196788e-7
-2.3781610740979127e-7
-2.0289043867353658e-7
-1.745412923988245e-7
-1.5131107782663537e-7
-1.320994539564446e-7
-1.1607056280998454e-7
-9.1150372367562e-8
-8.138436385530297e-8
-7.298841446164898e-8
-5.941549540407072e-8
-5.3903503589595734e-8
-4.4822933816198584e-8
-3.776832031772316e-8
-3.4841014113936405e-8
-2.9950597819258805e-8
-2.6105914583082967e-8
-2.3081146475473998e-8
-1.9709452076334867e-8
-1.8047777376861236e-8
-1.673560836017687e-8
-1.52499270574316e-8
-1.4158919813754151e-8
-1.3306225154841716e-8
-1.2580453319447856e-8
-1.1906931299860602e-8
-1.12408480606296e-8
-1.0329953564063913e-8
-9.390797641691891e-9
-8.449837248966795e-9
-7.546991838429793e-9
-6.531958439814702e-9
-5.6946707313650245e-9
-5.057490854619765e-9
-4.60867010350973e-9
-4.266429216014974e-9
-4.088311724341252e-9
-3.9104683508330415e-9
-3.7616404739542865e-9
-3.549447638368716e-9
-3.2496322244703893e-9
-2.9621797107317764e-9
-2.6112874151506136e-9
-2.3545778821050667e-9
-2.143727703550485e-9
-1.9922641944221855e-9
-1.892708322735608e-9
-3.848607528749929e-7
-4.26790669358918e-6
-5.407692012568879e-6
-5.533994390498009e-6
-5.232775442367918e-6
-4.747132839407567e-6
-4.1938191084192405e-6
-3.633236570205825e-6
-3.0966726797944665e-6
-2.5990966171043224e-6
-2.146161279400344e-6
-1.7383684281180656e-6
-1.373592455023956e-6
-1.0485668956568705e-6
-7.597053038209003e-7
-5.035086120970052e-7
-2.767320109203123e-7
-7.642562055348621e-8
1.0008061229473675e-7
2.552085599321583e-7
5.099456561092701e-7
6.13383569002782e-7
7.03123073090675e-7
8.472681228432906e-7
9.041658821848163e-7
9.928028893334104e-7
1.0534747503632518e-6
1.0750780535660569e-6
1.103734451150403e-6
1.116308402500225e-6
1.1162629051757242e-6
1.0988914634954288e-6
1.0792722924163201e-6
1.0554600590156883e-6
1.0150324299503206e-6
9.721298874445808e-7
9.292851505660478e-7
8.882490201625099e-7
8.502077053674412e-7
8.15867778539385e-7
7.762419001543856e-7
7.432490279020686e-7
7.157571236408433e-7
6.923475267858152e-7
6.667237676173226e-7
6.42932521709706e-7
6.189860657759229e-7
5.934146264905247e-7
5.596306460902643e-7
5.291530027627529e-7
4.848442069937216e-7
4.4760288576674534e-7
4.0756539182155875e-7
3.686699817994668e-7
3.416828113822809e-7
3.161795863071634e-7
2.999179937212736e-7
2.850994857028952e-7
2.69190222932241e-7
2.519134893112146e-7
2.6122318083762832e-5
2.0199734975046428e-5
1.7590561453411333e-5
1.624656250188847e-5
1.5489008870040865e-5
1.511414503491626e-5
1.5007723823257859e-5
1.5075813027040078e-5
1.5244430948319402e-5
1.546260365428421e-5
1.569949942400343e-5
1.5938403772820665e-5
1.6170735378010042e-5
1.6391667178931753e-5
1.659761277346963e-5
1.6785187773528178e-5
1.6951077687970526e-5
1.7092313671482775e-5
1.720661627952759e-5
1.7292626711578917e-5
1.7379143823610052e-5
1.738135460517383e-5
1.735824547011254e-5
1.724356031382273e-5
1.7155677694302854e-5
1.6926959781978835e-5
1.6636481943344104e-5
1.647095259237511e-5
1.6104678347871588e-5
1.5698849301878182e-5
1.5262893762995122e-5
1.457361280055347e-5
1.4103653790274101e-5
1.363417936488495e-5
1.2943223723938068e-5
1.2280122019545017e-5
1.165421382170213e-5
1.1072341094225468e-5
1.0539614393707622e-5
1.0059054691685266e-5
9.499669077374395e-6
9.026864058600937e-6
8.628412758903927e-6
8.290192346990666e-6
7.931687635940356e-6
7.622324760489728e-6
7.339555273176902e-6
7.0628430089702836e-6
6.717568061942765e-6
6.410791492485093e-6
5.955369038003929e-6
5.553458551767337e-6
5.091381161991768e-6
4.600381437998069e-6
4.225707213123855e-6
3.8384539752234305e-6
3.5809193467012103e-6
3.3660658939502923e-6
3.1836382909924605e-6
3.023485858152359e-6
5.934165920072002e-5
5.222127432999116e-5
4.870976605985802e-5
4.650357324084558e-5
4.487183746611606e-5
4.365648276779437e-5
4.276886759863676e-5
4.211628153718917e-5
4.161656336895763e-5
4.121072265228114e-5
4.0863010442780794e-5
4.0554348918974386e-5
4.0274837407833724e-5
4.00181454044386e-5
3.9778409613910096e-5
3.954915834405715e-5
3.932346487210945e-5
3.909461294899423e-5
3.885678672707533e-5
3.8605532597861146e-5
3.805244306656342e-5
3.774874210716104e-5
3.7427259764657104e-5
3.673472551527298e-5
3.6365803233346516e-5
3.558726095009196e-5
3.4759038636177466e-5
3.432777978209734e-5
3.343430663633389e-5
3.250548972210725e-5
3.1550417752118096e-5
3.009193017251787e-5
2.9117931114834492e-5
2.815351834146948e-5
2.6740663825622646e-5
2.5384270215038926e-5
2.4097755048592795e-5
2.2891950191723157e-5
2.1775690986262055e-5
2.0754891215922866e-5
1.9545011932506805e-5
1.8501026568800506e-5
1.7607004651904583e-5
1.68432221436404e-5
1.6040959321116566e-5
1.5371251241798324e-5
1.4792995024430895e-5
1.4265264058126835e-5
1.364999060688352e-5
1.3125072911793279e-5
1.2350735772481745e-5
1.164939206779885e-5
1.080249323230743e-5
9.837603779759257e-6
9.043031071402212e-6
8.149613518344864e-6
7.502864623033546e-6
6.937627575188144e-6
6.479827650114943e-6
6.145747366514632e-6
2.7421024807211638e-5
2.0569579683617865e-5
1.7472742412246424e-5
1.576208092070554e-5
1.4688689013068775e-5
1.4027194392330742e-5
1.3657193415987018e-5
1.3484067815103817e-5
1.343463768258662e-5
1.34586316239897e-5
1.3525332524745657e-5
1.361754285061378e-5
1.3725757119747916e-5
1.3843958783721402e-5
1.3967244720237557e-5
1.4090875552647184e-5
1.4210191474804326e-5
1.4320908584462431e-5
1.441946841793876e-5
1.4503269178150594e-5
1.4621172755426446e-5
1.4654677647732533e-5
1.4671799260837677e-5
1.466028584508998e-5
1.4633428479998144e-5
1.4541266856653225e-5
1.440148656254296e-5
1.4314847166606714e-5
1.4110308450789303e-5
1.3867795681022573e-5
1.3592838014262253e-5
1.3133641335121982e-5
1.2805730917233954e-5
1.2467021574896933e-5
1.1948434068622481e-5
1.1427385971644097e-5
1.0913036326015489e-5
1.0413544122889598e-5
9.936420263350663e-6
9.487887037309439e-6
8.941160754341358e-6
8.455952776423595e-6
8.030464926545492e-6
7.660437804138518e-6
7.268322935930727e-6
6.94398237275021e-6
6.67325773623589e-6
6.439557515979942e-6
6.185649520586395e-6
5.9817332079915305e-6
5.6918802694644265e-6
5.4303696646730615e-6
5.104871720422428e-6
4.711443691821992e-6
4.364308862659448e-6
3.942835577224572e-6
3.6109932582919923e-6
3.297467233735311e-6
3.0288886639662266e-6
2.837820514609216e-6
8.18197931538114e-6
1.8011002531154664e-6
-8.006868129752704e-7
-1.995312821953427e-6
-2.531616462733402e-6
-2.715856480308635e-6
-2.699727567039489e-6
-2.5683213158629254e-6
-2.3725682916256344e-6
-2.143707726867618e-6
-1.900944563785613e-6
-1.6559939689124862e-6
-1.4159210576862427e-6
-1.184927325819667e-6
-9.65455171309345e-7
-7.588532387468302e-7
-5.657685638044255e-7
-3.863772586540011e-7
-2.2052537418140537e-7
-6.782269104771256e-8
2.004711315905888e-7
3.174564742120143e-7
4.239937847226768e-7
6.086608526286221e-7
6.881683117505873e-7
8.246071704526908e-7
9.344605726498224e-7
9.80574103363336e-7
1.0571959551525854e-6
1.1154284086705116e-6
1.1579188737414311e-6
1.1972930838200166e-6
1.2103058326468353e-6
1.2147764792465704e-6
1.2086074942965526e-6
1.190517005796137e-6
1.1637714662221615e-6
1.1311059321994527e-6
1.0948401667770872e-6
1.0568855361600963e-6
1.0061519869552987e-6
9.573909518714879e-7
9.119811700081905e-7
8.706676330745456e-7
8.253283335414379e-7
7.870549029225357e-7
7.552417118301958e-7
7.286928855587759e-7
7.017275849057001e-7
6.817163073374677e-7
6.551686740928682e-7
6.320713405080161e-7
6.030811313767045e-7
5.662994262424416e-7
5.314795294388115e-7
4.854953425700542e-7
4.4597589230494187e-7
4.0554187212497524e-7
3.6794717321064785e-7
3.39257711956695e-7
8.303837514586715e-6
2.14199977755278e-6
-1.6634731175340949e-7
-1.1286037572145247e-6
-1.5098286154588997e-6
-1.6150951803785844e-6
-1.5850406602849865e-6
-1.4901279663063853e-6
-1.3673196184262365e-6
-1.2363643354295948e-6
-1.107726387189237e-6
-9.86708560116886e-7
-8.757011994344934e-7
-7.754526319687977e-7
-6.858044559914468e-7
-6.061232603436622e-7
-5.355549975934574e-7
-4.731733847986356e-7
-4.180640088989709e-7
-3.6936916891082896e-7
-2.8818744268876333e-7
-2.543923369980751e-7
-2.2438813928563172e-7
-1.739502625442433e-7
-1.5276076981406665e-7
-1.1690874432945854e-7
-8.81567183404191e-8
-7.595370214075324e-8
-5.5121160227819675e-8
-3.8236429140468596e-8
-2.451792670649891e-8
-8.589316998498593e-9
-4.162301527280513e-10
6.203717080825235e-9
1.3800697870306076e-8
1.921736661589587e-8
2.2987947121790847e-8
2.5513629308892412e-8
2.7097940844448193e-8
2.7974126320051846e-8
2.8351977375080814e-8
2.8128339715045002e-8
2.755074245113215e-8
2.6793461468975973e-8
2.5764128480301257e-8
2.476120523343846e-8
2.385373419726635e-8
2.307463262526326e-8
2.2314828490939608e-8
2.1803171209805325e-8
2.119806299795979e-8
2.0711057749699224e-8
2.0107348905604833e-8
1.9302804105053405e-8
1.8462282441374635e-8
1.7198827587659546e-8
1.5971005175983138e-8
1.4590485643092902e-8
1.3180487826061286e-8
1.1984792091652629e-8
8.901440497026626e-6
2.8840001159901624e-6
7.803408588469676e-7
-4.297869281362375e-8
-3.563327122739878e-7
-4.4883709379782984e-7
-4.4427275062836834e-7
-3.994850950661778e-7
-3.413282696121073e-7
-2.8235801374638017e-7
-2.2808342076947128e-7
-1.8051364102565964e-7
-1.3995462821392769e-7
-1.0593429380595852e-7
-7.76775214755205e-8
-5.434374219888509e-8
-3.5138479497002144e-8
-1.9358671797625948e-8
-6.404269335388186e-9
4.226254749468239e-9
2.0097917323756247e-8
2.59566855833933e-8
3.075033883626648e-8
3.7850039960465476e-8
4.0431533795388516e-8
4.416905583469968e-8
4.648776079971085e-8
4.724957336171571e-8
4.8169764348254385e-8
4.84704541688903e-8
4.8316120607001226e-8
4.748389932537601e-8
4.665077174728443e-8
4.566793404730543e-8
4.401417105494869e-8
4.2249464053297185e-8
4.0460317788295896e-8
3.870843185619207e-8
3.703686466577138e-8
3.54737644099462e-8
3.3584191407788133e-8
3.1925296215149656e-8
3.048647537256081e-8
2.9244701710391262e-8
2.7924668118401263e-8
2.680293356324837e-8
2.5813004433434888e-8
2.4891504215932405e-8
2.3803154018196995e-8
2.287076892573661e-8
2.1498572527555455e-8
2.0265606743175972e-8
1.8795906931870167e-8
1.7148844040956488e-8
1.5809274230759198e-8
1.4310905810853056e-8
1.3224338591050373e-8
1.2264614842907047e-8
1.146078702263713e-8
1.0835288268975157e-8
8.970634532633985e-6
3.0607954991641968e-6
1.1211540205261771e-6
4.086316127452836e-7
1.5300310793303943e-7
8.10007916745978e-8
8.314133952432387e-8
1.1279795562372768e-7
1.4979879850844033e-7
1.8571295647186137e-7
2.1742821549239994e-7
2.442071401927266e-7
2.663050231513951e-7
2.843233750987332e-7
2.98919424558927e-7
3.10688686656253e-7
3.2012956231271953e-7
3.276441150516063e-7
3.3355224493778136e-7
3.381085064539414e-7
3.439435069353284e-7
3.4552341872641736e-7
3.463687046224748e-7
3.4621044146082736e-7
3.45347811990567e-7
3.423247524866177e-7
3.378402609183613e-7
3.351323808912019e-7
3.289252770408704e-7
3.218337685526369e-7
3.140526968745133e-7
3.0148713878876066e-7
2.927539279400942e-7
2.8390021577692274e-7
2.706406114191791e-7
2.576705431106569e-7
2.4521711259359193e-7
2.3345154498665688e-7
2.2249937265281206e-7
2.124407892337702e-7
2.004708442450978e-7
1.9010672123322792e-7
1.8121315907210404e-7
1.7360270087279767e-7
1.6557690024533577e-7
1.5881090090970932e-7
1.5288123035302077e-7
1.4738954281539789e-7
1.4092297755268846e-7
1.3538938114586614e-7
1.2724677447622853e-7
1.199265419846063e-7
1.1119078830049445e-7
1.0138611722647987e-7
9.340495502937381e-8
8.448013153514635e-8
7.801692467612943e-8
7.232207989078704e-8
6.757665809375788e-8
6.391428312001842e-8
2.8192449105198087e-8
-8.820743296548115e-7
-9.244745512532469e-7
-8.697401570926532e-7
-8.315223196905667e-7
-8.154060458617099e-7
-8.111134695356958e-7
-8.100435490379784e-7
-8.073659011810733e-7
-8.010503118445867e-7
-7.906833092576052e-7
-7.766337026400767e-7
-7.595664752845388e-7
-7.401965730151385e-7
-7.191833738981381e-7
-6.970978087478956e-7
-6.744216511259731e-7
-6.515575883090699e-7
-6.288403344083682e-7
-6.065454247282395e-7
-5.640640982034567e-7
-5.441804257929293e-7
-5.253317732974972e-7
-4.909064108831877e-7
-4.753357202292562e-7
-4.4731397876050613e-7
-4.2304639626571235e-7
-4.121353208996776e-7
-3.923611044514409e-7
-3.748048202308624e-7
-3.5891157134807687e-7
-3.37204843490638e-7
-3.236641457096217e-7
-3.106004593504169e-7
-2.9162600235164877e-7
-2.732672270428804e-7
-2.5558993495615583e-7
-2.3878523576290845e-7
-2.230720958913275e-7
-2.086272871273608e-7
-1.914942858111977e-7
-1.767638388943561e-7
-1.642012471487399e-7
-1.534493013946722e-7
-1.4197017758913775e-7
-1.3205464485018775e-7
-1.2321491091739118e-7
-1.1515407170430818e-7
-1.063193288338143e-7
-9.961482720057615e-8
-9.123876882633041e-8
-8.497841058703248e-8
-7.864529600808443e-8
-7.247012186643787e-8
-6.779505687090089e-8
-6.25433936341233e-8
-5.843853136905258e-8
-5.4343528406177016e-8
-5.0368036624639255e-8
-4.692959354275196e-8
1.3792829594926695e-6
-6.860472702070677e-7
-1.0203270041270934e-6
-9.607842013749035e-7
-8.34080957179907e-7
-7.229721703713729e-7
-6.420494112209496e-7
-5.874127857188598e-7
-5.517219734373761e-7
-5.284982393011535e-7
-5.129777451033568e-7
-5.01935021426607e-7
-4.932884862784284e-7
-4.857402601485325e-7
-4.785072470547583e-7
-4.711373829433591e-7
-4.6338969682421523e-7
-4.551576453952638e-7
-4.464201895646093e-7
-4.3721011605618463e-7
-4.1765276281311425e-7
-4.0748173482375827e-7
-3.9717350661384347e-7
-3.7649893629849867e-7
-3.6629059802793867e-7
-3.4645706503833506e-7
-3.277222633308707e-7
-3.1885369834864654e-7
-3.02219498432817e-7
-2.871212068011371e-7
-2.7356460749631414e-7
-2.559740218982274e-7
-2.459012223495638e-7
-2.369697215500473e-7
-2.2532649133044322e-7
-2.1525475422169294e-7
-2.062057699660542e-7
-1.977313674107727e-7
-1.8950691808523271e-7
-1.8133250903572398e-7
-1.703711660742229e-7
-1.5937740919078018e-7
-1.4855531667672536e-7
-1.381853424956841e-7
-1.2626511884987488e-7
-1.1583430054503237e-7
-1.0701037016400627e-7
-9.96815785292524e-8
-9.248734460399393e-8
-8.745302699814218e-8
-8.129761779210134e-8
-7.64750953322051e-8
-7.113324630193123e-8
-6.536282263142941e-8
-6.071045865730482e-8
-5.5437400894027014e-8
-5.1456248345475994e-8
-4.766933797084549e-8
-4.410814367309686e-8
-4.1014749055329625e-8
2.3570842123865445e-6
-1.1499408203735642e-6
-2.1118028291677467e-6
-2.260172890922328e-6
-2.123319752835663e-6
-1.8972778328653137e-6
-1.6600348191757608e-6
-1.4417958606775939e-6
-1.252248030008443e-6
-1.092245180469088e-6
-9.59086375720424e-7
-8.489352882043667e-7
-7.579007207337032e-7
-6.824774789360392e-7
-6.196840251055403e-7
-5.670625075294966e-7
-5.226227936582873e-7
-4.847698460381102e-7
-4.522323313348381e-7
-4.239995985285653e-7
-3.77402833114827e-7
-3.5789452505363835e-7
-3.403410047124827e-7
-3.098800342329342e-7
-2.9651280947791613e-7
-2.726807897955043e-7
-2.519703069570278e-7
-2.425820807633755e-7
-2.2545576327643451e-7
-2.1025738678661033e-7
-1.9674244511622113e-7
-1.7923364978245177e-7
-1.6919547594214636e-7
-1.603221667508739e-7
-1.489545002949494e-7
-1.3960375717890871e-7
-1.319314240361445e-7
-1.2561468735371594e-7
-1.2035087207642808e-7
-1.1586345737955259e-7
-1.1067054809775984e-7
-1.0595127752125952e-7
-1.0135838746276069e-7
-9.66761178949435e-8
-9.056513079034892e-8
-8.420917681876612e-8
-7.780264905533821e-8
-7.160869125325783e-8
-6.480869673178254e-8
-5.988053845290955e-8
-5.425812753544865e-8
-5.056315886066643e-8
-4.729081369492079e-8
-4.441536891945195e-8
-4.222808616356118e-8
-3.9445580290578735e-8
-3.685675242289516e-8
-3.388714537047297e-8
-3.076791838251177e-8
-2.8087433228359657e-8
3.992120314159524e-6
-1.139200733575014e-6
-3.0711640181477145e-6
-3.7965236208550756e-6
-3.9661020008361525e-6
-3.85487894291656e-6
-3.5992653095615585e-6
-3.273612859164322e-6
-2.9203331199628297e-6
-2.563866642990215e-6
-2.218047786129889e-6
-1.8903359846743185e-6
-1.5843622816860674e-6
-1.3014880363972398e-6
-1.0417572062105147e-6
-8.044712002372182e-7
-5.885306274928821e-7
-3.926359682568137e-7
-2.154050524242492e-7
-5.5442655155959486e-8
2.1808439237316045e-7
3.34196384598697e-7
4.3810752041208513e-7
6.135038323992355e-7
6.86857138448673e-7
8.089246954004327e-7
9.026977227315511e-7
9.404566372281038e-7
1.0002566033449461e-6
1.0420331104933757e-6
1.0688699854646383e-6
1.0868303879551083e-6
1.0871579603192091e-6
1.0803216770284159e-6
1.0599155712656486e-6
1.0309767791731618e-6
9.96774911997814e-7
9.598647176980074e-7
9.222225748963237e-7
8.853261627329906e-7
8.390293287814817e-7
7.973140565675781e-7
7.607587905532558e-7
7.293581726001435e-7
6.967479435280645e-7
6.702784119323159e-7
6.482432041866181e-7
6.287821325464906e-7
6.064240330300705e-7
5.870811408966824e-7
5.573485821698241e-7
5.289412429712029e-7
4.929412406706439e-7
4.501489667256063e-7
4.138090318038164e-7
3.7202887462142686e-7
3.414630796938762e-7
3.14981173861769e-7
2.9418311654717903e-7
2.796536697280195e-7
2.7373173505860653e-5
2.0539679723323608e-5
1.7453328199798593e-5
1.5749153677304983e-5
1.4679934295983423e-5
1.4021193203518148e-5
1.3653043008069663e-5
1.3481179257902586e-5
1.343261939447007e-5
1.3457219057665745e-5
1.3524344410651045e-5
1.361685341260412e-5
1.372527815548176e-5
1.3843627935077885e-5
1.3967017670353076e-5
1.4090720739680957e-5
1.4210086440219458e-5
1.4320837402349523e-5
1.4419419856293108e-5
1.4503235369202767e-5
1.4621153739805181e-5
1.4654661561969705e-5
1.4671784357145722e-5
1.4660270209585867e-5
1.4633411623534786e-5
1.4541246902423322e-5
1.4401463449597626e-5
1.4314822643037124e-5
1.4110281644168247e-5
1.3867767400114401e-5
1.3592809026516411e-5
1.3133612399339841e-5
1.2805702505136049e-5
1.2466993914800022e-5
1.194840779356102e-5
1.1427361298408948e-5
1.0913013434742334e-5
1.0413523132298002e-5
9.936401181965658e-6
9.487869754013686e-6
8.941145568821455e-6
8.455939341285004e-6
8.030452996437225e-6
7.660427223222146e-6
7.268313831083081e-6
6.943974436807605e-6
6.6732506521429125e-6
6.439551077628732e-6
6.1856437677045e-6
5.98172800046441e-6
5.691875707388659e-6
5.430365509112973e-6
5.104867977105007e-6
4.711440493795617e-6
4.364306156948576e-6
3.942833340049832e-6
3.610991314696455e-6
3.297465658349179e-6
3.028887486809984e-6
2.8378194831352354e-6
5.357566522782628e-5
4.55843399531089e-5
4.1985542559841434e-5
3.976198433173003e-5
3.801476003867945e-5
3.668940148297702e-5
3.574566282011122e-5
3.507853165940789e-5
3.457720904733768e-5
3.41632840741498e-5
3.379624366323852e-5
3.34625325121238e-5
3.3161632338666234e-5
3.28956241998513e-5
3.2663737605872935e-5
3.24609592358249e-5
3.227905337849965e-5
3.2108506877860904e-5
3.194039332441875e-5
3.176764787940095e-5
3.139203168598807e-5
3.118647398472809e-5
3.096978677900447e-5
3.050869651289651e-5
3.026684131142649e-5
2.9763464118904448e-5
2.9232330177491133e-5
2.8954827731838004e-5
2.8373136336665083e-5
2.7755096696330496e-5
2.71043262810923e-5
2.6084121134139462e-5
2.5388023593938518e-5
2.468828574296293e-5
2.3642757874748833e-5
2.2610409513358942e-5
2.159796099332718e-5
2.0614262034043087e-5
1.967108449205143e-5
1.8780254089832328e-5
1.7687740703888685e-5
1.670897130517645e-5
1.5838829684544714e-5
1.5069221978776854e-5
1.4239346614026577e-5
1.3546042599128667e-5
1.2970665443461757e-5
1.248488689477432e-5
1.1977892128067991e-5
1.1591318239566347e-5
1.1074409106007362e-5
1.0631649153704515e-5
1.0089591860773466e-5
9.420628384842758e-6
8.806003316299206e-6
8.021465279026577e-6
7.364735529776288e-6
6.698692589768907e-6
6.081912311572072e-6
5.617818932767185e-6
2.9360733099864546e-5
2.1464950884338676e-5
1.7949618615615012e-5
1.5967683998179837e-5
1.4653275205316621e-5
1.3778478451369294e-5
1.322447955539472e-5
1.2890518391631921e-5
1.2695764146695332e-5
1.2585081194542193e-5
1.2526334261421796e-5
1.2503172039264635e-5
1.2507706468984344e-5
1.2535234354255075e-5
1.2581363619564933e-5
1.2641023892028927e-5
1.2708603305370394e-5
1.2778551327928468e-5
1.284600412952832e-5
1.290720452324358e-5
1.3002014950774593e-5
1.3033894153579919e-5
1.3055511236953905e-5
1.3070206651207445e-5
1.3064427955787512e-5
1.3028330577275944e-5
1.2959779649354209e-5
1.2913084659367241e-5
1.279450998773993e-5
1.2643160454153649e-5
1.24618819372538e-5
1.2143905346098441e-5
1.190861342947884e-5
1.1659854746444733e-5
1.1268428084226302e-5
1.0861608699778399e-5
1.0445441967807852e-5
1.0026618029616714e-5
9.612812122860474e-6
9.211480115995648e-6
8.705419641170883e-6
8.238785604424195e-6
7.81327491635511e-6
7.4286699717429175e-6
7.005527485900832e-6
6.645885961830618e-6
6.344872385070827e-6
6.092314325934181e-6
5.83612161529142e-6
5.649627942386601e-6
5.414467678522566e-6
5.224293567114758e-6
4.9993216485356004e-6
4.722701916917774e-6
4.461989524999804e-6
4.1131013442065975e-6
3.8029246522641812e-6
3.468098556804702e-6
3.135387755758554e-6
2.8649077011979852e-6
1.2242193142969113e-5
4.606537993293853e-6
1.3925108861253904e-6
-2.0482784822075697e-7
-1.0460959012575345e-6
-1.4763183098294381e-6
-1.6639522610450698e-6
-1.7030187881142514e-6
-1.6502031527935054e-6
-1.5410215922579117e-6
-1.3981414134595562e-6
-1.236201600705719e-6
-1.0647785090509887e-6
-8.902395046299081e-7
-7.168919430011716e-7
-5.476841826546383e-7
-3.846296306956555e-7
-2.2906701064487848e-7
-8.182862828978465e-8
5.664083523804992e-8
3.068946061012629e-7
4.1897201932510513e-7
5.227478436327239e-7
7.069399486786439e-7
7.881666680922638e-7
9.308425809826078e-7
1.0495374518363594e-6
1.1007137776032135e-6
1.188233741136988e-6
1.2578691365119504e-6
1.3117798547122394e-6
1.3675528714796727e-6
1.390651667404087e-6
1.4043358185121658e-6
1.4101274639310803e-6
1.4015997855370723e-6
1.3819542380449242e-6
1.3539521285980712e-6
1.3200057208860412e-6
1.2821755023729808e-6
1.2285504250306116e-6
1.1739680503428061e-6
1.120508499306499e-6
1.0696345152875222e-6
1.011222096194908e-6
9.596353674282022e-7
9.151376750583106e-7
8.772283156559813e-7
8.391310681842497e-7
8.123356659023647e-7
7.803064319178131e-7
7.559582310404179e-7
7.286485946269874e-7
6.961717307196564e-7
6.653579657724234e-7
6.222365471303354e-7
5.81402708196504e-7
5.345586208335262e-7
4.847976071714357e-7
4.4095120435831385e-7
1.144318839027184e-5
3.90306337586332e-6
9.483359059818459e-7
-4.019437819187923e-7
-1.0436957898074514e-6
-1.332088212955834e-6
-1.4325639149375226e-6
-1.4304581222044433e-6
-1.37275705848556e-6
-1.2863875597202164e-6
-1.1871043961820281e-6
-1.0841636214614227e-6
-9.8293120156362e-7
-8.864048757500035e-7
-7.961305260869392e-7
-7.127660415771653e-7
-6.364331065285958e-7
-5.669383352416737e-7
-5.039125671373215e-7
-4.4689831673786564e-7
-3.4893775742844765e-7
-3.0702562421620947e-7
-2.6922365606100326e-7
-2.0434893018186807e-7
-1.76565889835107e-7
-1.287902456783501e-7
-8.973292832796825e-8
-7.29454497850464e-8
-4.3987293673914884e-8
-2.0236858449049516e-8
-7.564919585088708e-10
2.20620833773488e-8
3.38449380324485e-8
4.3411764738384107e-8
5.4372332342844585e-8
6.209281031530387e-8
6.730534168644165e-8
7.05859476805196e-8
7.239477268102428e-8
7.309962288697675e-8
7.281572916750384e-8
7.1598570002007e-8
6.98172375573062e-8
6.773462851982416e-8
6.498801013346457e-8
6.230386793594348e-8
5.981834601913832e-8
5.758737704242873e-8
5.5249711290416064e-8
5.355317514054442e-8
5.147441952177663e-8
4.9868865363476794e-8
4.807211413611299e-8
4.5980675104253224e-8
4.404687460796363e-8
4.139191055177317e-8
3.89007561888647e-8
3.604167337957364e-8
3.2968119235671594e-8
3.018416825553282e-8
1.1979462755298283e-5
4.479451513751467e-6
1.7136648008863889e-6
5.270089547584763e-7
-3.820901655571967e-9
-2.2978836369969915e-7
-3.0617962640630823e-7
-3.084415970829811e-7
-2.7529268620403497e-7
-2.2710525437343794e-7
-1.745876580751745e-7
-1.2320696681291442e-7
-7.55617627864904e-8
-3.269442305632914e-8
5.174469239234003e-9
3.8236644588830106e-8
6.687168141985973e-8
9.15274894954188e-8
1.1265928656591115e-7
1.3070023520983206e-7
1.5906290987896793e-7
1.7006158616930588e-7
1.7932375608258326e-7
1.9357287841207098e-7
1.9894443815851008e-7
2.06930549928667e-7
2.119754701727297e-7
2.136066755159779e-7
2.1540355911282016e-7
2.155767157185817e-7
2.1445087510023212e-7
2.1090100443290706e-7
2.0760792783017357e-7
2.037770325838936e-7
1.9731617905795432e-7
1.9030707668596163e-7
1.8301770143267582e-7
1.7566244287082533e-7
1.684194982511579e-7
1.6143219764594922e-7
1.5268801276269019e-7
1.4471987205710686e-7
1.3757367888014432e-7
1.3124158603141887e-7
1.2441769411998817e-7
1.1869920406116627e-7
1.139126229119732e-7
1.0983402371343746e-7
1.0554772875971556e-7
1.0225029710001749e-7
9.775555421379525e-8
9.381611969464454e-8
8.895136703379268e-8
8.299276098117955e-8
7.757072676947633e-8
7.06798649508193e-8
6.49480817085739e-8
5.9216888294516774e-8
5.397055211779372e-8
4.9975193820894326e-8
4.2238424200819804e-7
-3.5341579423842393e-7
-4.044000779441274e-7
-3.747633090120486e-7
-3.5290256811864384e-7
-3.442399588854945e-7
-3.4270645997662517e-7
-3.4322234591120126e-7
-3.4303625294925986e-7
-3.410571045731244e-7
-3.371027532419401e-7
-3.3139774994482047e-7
-3.2429718470440447e-7
-3.1615762610683707e-7
-3.072896200871904e-7
-2.9794927918894724e-7
-2.8834496911569186e-7
-2.7864720866398765e-7
-2.6899694452645117e-7
-2.595110160739477e-7
-2.413959669420265e-7
-2.3290113485863758e-7
-2.2484114082641894e-7
-2.1010766815144905e-7
-2.034406877569897e-7
-1.9144132930370213e-7
-1.8105020905667938e-7
-1.7637857861694126e-7
-1.679128386396882e-7
-1.6039811017459187e-7
-1.535982145041656e-7
-1.443202840748901e-7
-1.3854001016405443e-7
-1.329684117912533e-7
-1.248810166671705e-7
-1.1705530913428665e-7
-1.0951345552769992e-7
-1.023347110935725e-7
-9.561339171006685e-8
-8.942746940575739e-8
-8.20827451319578e-8
-7.576270352223729e-8
-7.03702323314071e-8
-6.57548328558683e-8
-6.083033372459796e-8
-5.6582162151842185e-8
-5.279977333698109e-8
-4.935252722900358e-8
-4.557256591017833e-8
-4.270102272587546e-8
-3.910981433468804e-8
-3.6424110255851534e-8
-3.3706971507797767e-8
-3.105801116891406e-8
-2.9053125805640726e-8
-2.6801940297240883e-8
-2.5042933251315976e-8
-2.3287930840176732e-8
-2.1583244550871924e-8
-2.0108150940781454e-8
1.848151508652142e-6
-6.577687068472568e-8
-3.876335643078202e-7
-3.8257628580962427e-7
-3.255356518889312e-7
-2.7761757441518724e-7
-2.468980823478198e-7
-2.2948024185246935e-7
-2.2035399665202627e-7
-2.158060409572443e-7
-2.1351508887077345e-7
-2.121533172980722e-7
-2.1100341511050304e-7
-2.0969438988956939e-7
-2.0804369103674712e-7
-2.0597096786929292e-7
-2.034536157864063e-7
-2.0050416183630168e-7
-1.9715794714568148e-7
-1.9346523068046985e-7
-1.8528075335244822e-7
-1.8091477391826318e-7
-1.7644655583191483e-7
-1.6741157595198203e-7
-1.6293148811753965e-7
-1.5421035317983419e-7
-1.4595628628408674e-7
-1.4204221468801387e-7
-1.3468463876735619e-7
-1.2798427090802894e-7
-1.2194927552640199e-7
-1.1409793372643074e-7
-1.0959766181369995e-7
-1.0560886259225067e-7
-1.004152538637005e-7
-9.592921372327698e-8
-9.190275682163473e-8
-8.813530468462906e-8
-8.448346389888603e-8
-8.085915646695867e-8
-7.600522675477805e-8
-7.113695447416013e-8
-6.633712001092133e-8
-6.172642729476537e-8
-5.641140572654328e-8
-5.174866243250894e-8
-4.779718940997592e-8
-4.4511482915893995e-8
-4.1285315724300686e-8
-3.9030882255878756e-8
-3.628344761851391e-8
-3.413837936674271e-8
-3.176498148784621e-8
-2.9197602654822974e-8
-2.712266263300133e-8
-2.4765542210670658e-8
-2.2982977275032916e-8
-2.1286814254152194e-8
-1.9693997242215073e-8
-1.8313192591725794e-8
3.627238474893607e-6
3.5621863469038243e-7
-5.013448474928598e-7
-6.726039054857331e-7
-6.342888125068817e-7
-5.423249532763594e-7
-4.4932310132974095e-7
-3.710855989009658e-7
-3.1006147876421295e-7
-2.642186319505314e-7
-2.304448075225253e-7
-2.0578319387759633e-7
-1.878010682991229e-7
-1.7462435929800773e-7
-1.6485916671655345e-7
-1.574894233380155e-7
-1.5178350111090088e-7
-1.4721894492852027e-7
-1.4342528330072247e-7
-1.4014185845848395e-7
-1.3443667031852872e-7
-1.3180671712800551e-7
-1.292428579577115e-7
-1.241928078681521e-7
-1.216779432015824e-7
-1.166527157513099e-7
-1.1165674493005072e-7
-1.0918465636933768e-7
-1.0432670378292362e-7
-9.962817978078046e-8
-9.51365698952354e-8
-8.886864183063261e-8
-8.504046453389906e-8
-8.15087219938733e-8
-7.67699503524794e-8
-7.267477457926506e-8
-6.916402931603094e-8
-6.615854313774036e-8
-6.356920364533839e-8
-6.130435280779256e-8
-5.863700963367338e-8
-5.620205674809948e-8
-5.3851204535579716e-8
-5.148574105085303e-8
-4.844069886059472e-8
-4.53049140819978e-8
-4.2152605760695696e-8
-3.908978380286863e-8
-3.568002910799048e-8
-3.3154164720112643e-8
-3.017860845581122e-8
-2.813637451511705e-8
-2.624157213442581e-8
-2.4511086899104514e-8
-2.3197931571518836e-8
-2.1602142557306925e-8
-2.019637380993812e-8
-1.8638698242724374e-8
-1.7025187629268746e-8
-1.5628246294528793e-8
5.227230496433016e-6
4.414247469385286e-7
-1.1876534499623132e-6
-1.7395750025879264e-6
-1.8535015725852753e-6
-1.780686987929617e-6
-1.6325743764700686e-6
-1.4613137331205294e-6
-1.2914240376445936e-6
-1.1338611179982789e-6
-9.927768162347893e-7
-8.689286217144658e-7
-7.6144748993811e-7
-6.687638113248696e-7
-5.890890387691475e-7
-5.206588463587496e-7
-4.618475177179949e-7
-4.1121313791044357e-7
-3.6750633039090657e-7
-3.2966064199480197e-7
-2.680907913471056e-7
-2.4297527319373986e-7
-2.2089814790071067e-7
-1.8416013724401568e-7
-1.688182531448361e-7
-1.4287555174724045e-7
-1.2195324674086653e-7
-1.1299423647458665e-7
-9.750765785957985e-8
-8.468198094097476e-8
-7.398076159407647e-8
-6.106095794897324e-8
-5.411491678824922e-8
-4.8246261509026866e-8
-4.109631025620732e-8
-3.5534477338338016e-8
-3.121466340368269e-8
-2.7871827784917478e-8
-2.530026140323517e-8
-2.333605485700001e-8
-2.1431189521895386e-8
-2.0102328441587325e-8
-1.9135743600075483e-8
-1.8366324721663288e-8
-1.7503334601978767e-8
-1.6612853741162704e-8
-1.561284984435415e-8
-1.4474791910545124e-8
-1.2954316303573671e-8
-1.162548988562157e-8
-9.825618668006398e-9
-8.470841128976915e-9
-7.21954882769125e-9
-6.271352670863945e-9
-5.829854902594574e-9
-5.6497566248812275e-9
-5.666300021541052e-9
-5.666336166370779e-9
-5.4810102009575455e-9
-5.069036908616476e-9
8.101429910875033e-6
1.7569110008881947e-6
-8.252138844990845e-7
-2.008704455396787e-6
-2.5385564856469525e-6
-2.7190375418518202e-6
-2.700736784949006e-6
-2.56810597081386e-6
-2.371696121600478e-6
-2.142517995521048e-6
-1.8996377951094692e-6
-1.6546860414176064e-6
-1.4146761420191127e-6
-1.183778092117362e-6
-9.644152642153492e-7
-7.579250193923416e-7
-5.649479321327799e-7
-3.85656658935596e-7
-2.1989565882350465e-7
-6.727425964564607e-8
2.0088453101419885e-7
3.1781474290314105e-7
4.2430406976212753e-7
6.088933064821068e-7
6.883694154130843e-7
8.247575299687622e-7
9.345727871544096e-7
9.806709618255801e-7
1.0572679729725278e-6
1.1154817854009384e-6
1.157958263048555e-6
1.1973177130905173e-6
1.21032355133632e-6
1.2147889397105541e-6
1.2086143065061841e-6
1.190520076287226e-6
1.1637721200134651e-6
1.1311050873340285e-6
1.0948384333419072e-6
1.056883294964307e-6
1.0061494049878425e-6
9.57388248788681e-7
9.119784935540844e-7
8.706650909905923e-7
8.253260338715075e-7
7.870528355092387e-7
7.552398211565643e-7
7.286911346403512e-7
7.017260006001e-7
6.817148670419373e-7
6.551674026528454e-7
6.320701656050296e-7
6.030800501986152e-7
5.662984816251702e-7
5.314787143075311e-7
4.854946486444133e-7
4.4597527579536673e-7
4.0554136439283476e-7
3.6794679130921913e-7
3.3925738296579476e-7
2.932848897205555e-5
2.1443081977162408e-5
1.7934355854224632e-5
1.5956864333722566e-5
1.4645530740607212e-5
1.377289735328951e-5
1.3220437169166099e-5
1.2887579943615013e-5
1.2693623568626155e-5
1.2583520883584518e-5
1.2525198042345653e-5
1.2502346811363925e-5
1.250710966397722e-5
1.2534805300134093e-5
1.258105753120653e-5
1.2640807631468072e-5
1.2708452342178087e-5
1.2778447524328066e-5
1.2845934103713616e-5
1.2907158428056634e-5
1.3001996966187977e-5
1.3033883704889195e-5
1.3055505497173714e-5
1.307020472448015e-5
1.3064426126974726e-5
1.3028326958982791e-5
1.2959772957687052e-5
1.2913076293728035e-5
1.2794498414990991e-5
1.2643146157067972e-5
1.2461865532938776e-5
1.2143886858117777e-5
1.1908594117392385e-5
1.1659834941412254e-5
1.1268408017467451e-5
1.0861588852602562e-5
1.0445422763663674e-5
1.0026599803490296e-5
9.61279507291275e-6
9.21146429474925e-6
8.705405368276947e-6
8.238772718462772e-6
7.813263307660253e-6
7.42865958193954e-6
7.0055185043244495e-6
6.645878147613882e-6
6.3448654516708325e-6
6.092308070077802e-6
5.836116064897336e-6
5.649622933303965e-6
5.414463279209246e-6
5.224289518767504e-6
4.9993179240391e-6
4.72269862302268e-6
4.461986632765103e-6
4.113098840408967e-6
3.802922410251624e-6
3.4680966866820203e-6
3.1353863289030862e-6
2.8649064935239077e-6
5.0972396966175276e-5
4.2045409777206126e-5
3.803972348746798e-5
3.5622076486521664e-5
3.3809399564895725e-5
3.245363695034897e-5
3.1473673673159854e-5
3.076042044658095e-5
3.021164519070086e-5
2.9756887065097173e-5
2.9359062411481813e-5
2.9004261947332073e-5
2.8689860990031362e-5
2.8415787130871796e-5
2.817997311692897e-5
2.797715659349017e-5
2.7799655697752133e-5
2.763890324304701e-5
2.7486922197012718e-5
2.733733036049695e-5
2.702984289409358e-5
2.686872431720995e-5
2.6702622205288756e-5
2.6358331120017836e-5
2.6181404839773503e-5
2.581854883075067e-5
2.5440218214205708e-5
2.52432351352029e-5
2.4829906351344815e-5
2.4388341118640453e-5
2.3919470736142147e-5
2.3175143384450716e-5
2.266027115263592e-5
2.2136494313719402e-5
2.1341133085453957e-5
2.05392593720212e-5
1.9735480101378388e-5
1.893693613456156e-5
1.8153761509377207e-5
1.7396649786975973e-5
1.644166910501792e-5
1.5557312729065087e-5
1.4744976398762728e-5
1.4004015432200646e-5
1.3179591393034354e-5
1.2469761628040397e-5
1.1868492655837224e-5
1.136005590332536e-5
1.0845241857792522e-5
1.04766244923475e-5
1.0028257167583674e-5
9.68426620483845e-6
9.297529138576968e-6
8.839287445264566e-6
8.412014619599614e-6
7.83257315031032e-6
7.299454769961669e-6
6.696753371916406e-6
6.064266656227334e-6
5.5181403184986115e-6
3.19636777344158e-5
2.2888950865473106e-5
1.8865584563893723e-5
1.658974291103337e-5
1.5075861248748617e-5
1.4042502541457899e-5
1.3348201606175737e-5
1.2884670184131592e-5
1.2569700825829457e-5
1.2348473878591176e-5
1.2189109046939504e-5
1.2075046273580844e-5
1.1997847527110859e-5
1.195214701423859e-5
1.1932945070455098e-5
1.193469054148287e-5
1.1951414643592347e-5
1.197729133574292e-5
1.2007210882553062e-5
1.2037157590686872e-5
1.2087073434617207e-5
1.2104597224786169e-5
1.2116732155050036e-5
1.2125499284579269e-5
1.2122526993954462e-5
1.2101934157673582e-5
1.2060235461067783e-5
1.2030621224633064e-5
1.1952436738934946e-5
1.1848392450404206e-5
1.1719667919730438e-5
1.1486778231016374e-5
1.1310167210692632e-5
1.1120135300205788e-5
1.081467816224127e-5
1.0489053658246133e-5
1.014749201405322e-5
9.795302450068254e-6
9.439055047933258e-6
9.085420370112731e-6
8.627108248140502e-6
8.190784457779272e-6
7.780144372862776e-6
7.397660388336873e-6
6.963405978308883e-6
6.581919773319615e-6
6.252992650621704e-6
5.971239449363464e-6
5.684921678480516e-6
5.48197505811037e-6
5.241825456712923e-6
5.065704115320695e-6
4.877554035558947e-6
4.6648125422686185e-6
4.4709400698133314e-6
4.2070672807397e-6
3.9574110112673505e-6
3.662973646955774e-6
3.3374208337246482e-6
3.03913618288294e-6
1.6306199222152243e-5
7.2766379026580595e-6
3.4539500678978284e-6
1.4861631966286375e-6
3.6689398424370114e-7
-2.836218706308683e-7
-6.484285835388004e-7
-8.32822555088247e-7
-9.023668572641337e-7
-8.985397358568424e-7
-8.474099937226841e-7
-7.65342528890788e-7
-6.628450662906858e-7
-5.470329779509953e-7
-4.230802332375592e-7
-2.9498651312988056e-7
-1.6593346363033393e-7
-3.8430149921322956e-8
8.562376298119694e-8
2.048870825249101e-7
4.2604524422393697e-7
5.273521317876547e-7
6.224957945259564e-7
7.950900106641153e-7
8.730234086230074e-7
1.0132677954209045e-6
1.1338218354762874e-6
1.1870692636990339e-6
1.2802018046939167e-6
1.3566145290617654e-6
1.417882445341352e-6
1.4852726832946966e-6
1.5163904241569385e-6
1.5382064092458445e-6
1.555994389894223e-6
1.5584668544836237e-6
1.5480736356926674e-6
1.5272135365446214e-6
1.4983544664590657e-6
1.463837840557797e-6
1.4123282648767456e-6
1.3574697557098257e-6
1.3013595975218443e-6
1.2455973533285516e-6
1.17865588375626e-6
1.1170620430004308e-6
1.0621197139887795e-6
1.0138634198495746e-6
9.639512669836757e-7
9.28381730923367e-7
8.868650158036323e-7
8.575403340042586e-7
8.277956847142155e-7
7.9594309065208e-7
7.679701539008814e-7
7.304775834583641e-7
6.944281427366426e-7
6.500025907028459e-7
5.979858604289164e-7
5.47497134813553e-7
1.4964681536041954e-5
5.897203890742414e-6
2.2587566485117813e-6
5.127721795844532e-7
-3.919788869341137e-7
-8.663561119679733e-7
-1.1017876099026115e-6
-1.1986530172182137e-6
-1.213763762819206e-6
-1.1807952081974342e-6
-1.1202455064178197e-6
-1.0447786463981908e-6
-9.622840584478181e-7
-8.776962542466537e-7
-7.940971591286002e-7
-7.133893052497539e-7
-6.36709582041627e-7
-5.6468677202209e-7
-4.976059351210056e-7
-4.3551754174281004e-7
-3.257821495475869e-7
-2.7764995445772707e-7
-2.3361184343229798e-7
-1.565691586191584e-7
-1.229670179344946e-7
-6.426077034040761e-8
-1.5370113298058544e-8
5.882658521938388e-9
4.282913033304864e-8
7.331511523078019e-8
9.834345539418399e-8
1.27512695586467e-7
1.424083266393037e-7
1.5433073347063318e-7
1.6760401370593596e-7
1.7637434536863355e-7
1.81565008080318e-7
1.8394970449315236e-7
1.8419994949436945e-7
1.8288266206848418e-7
1.794454155928584e-7
1.7475425803808698e-7
1.6930025332851636e-7
1.6344867307634615e-7
1.5605043052781333e-7
1.4901279966018304e-7
1.4261271318084879e-7
1.3690629338050605e-7
1.3088691950290522e-7
1.2648044445559258e-7
1.2113462329677712e-7
1.171548909435204e-7
1.1288285366191116e-7
1.0805965120541749e-7
1.0370613533854687e-7
9.789169789964931e-8
9.24921471278618e-8
8.616690682758805e-8
7.914774603195683e-8
7.265807822495134e-8
5.747427328154973e-7
-5.398729165231336e-8
-9.379207800716295e-8
-6.912061342253341e-8
-4.941525202666462e-8
-3.957257293719351e-8
-3.574205233602353e-8
-3.460081065677635e-8
-3.431306184344153e-8
-3.4080630207889255e-8
-3.365439666592272e-8
-3.30212096406203e-8
-3.2240671529841775e-8
-3.137484945839788e-8
-3.046670989940999e-8
-2.9540011609183514e-8
-2.860604040025512e-8
-2.76704629749586e-8
-2.6737952477149133e-8
-2.5814370496304782e-8
-2.402451962663761e-8
-2.3174677291321852e-8
-2.2364603289504014e-8
-2.08823909153197e-8
-2.0214253211188564e-8
-1.9019673000185248e-8
-1.7993346601246898e-8
-1.753325532246919e-8
-1.669860973300485e-8
-1.5953958101241664e-8
-1.5276128093381496e-8
-1.434830191369146e-8
-1.3771601770770881e-8
-1.3218152548129274e-8
-1.2418530859824105e-8
-1.164593209847057e-8
-1.0899327350982341e-8
-1.0185830349911353e-8
-9.516073156577237e-9
-8.899537968159539e-9
-8.168816040889996e-9
-7.541191632997023e-9
-7.005322912872378e-9
-6.5454207653610155e-9
-6.053647763176574e-9
-5.630012783725364e-9
-5.2541972979739736e-9
-4.912262555611297e-9
-4.536709728707435e-9
-4.250736979063493e-9
-3.892997802616718e-9
-3.625829365257201e-9
-3.355530771858864e-9
-3.0914577770443183e-9
-2.8914851614436116e-9
-2.6675480443046317e-9
-2.4929142913462978e-9
-2.3184480833641722e-9
-2.148713822770643e-9
-2.0017951624450853e-9
1.9639957613951243e-6
1.796051613077442e-7
-1.1262302179581282e-7
-1.21715210848767e-7
-8.710417410573493e-8
-5.8072519769789434e-8
-4.0385781974863396e-8
-3.0961003758336785e-8
-2.629141730568088e-8
-2.4033237246322647e-8
-2.2894948081009762e-8
-2.2249121891490807e-8
-2.1819963619227044e-8
-2.1492932522534973e-8
-2.121683937423582e-8
-2.0961499636264063e-8
-2.0703684796291018e-8
-2.042491175589926e-8
-2.011256649555453e-8
-1.97607635060485e-8
-1.8945565439134375e-8
-1.8495970451483102e-8
-1.8030731018714503e-8
-1.7088691389927143e-8
-1.662570555106688e-8
-1.5736526445256257e-8
-1.49067257940032e-8
-1.4514756073867688e-8
-1.3775466531685991e-8
-1.3094978948169151e-8
-1.2474505045468917e-8
-1.1660253395012997e-8
-1.1194211414481567e-8
-1.0784317373853381e-8
-1.0256495978894374e-8
-9.80350126987899e-9
-9.394978734140704e-9
-9.009264222253309e-9
-8.633748307510731e-9
-8.262134095392e-9
-7.768175039795972e-9
-7.275293519113575e-9
-6.78831789265503e-9
-6.317706821787284e-9
-5.772427564801484e-9
-5.293926471312273e-9
-4.889606339637603e-9
-4.553724198551515e-9
-4.222860119452642e-9
-3.991003723813124e-9
-3.7094260047770392e-9
-3.4910509415357897e-9
-3.249652441145209e-9
-2.987272736219882e-9
-2.7746721589310196e-9
-2.5335637580754653e-9
-2.3512712104314497e-9
-2.177276741473317e-9
-2.013880382954836e-9
-1.8728099448786046e-9
3.817885318395122e-6
7.255906877506971e-7
-4.364064738480773e-8
-2.0846274111924923e-7
-2.0506193232691676e-7
-1.627217730204552e-7
-1.1997445831384416e-7
-8.634441185081745e-8
-6.227422975878102e-8
-4.582905995107485e-8
-3.487759607016478e-8
-2.7691757862308637e-8
-2.301573307182787e-8
-1.9983034543969008e-8
-1.801197421321034e-8
-1.6718166816292548e-8
-1.5850344996732938e-8
-1.5245927770852934e-8
-1.4801034409696073e-8
-1.445040905109073e-8
-1.3887796220972066e-8
-1.3638051052155341e-8
-1.339700544122164e-8
-1.292601340911974e-8
-1.2692386096069323e-8
-1.2224266070269912e-8
-1.1751968566277461e-8
-1.1513970195386375e-8
-1.1035984815848879e-8
-1.0560477032307605e-8
-1.0095731045435344e-8
-9.437416738098522e-9
-9.033847898743911e-9
-8.66245116684087e-9
-8.166051100918528e-9
-7.737098579113972e-9
-7.366876966514411e-9
-7.04688009805545e-9
-6.7694161155700624e-9
-6.5268016629119196e-9
-6.243086321815517e-9
-5.986099499805715e-9
-5.7381320640319145e-9
-5.487591027036646e-9
-5.164171759549347e-9
-4.831618256483567e-9
-4.498070714429573e-9
-4.17367372691582e-9
-3.8108513269085e-9
-3.540772425468768e-9
-3.2219263951382e-9
-3.0031736330696163e-9
-2.80018629288887e-9
-2.6145894466562994e-9
-2.474155387220406e-9
-2.304656969797298e-9
-2.15574493247722e-9
-1.9902365026157375e-9
-1.8181963569215213e-9
-1.668958874803327e-9
6.080833677073337e-6
1.5108762612483714e-6
6.116348058814467e-8
-4.129541183040593e-7
-5.295171742790171e-7
-5.112036921063419e-7
-4.468721223077751e-7
-3.7307169366332166e-7
-3.042643579670036e-7
-2.452913346673714e-7
-1.968529438801831e-7
-1.579936852706333e-7
-1.2723093240115777e-7
-1.0304999310797023e-7
-8.410051858432425e-8
-6.925432740593902e-8
-5.7602149072165744e-8
-4.8426633989242625e-8
-4.116913047440659e-8
-3.539790467481199e-8
-2.7062188203914296e-8
-2.4046228162483014e-8
-2.1581827523325577e-8
-1.786800382962677e-8
-1.645824334700502e-8
-1.4255546454258667e-8
-1.2631958496033578e-8
-1.197295485517037e-8
-1.0874112280892336e-8
-9.989125486759459e-9
-9.253536202022163e-9
-8.343791762796243e-9
-7.83136191086598e-9
-7.377181780709945e-9
-6.786050341095107e-9
-6.28563404624854e-9
-5.861502453962823e-9
-5.5020170010958694e-9
-5.197288828143665e-9
-4.938850501113174e-9
-4.653731302801799e-9
-4.422702814380508e-9
-4.232037556197451e-9
-4.069318420416977e-9
-3.889028794109739e-9
-3.719367818395147e-9
-3.5493879509037648e-9
-3.3732390520396387e-9
-3.152044803161147e-9
-2.962530701874415e-9
-2.699520108722194e-9
-2.486936263852785e-9
-2.2651930365994096e-9
-2.05494494709326e-9
-1.9099703963143093e-9
-1.769603141146704e-9
-1.67512521375163e-9
-1.5852116773362588e-9
-1.489110772859739e-9
-1.389162136946307e-9
8.205907051981214e-6
2.098226755231238e-6
-1.8413442305189506e-7
-1.1336796794633346e-6
-1.5088227592332677e-6
-1.6114120388490755e-6
-1.5804270376318898e-6
-1.4854543034633788e-6
-1.3629899074504596e-6
-1.232536954972891e-6
-1.1044342059835614e-6
-9.839240368083449e-7
-8.733711455415627e-7
-7.735162528529031e-7
-6.842022578428785e-7
-6.048010521201537e-7
-5.344653273625935e-7
-4.7227568744816615e-7
-4.1732414932681003e-7
-3.6875873847303206e-7
-2.877697286939142e-7
-2.540456496346366e-7
-2.2409968925063547e-7
-1.737490670512557e-7
-1.5259212412232698e-7
-1.1678946139429135e-7
-8.80716612248138e-8
-7.588166493802606e-8
-5.5069166246762404e-8
-3.819855365925489e-8
-2.4490051247349803e-8
-8.571379342465452e-9
-4.0272673733105225e-10
6.2139252929099045e-9
1.3807414174125061e-8
1.922177285615077e-8
2.2990844630018458e-8
2.5515561828929065e-8
2.709925546249806e-8
2.7975025985720383e-8
2.8352492040486027e-8
2.812858687464725e-8
2.7550821355024194e-8
2.679345776149947e-8
2.5764092839927527e-8
2.476115473941378e-8
2.385365874849854e-8
2.3074534468976338e-8
2.2314728333187624e-8
2.1803085871793035e-8
2.1197992934343843e-8
2.0710984946662595e-8
2.010727127943198e-8
1.9302737670252694e-8
1.8462230270984025e-8
1.7198779984093046e-8
1.5970956419817028e-8
1.4590445644620673e-8
1.3180461102307519e-8
1.1984766682220197e-8
1.2177965158966031e-5
4.5682977116747446e-6
1.3693515592418051e-6
-2.187837517133704e-7
-1.0543004118562058e-6
-1.480895350773699e-6
-1.6662418121796206e-6
-1.70387801926827e-6
-1.6501844030418601e-6
-1.540481754385568e-6
-1.397310785306284e-6
-1.2352278995274795e-6
-1.063755320036379e-6
-8.892248300673988e-7
-7.159203892859624e-7
-5.467750225359521e-7
-3.8379216875172777e-7
-2.283041700336828e-7
-8.113935336389592e-8
5.7259971973896525e-8
3.073882646687866e-7
4.1941109631015146e-7
5.231377059575955e-7
7.072462591018095e-7
7.884378683283102e-7
9.310548764900065e-7
1.0497034492345366e-6
1.1008605299563123e-6
1.188348422445674e-6
1.257958763320262e-6
1.3118499108459272e-6
1.36760124947401e-6
1.3906893878075119e-6
1.404365127433566e-6
1.4101473212948791e-6
1.4016129769202116e-6
1.3819627527041498e-6
1.3539573897034384e-6
1.3200087303879127e-6
1.282176950121539e-6
1.2285504965355605e-6
1.1739672751948374e-6
1.1205072391326147e-6
1.0696330245287925e-6
1.0112205345204741e-6
9.596338366771402e-7
9.1513619508883e-7
8.772268949283129e-7
8.391297477207289e-7
8.12334446323375e-7
7.803053309313926e-7
7.559571887404095e-7
7.286476031442984e-7
6.96170826472744e-7
6.653571510156082e-7
6.222358127078418e-7
5.814020271542537e-7
5.345580354568428e-7
4.847971484920107e-7
4.4095081060860944e-7
3.1934796544490926e-5
2.2868747755329717e-5
1.8851044299824388e-5
1.6579108672655332e-5
1.5068002621811985e-5
1.4036650025514825e-5
1.334381608689631e-5
1.2881367667629607e-5
1.256720450700901e-5
1.2346582063736944e-5
1.2187673224914383e-5
1.2073955992165602e-5
1.1997019902534196e-5
1.1951519397912774e-5
1.1932469860969355e-5
1.1934331454174857e-5
1.1951143977366025e-5
1.1977087933241901e-5
1.200705858444305e-5
1.2037044052644597e-5
1.2087011310528941e-5
1.2104551640215276e-5
1.2116698832063663e-5
1.2125481319503161e-5
1.2122513456141488e-5
1.2101925290431735e-5
1.2060227763270283e-5
1.2030613356894285e-5
1.1952427762240468e-5
1.1848381958028158e-5
1.1719655925621666e-5
1.1486764346878992e-5
1.1310152338426059e-5
1.1120119634550181e-5
1.0814661649943251e-5
1.048903673176021e-5
1.0147475125397474e-5
9.795286000245954e-6
9.439039311690966e-6
9.08540547330381e-6
8.627094483122354e-6
8.190771769992684e-6
7.780132751585842e-6
7.39764986124901e-6
6.9633967922891325e-6
6.581911744739849e-6
6.25298552122894e-6
5.9712330341919155e-6
5.684916030824693e-6
5.481970006130247e-6
5.24182106620177e-6
5.0657000858780604e-6
4.877550313945467e-6
4.6648092185178564e-6
4.470937106923804e-6
4.207064631263276e-6
3.957408557027838e-6
3.6629715250247125e-6
3.3374191517201497e-6
3.0391347273488765e-6
4.992633924968335e-5
3.980453027872393e-5
3.538479236963572e-5
3.277743950772804e-5
3.085363657013059e-5
2.942878750739791e-5
2.8404839510859848e-5
2.7660502287943202e-5
2.7085576354349513e-5
2.660585468615146e-5
2.6183626818234205e-5
2.580600202457562e-5
2.5471807825242813e-5
2.518213770082949e-5
2.4935534371970238e-5
2.472682029819335e-5
2.454804811966317e-5
2.439023694925746e-5
2.4245009700641033e-5
2.410569334917712e-5
2.3828843303461394e-5
2.3688111411535092e-5
2.3545870252338425e-5
2.3259900098117892e-5
2.31173689731184e-5
2.283307375187037e-5
2.254474733704511e-5
2.239636276051079e-5
2.208604567819024e-5
2.1753655323969873e-5
2.1398575198347036e-5
2.0830907718316997e-5
2.0436142657091268e-5
2.003293948644689e-5
1.9416451792823888e-5
1.8787167293337788e-5
1.814590429819111e-5
1.7497069420961288e-5
1.6849118978559773e-5
1.621184483979954e-5
1.539203686032092e-5
1.4614731821642471e-5
1.3882419380524837e-5
1.319683957606569e-5
1.2412263215617878e-5
1.1716759925030449e-5
1.1111723328729779e-5
1.0588484287735739e-5
1.005129403028046e-5
9.66831310054735e-6
9.217868423982678e-6
8.895173360216358e-6
8.562603095402191e-6
8.202405763366163e-6
7.886492606750886e-6
7.468928635374796e-6
7.0759053842106735e-6
6.6015040108295165e-6
6.056900872928638e-6
5.538013099539039e-6
3.445913959157697e-5
2.399262013576781e-5
1.9499091822640045e-5
1.6976460185713542e-5
1.5255344830324258e-5
1.4057946129588591e-5
1.324554655179307e-5
1.269541501976391e-5
1.2307939643805826e-5
1.2016943354727306e-5
1.1786637591083839e-5
1.1601630554505594e-5
1.1456691770197339e-5
1.134947347807705e-5
1.1276714014811523e-5
1.123314361884093e-5
1.121197124312777e-5
1.1205984551580424e-5
1.1208620803074925e-5
1.1214686489123e-5
1.1224526225231367e-5
1.1225613537262184e-5
1.122399784493132e-5
1.1214604040433025e-5
1.1207657732013986e-5
1.1189289736679465e-5
1.1161661111746296e-5
1.114257068340861e-5
1.109043379113129e-5
1.1017084638739073e-5
1.0922317462353173e-5
1.074572290416128e-5
1.0610247992569834e-5
1.0463996726097013e-5
1.0227532087576917e-5
9.971530930120365e-6
9.696522343187851e-6
9.405484698895304e-6
9.104287339266548e-6
8.799847297841958e-6
8.398481174572126e-6
8.008680525514027e-6
7.63283464217597e-6
7.272919689154754e-6
6.851628822417822e-6
6.4705805584669594e-6
6.133849914264096e-6
5.838614502884641e-6
5.5313520095033095e-6
5.3102307847099105e-6
5.0504555315519994e-6
4.867614867428626e-6
4.685177797413441e-6
4.49594619003035e-6
4.3369191229743755e-6
4.134532443657438e-6
3.946500873926314e-6
3.7147447891494813e-6
3.4387106643853207e-6
3.165526624581651e-6
2.0450069454865933e-5
9.882635400694856e-6
5.429090295165003e-6
3.1019264823648802e-6
1.7217375709834517e-6
8.708451992305844e-7
3.504290314852029e-7
4.1843615479424235e-8
-1.3132279919368986e-7
-2.1763603349566234e-7
-2.467808632487729e-7
-2.3644181924809227e-7
-1.9738152170532076e-7
-1.3678038219087516e-7
-6.013081083272335e-8
2.7889708855506933e-8
1.2315296919635694e-7
2.220989815230849e-7
3.2182911718609265e-7
4.201623556394456e-7
6.073136890631445e-7
6.948525713998035e-7
7.781494887613411e-7
9.324763551243797e-7
1.0038277616575915e-6
1.1354115114385326e-6
1.2521682267608658e-6
1.3048621768860037e-6
1.3986909516188096e-6
1.4773206582808306e-6
1.5416969499920177e-6
1.61498050760877e-6
1.650820796366685e-6
1.6779363159186748e-6
1.7043318510926363e-6
1.7153251293044301e-6
1.7124522481566468e-6
1.6976569753546573e-6
1.6734518397846977e-6
1.6424670459851418e-6
1.5942875957977328e-6
1.541112259867278e-6
1.4846095422959705e-6
1.4261643900410332e-6
1.353172101171745e-6
1.2837658102780002e-6
1.2202807322501396e-6
1.1630652673781522e-6
1.1019006901042036e-6
1.056938515828245e-6
1.0036212457629735e-6
9.664088678832166e-7
9.301940374268225e-7
8.940069013825543e-7
8.648685349291854e-7
8.295010181228866e-7
7.974622179787572e-7
7.573620137727176e-7
7.080399502554451e-7
6.576208105778794e-7
6.696745494877647e-7
2.0378949004201734e-7
1.897431561612241e-7
2.2215728594795107e-7
2.484032179940047e-7
2.6471633696038417e-7
2.738737711567925e-7
2.783596294978409e-7
2.7968141587627096e-7
2.786798553307857e-7
2.7585040444457907e-7
2.7153745085230564e-7
2.6602718894118884e-7
2.595818759149044e-7
2.524462459284907e-7
2.448438130300965e-7
2.3697173719105928e-7
2.2899763248679856e-7
2.2105898987848421e-7
2.1326473175022926e-7
1.9842008514758243e-7
1.914730185853265e-7
1.8488374560290824e-7
1.7282527521394793e-7
1.673558473213483e-7
1.574839902652417e-7
1.489096340565763e-7
1.4505113428200056e-7
1.380630081997126e-7
1.3187422056576685e-7
1.2629084783727172e-7
1.1869345445456163e-7
1.1396450744633095e-7
1.0940443413359931e-7
1.0277939286443418e-7
9.636423513862889e-8
9.018052239791459e-8
8.429284203324118e-8
7.877531029243627e-8
7.368908603325932e-8
6.763645007283255e-8
6.241779626121719e-8
5.7962853235003405e-8
5.415354680163358e-8
5.0095991824127033e-8
4.660009844363683e-8
4.348871250713213e-8
4.0653563543882725e-8
3.754544197690719e-8
3.518349780729623e-8
3.222559241359721e-8
3.0009749175819626e-8
2.7766813612580448e-8
2.558226221081766e-8
2.3930487506924036e-8
2.207564932185614e-8
2.0625947291660762e-8
1.9179905423331906e-8
1.7775103784144644e-8
1.6558443515453804e-8
2.0036492435298786e-6
3.3890967574706024e-7
8.326474900692456e-8
7.750700529477447e-8
1.0813830628664514e-7
1.3416005843943673e-7
1.5131849058156433e-7
1.6209410959066227e-7
1.69012568660082e-7
1.7361410789566656e-7
1.7667318727968623e-7
1.785455493832041e-7
1.794059724940947e-7
1.7937164851543505e-7
1.7855148058993747e-7
1.770573993921693e-7
1.7500069502802265e-7
1.7248535516616652e-7
1.6960333393919154e-7
1.6643285505862018e-7
1.594766520681327e-7
1.5579141297266748e-7
1.5202352972266903e-7
1.443798292715734e-7
1.4056647206185147e-7
1.3309271284237885e-7
1.25970144548481e-7
1.2258353857172678e-7
1.1621594591897008e-7
1.1042711443079233e-7
1.0522541748428814e-7
9.846606744557261e-8
9.458552128172811e-8
9.113641676223439e-8
8.663174630394423e-8
8.273929122072251e-8
7.925962290143733e-8
7.602241981104036e-8
7.289709242771511e-8
6.9798184056653e-8
6.564144108395924e-8
6.146300425743928e-8
5.7337939732245594e-8
5.337209021126988e-8
4.8792296070584274e-8
4.476048534503567e-8
4.133063690693925e-8
3.8473020065421466e-8
3.567053644199702e-8
3.371867489043508e-8
3.13474919475783e-8
2.9499743150679303e-8
2.7457597914779487e-8
2.5248751630079857e-8
2.3459540937000964e-8
2.141906621278233e-8
1.9872229350862217e-8
1.84016704232902e-8
1.702349413951474e-8
1.5829988387296454e-8
3.790280465633885e-6
8.446859173396112e-7
1.5346940658263474e-7
7.631601125494087e-9
3.3570815395646796e-9
2.955801828300052e-8
5.605012879575715e-8
7.642407666594378e-8
9.085310539163334e-8
1.0084135938634605e-7
1.0776500924240137e-7
1.1260076140383117e-7
1.159820509797641e-7
1.183091686973793e-7
1.198387144340114e-7
1.207420530061425e-7
1.2113972670797102e-7
1.2112067532882613e-7
1.2075291333347544e-7
1.2008977042352494e-7
1.1804025403924212e-7
1.1671808550779656e-7
1.152328042875999e-7
1.1186183118238267e-7
1.1001646043825863e-7
1.0609799938851367e-7
1.0198664153049044e-7
9.98960592304707e-8
9.570952791688439e-8
9.158729622764615e-8
8.759835593433755e-8
8.197335288243095e-8
7.851038817535922e-8
7.529919265067512e-8
7.096778925364434e-8
6.720607944524804e-8
6.397020256207659e-8
6.119423467016477e-8
5.879999505511185e-8
5.670512947459251e-8
5.423976725755599e-8
5.19945666202606e-8
4.983445501540888e-8
4.766767610865691e-8
4.4882759431699366e-8
4.2012617953083134e-8
3.912007083113929e-8
3.630044136690978e-8
3.314914335245744e-8
3.080502187207172e-8
2.8031079494320262e-8
2.61195070408101e-8
2.4343830498065102e-8
2.272797335629132e-8
2.151054474237593e-8
2.0040574571738995e-8
1.8748777396891372e-8
1.731461220875041e-8
1.5821455546827007e-8
1.4520934347025251e-8
6.115912760052191e-6
1.7147745986587041e-6
4.049780256528159e-7
-6.0617341447184654e-9
-1.1320213278936371e-7
-1.1533377496126445e-7
-8.510073237136587e-8
-4.937376563321152e-8
-1.7381962518740464e-8
8.513848606247046e-9
2.8496537183638402e-8
4.353922098508134e-8
5.471779002004316e-8
6.297032734818892e-8
6.9039888422093e-8
7.348701316372395e-8
7.67235721890184e-8
7.904834394625582e-8
8.06773750000027e-8
8.176756448830356e-8
8.276242885563696e-8
8.281759842709849e-8
8.264940749944686e-8
8.179075494353474e-8
8.115594911173702e-8
7.957698941988727e-8
7.76826211384483e-8
7.664556105768696e-8
7.443656988267622e-8
7.209812321952197e-8
6.968341544544789e-8
6.60191101490583e-8
6.360520737981843e-8
6.125160274257642e-8
5.7885638061908616e-8
5.4764743484085975e-8
5.191964564502915e-8
4.936216308574806e-8
4.709010380117284e-8
4.5090175363103644e-8
4.28070074978408e-8
4.089492023204403e-8
3.927022414580607e-8
3.7848659852790274e-8
3.6242207011235215e-8
3.4713641360782365e-8
3.317706510024542e-8
3.1583593591385704e-8
2.9581680301302067e-8
2.7865087479428784e-8
2.5478078231266233e-8
2.354049259513985e-8
2.1505006388994585e-8
1.955287211062044e-8
1.818683725235575e-8
1.683960027305616e-8
1.591664282536705e-8
1.5035494930179902e-8
1.4107201596576258e-8
1.3159422844796133e-8
8.801133922477918e-6
2.8508550043305816e-6
7.750225551422369e-7
-3.72835389086822e-8
-3.470447748791647e-7
-4.391965542196988e-7
-4.3558347201613855e-7
-3.9215252645909337e-7
-3.353577612011308e-7
-2.7759575741544733e-7
-2.2433032518188197e-7
-1.7757587419916248e-7
-1.3766301941427465e-7
-1.0414903357394176e-7
-7.628648372672265e-8
-5.325852122400984e-8
-3.429003964838374e-8
-1.869339456864437e-8
-5.880643199132707e-9
4.640296920091079e-9
2.0361263639950902e-8
2.616880938783713e-8
3.0922447807797743e-8
3.796589147108929e-8
4.052762134091964e-8
4.4236504562661655e-8
4.6536318612486966e-8
4.7291161572743514e-8
4.8200881890677797e-8
4.8494411297420035e-8
4.833511872546205e-8
4.749798902548624e-8
4.6662588970252835e-8
4.567795207129257e-8
4.402207938663065e-8
4.2255789533534116e-8
4.0465486248589626e-8
3.871277178708102e-8
3.704059307089771e-8
3.547700125384282e-8
3.358686611924232e-8
3.192749308173606e-8
3.0488299123242964e-8
2.9246259685194964e-8
2.792599569110426e-8
2.680407422153282e-8
2.581397178524551e-8
2.4892324214399173e-8
2.3803848810560248e-8
2.287139126780125e-8
2.1499105560282976e-8
2.026606303900245e-8
1.8796286264884263e-8
1.7149160684826345e-8
1.5809546774319968e-8
1.4311125919341637e-8
1.322452180699831e-8
1.226476760385644e-8
1.1460911206066856e-8
1.083539487660864e-8
1.1358653069087704e-5
3.860954910047595e-6
9.283006809158757e-7
-4.100996434785764e-7
-1.0454633737015671e-6
-1.3305331533387404e-6
-1.4294172208333631e-6
-1.4266911210223478e-6
-1.3689019917305139e-6
-1.2827220657315782e-6
-1.1837594213149678e-6
-1.0811869799409397e-6
-9.803250277690396e-7
-8.841475835204743e-7
-7.941895464403142e-7
-7.111050735423821e-7
-6.350161127143994e-7
-5.657316168411407e-7
-5.028857165037425e-7
-4.460245246357499e-7
-3.483035935823286e-7
-3.0648430363020746e-7
-2.687607990830117e-7
-2.0400855423299495e-7
-1.7627308559713104e-7
-1.2857213037582295e-7
-8.95689593441952e-8
-7.280277758833439e-8
-4.387847829680332e-8
-2.0153020088704213e-8
-6.912258155202385e-10
2.2107773304197158e-8
3.388139198627812e-8
4.3441103438745055e-8
5.439383518273275e-8
6.21088444101751e-8
6.731750898143e-8
7.059534610899424e-8
7.240215541556612e-8
7.310550715649272e-8
7.282015787421993e-8
7.160196516061842e-8
6.98198925243724e-8
6.773675122743624e-8
6.498966270451271e-8
6.230518585410527e-8
5.981941535345135e-8
5.758826034115302e-8
5.525043262572057e-8
5.3553795737535465e-8
5.147492941110896e-8
4.986929929756833e-8
4.807247693726415e-8
4.598097229284526e-8
4.4047122987029265e-8
4.1392108758283885e-8
3.890092124136021e-8
3.604180612097249e-8
3.296822043490517e-8
3.018425355448498e-8
1.6247532616005904e-5
7.239783531425447e-6
3.430301785636395e-6
1.4709374974679795e-6
3.571813320892113e-7
-2.8967922419604924e-7
-6.520493526896019e-7
-8.348193050915724e-7
-9.032869721008592e-7
-8.987544125361386e-7
-8.471719124187512e-7
-7.648238826597369e-7
-6.621629658096577e-7
-5.462666051033093e-7
-4.222825353306885e-7
-2.941922468136623e-7
-1.651647732851726e-7
-3.7700463329545856e-8
8.63069997917738e-8
2.0552047975134048e-7
4.2657864280153097e-7
5.278382052485927e-7
6.229373149045554e-7
7.95451799401724e-7
8.733501028538182e-7
1.0135333322628903e-6
1.1340370809598483e-6
1.1872629478788697e-6
1.2803585614861852e-6
1.356741414122393e-6
1.4179852193838417e-6
1.4853477183261529e-6
1.5164513044676746e-6
1.5382558026992517e-6
1.5560304384362051e-6
1.55849308970608e-6
1.5480926624272844e-6
1.527227278351067e-6
1.4983643289824366e-6
1.4638448377299471e-6
1.4123325414538513e-6
1.3574721834361302e-6
1.3013607918419549e-6
1.2455977581051997e-6
1.1786557141056897e-6
1.1170615554353051e-6
1.0621190350495562e-6
1.0138626315680915e-6
9.639504423315529e-7
9.283809293253295e-7
8.868642554498596e-7
8.575395812944836e-7
8.277949322767435e-7
7.959423750540997e-7
7.67969486623662e-7
7.304769439078567e-7
6.944275129755205e-7
6.500020183355027e-7
5.979853868153361e-7
5.474967080212336e-7
3.443432535376736e-5
2.3974700850572653e-5
1.9485815745665767e-5
1.6966485468606494e-5
1.5247782937762005e-5
1.4052173773354774e-5
1.3241114884491557e-5
1.2691996419086951e-5
1.2305292605587246e-5
1.201488812913657e-5
1.1785039026242807e-5
1.1600386000654514e-5
1.1455722551682394e-5
1.134871885241213e-5
1.1276126843217089e-5
1.1232687206586324e-5
1.1211616982872593e-5
1.1205710127896331e-5
1.1208408801305675e-5
1.1214523306664969e-5
1.1224431036101864e-5
1.1225541582843029e-5
1.1223943914058599e-5
1.1214574576274312e-5
1.1207636222681234e-5
1.1189278305954941e-5
1.1161654527466044e-5
1.1142565267647415e-5
1.1090429183738638e-5
1.101707966979803e-5
1.0922311608811343e-5
1.074571541456566e-5
1.0610239387327359e-5
1.046398704727132e-5
1.0227520970718305e-5
9.971518720591445e-6
9.696509496351787e-6
9.405471667012487e-6
9.104274463416607e-6
8.79983476744611e-6
8.3984692052153e-6
8.008669159311473e-6
7.632823969400547e-6
7.2729098364910936e-6
6.851620081367197e-6
6.470572826628299e-6
6.1338429812757215e-6
5.83860822301074e-6
5.531346475107142e-6
5.310225858093894e-6
5.05045129041341e-6
4.867610991483376e-6
4.685174220503528e-6
4.495943001911574e-6
4.336916279665331e-6
4.134529856857202e-6
3.9464984129985155e-6
3.714742603214635e-6
3.4387088802047624e-6
3.1655250198273786e-6
4.9949805680399104e-5
3.838632082288602e-5
3.3543155846035364e-5
3.074919874847306e-5
2.8666904486111544e-5
2.7127781677848924e-5
2.60425340154663e-5
2.527324145234951e-5
2.4687589827356952e-5
2.4196374286240022e-5
2.3756391246869437e-5
2.3355978772600284e-5
2.299807500180191e-5
2.2687858060193965e-5
2.2426445681311197e-5
2.2209418280000693e-5
2.2028163232065864e-5
2.1872270392616236e-5
2.1731796458856714e-5
2.159880797047525e-5
2.13369433223024e-5
2.1204938359642334e-5
2.1072858016360737e-5
2.0813906239736494e-5
2.068917009588372e-5
2.044989555607634e-5
2.0218032401216725e-5
2.0101283276224278e-5
1.9859006062798407e-5
1.9598878648682073e-5
1.931886578133352e-5
1.8868569761098e-5
1.8555526177866246e-5
1.823670775366344e-5
1.7750037429876935e-5
1.7250534475335737e-5
1.6734498430806054e-5
1.6203348297518116e-5
1.5664484775971567e-5
1.5127789706851338e-5
1.4429036277326416e-5
1.3756672109993434e-5
1.3110948727909847e-5
1.249242498757046e-5
1.1766094010576212e-5
1.1105886233589715e-5
1.0519010202486746e-5
1.0000607888899968e-5
9.455722928622508e-6
9.059697975748239e-6
8.591192020101359e-6
8.261594427068478e-6
7.93688577844915e-6
7.6094322303513626e-6
7.344215496386435e-6
7.020475477559236e-6
6.728862742331912e-6
6.371302216927004e-6
5.940526486320628e-6
5.505372314285465e-6
3.751942762770087e-5
2.5501690514009167e-5
2.0442846694209223e-5
1.7631165677725528e-5
1.5703123186178057e-5
1.4352501916463712e-5
1.3429641308868773e-5
1.2797298801201212e-5
1.234223703867814e-5
1.1989439987818121e-5
1.1699372056783734e-5
1.1456370414054911e-5
1.1256496332845338e-5
1.109884705184385e-5
1.0981032444503165e-5
1.0897905447185483e-5
1.0842201418467128e-5
1.0805917719813853e-5
1.0781654954981258e-5
1.0763528030782119e-5
1.0731539083969362e-5
1.0714780544354202e-5
1.0697480949241514e-5
1.0663827226835335e-5
1.0648513827049106e-5
1.0620851521545429e-5
1.0592813384597309e-5
1.0576285651560352e-5
1.0533623092173705e-5
1.0474284609745797e-5
1.0397104552561645e-5
1.0252731261686976e-5
1.0142357203290974e-5
1.002375260944554e-5
9.83226897385021e-6
9.623193309777954e-6
9.394627969624626e-6
9.147947700251483e-6
8.888347440661032e-6
8.622588677094289e-6
8.267973483153665e-6
7.918398617229785e-6
7.5748109079201435e-6
7.238369678609611e-6
6.834718007732966e-6
6.460689573939195e-6
6.1229294587925935e-6
5.820248782212637e-6
5.4972997333281995e-6
5.259533360780893e-6
4.975857862986346e-6
4.77615605585409e-6
4.581520351199755e-6
4.390051711003614e-6
4.2402555647457744e-6
4.065182934501495e-6
3.913223865800912e-6
3.7288179003000194e-6
3.5047768396336457e-6
3.273966798068061e-6
1.2971964516766124e-6
1.0939846073989284e-6
1.1899933315322936e-6
1.2977267367806777e-6
1.381824486815294e-6
1.441339600022437e-6
1.4799230304198792e-6
1.501095352895728e-6
1.5077487287643559e-6
1.5023025419615052e-6
1.486864658391818e-6
1.4633187247754891e-6
1.4333594435497192e-6
1.3985030763374037e-6
1.3600901574265064e-6
1.3192884842283435e-6
1.2770991203187404e-6
1.2343655514923882e-6
1.1917851623530604e-6
1.1499220428397342e-6
1.0700173623416696e-6
1.0325567770935896e-6
9.970005721066638e-7
9.319105611283823e-7
9.023938549730152e-7
8.491479761143435e-7
8.029316047878406e-7
7.82139074413028e-7
7.444787133463903e-7
7.111140172939551e-7
6.810031779025145e-7
6.400347958257341e-7
6.145506963217515e-7
5.899931484378226e-7
5.543360371667849e-7
5.198114504094119e-7
4.865153941415114e-7
4.547896336242021e-7
4.250387299565128e-7
3.9760143300477374e-7
3.649421733205758e-7
3.367774415989851e-7
3.1272926949341646e-7
2.9216312382667964e-7
2.7025983482243047e-7
2.5139952975489935e-7
2.346242081404773e-7
2.1934145512443617e-7
2.0258266998714368e-7
1.8984201191565056e-7
1.7388237034610387e-7
1.6192455574074102e-7
1.4981777818168448e-7
1.380241310058019e-7
1.291090803201085e-7
1.1910293918966094e-7
1.1128245438255237e-7
1.0347788288456699e-7
9.589428238033114e-8
8.932851831551565e-8
2.341855832849088e-6
8.39820698933969e-7
6.623982349276674e-7
7.037418413582745e-7
7.712832646302843e-7
8.29649572716494e-7
8.753189896617086e-7
9.103741328841119e-7
9.369776995876444e-7
9.565893796752182e-7
9.70148046761755e-7
9.78323662080819e-7
9.81674328625981e-7
9.80718057867479e-7
9.759551220871075e-7
9.678685186249104e-7
9.569180479838284e-7
9.435348854775601e-7
9.281186744998184e-7
9.110369586449474e-7
8.731926430061288e-7
8.530151181623921e-7
8.323450768826565e-7
7.904053635049336e-7
7.69512878027693e-7
7.286487463412785e-7
6.897771265687131e-7
6.713001611817016e-7
6.365324482930272e-7
6.048643656385869e-7
5.763485312764818e-7
5.392360728257298e-7
5.179305985781835e-7
4.990141559318686e-7
4.743491304373497e-7
4.5306152399635207e-7
4.3402818486910425e-7
4.1630887945431333e-7
3.992002194181443e-7
3.8224900810796004e-7
3.59538502916509e-7
3.3672243283798483e-7
3.141827933014072e-7
2.924840790580158e-7
2.673926749831574e-7
2.45287480971334e-7
2.2647945689414808e-7
2.1080581075312287e-7
1.9542790938579961e-7
1.8471850081980368e-7
1.7172585791485135e-7
1.616190182846146e-7
1.5045316616681662e-7
1.3836381016183576e-7
1.2856178240157452e-7
1.1737934041549868e-7
1.088985920134446e-7
1.0083083485856136e-7
9.327214654278634e-8
8.673571531870768e-8
3.953414210146392e-6
1.1417968064697972e-6
5.3753325452533e-7
4.343340641991533e-7
4.5238085484939194e-7
4.937316942399259e-7
5.335794889197067e-7
5.670361821046041e-7
5.942368916538822e-7
6.162056366925675e-7
6.338565455852477e-7
6.478606547476016e-7
6.587041137758986e-7
6.667566500133993e-7
6.723163698442917e-7
6.756345985204626e-7
6.769294853997927e-7
6.76394399140858e-7
6.742040424133791e-7
6.705193024734118e-7
6.592625794043142e-7
6.519715421309564e-7
6.437501715677174e-7
6.250184283191787e-7
6.147439663460946e-7
5.929162813730765e-7
5.700144306389396e-7
5.583687052333157e-7
5.350394749323935e-7
5.120499872038366e-7
4.897823187945461e-7
4.5835157739842114e-7
4.389921027904657e-7
4.210387044515132e-7
3.9682229896325005e-7
3.757858170011742e-7
3.576779030326173e-7
3.4213105775579387e-7
3.2871619131266617e-7
3.1698232622696914e-7
3.0319030604904046e-7
2.906514101905965e-7
2.7860129871424133e-7
2.665190322548825e-7
2.5099177346375316e-7
2.3498978688293267e-7
2.1885835070969273e-7
2.0312072224167558e-7
1.8550764077099767e-7
1.7238710213207194e-7
1.568429915193088e-7
1.461240115386622e-7
1.3616579332402845e-7
1.2711037705497876e-7
1.2030093455048432e-7
1.1209759868024377e-7
1.0489420132981795e-7
9.688874619007175e-8
8.85400955233558e-8
8.125858014919806e-8
6.160053616102892e-6
1.8921314070273068e-6
7.026618480463846e-7
3.5530773593677097e-7
2.74388108260072e-7
2.7933245127900725e-7
3.086938349867906e-7
3.413955976048652e-7
3.707815833323184e-7
3.953594312280641e-7
4.153709036260033e-7
4.315189815876898e-7
4.44517807246409e-7
4.549580251096608e-7
4.632893297942457e-7
4.6984204345654136e-7
4.7485724292596764e-7
4.785142143066966e-7
4.809518523751631e-7
4.822837827211494e-7
4.82013559650617e-7
4.805818842681803e-7
4.783899002251335e-7
4.7200849798805795e-7
4.679493732986613e-7
4.583872464436367e-7
4.4724602607981996e-7
4.412015304294353e-7
4.2838073328688036e-7
4.148507740738644e-7
4.009077285841714e-7
3.797915212959103e-7
3.659028783921003e-7
3.523722223579365e-7
3.3302926233066285e-7
3.1509002249660427e-7
2.987237509853822e-7
2.8399936630876244e-7
2.7090939625464364e-7
2.5938267659762156e-7
2.4622140516138625e-7
2.3519957978827218e-7
2.2583632128195764e-7
2.1764821598695088e-7
2.0840664387091668e-7
1.9962973160598e-7
1.9082135990699535e-7
1.8169427821069345e-7
1.7022693325506208e-7
1.6038737835842073e-7
1.4669000668539727e-7
1.3555570442858097e-7
1.2383986080703263e-7
1.1258216580546938e-7
1.0469154121935412e-7
9.690384881408618e-8
9.157439814173328e-8
8.6501841814465e-8
8.117652290076972e-8
7.57469989943641e-8
8.887234208246984e-6
3.0488340212050696e-6
1.1332877336578681e-6
4.26920426060793e-7
1.707873085246282e-7
9.612022779061746e-8
9.523538800953855e-8
1.221734425106249e-7
1.569509450834422e-7
1.9113161599995694e-7
2.2153029497531202e-7
2.473232966718134e-7
2.686876589588606e-7
2.861610657480537e-7
3.003514753806288e-7
3.118175252906515e-7
3.210304748496877e-7
3.283725642688845e-7
3.3414923683596704e-7
3.3860447877654675e-7
3.442997560156109e-7
3.4583100965637983e-7
3.466372251124607e-7
3.464208949352674e-7
3.45536283140343e-7
3.424786037319706e-7
3.3796820000253473e-7
3.3524971416573926e-7
3.2902493679175825e-7
3.219194020940565e-7
3.141270020413766e-7
3.01548050911894e-7
2.928076407762786e-7
2.839477614547761e-7
2.7068044346082516e-7
2.577041523025605e-7
2.452456942279222e-7
2.334760422421413e-7
2.2252051329022598e-7
2.1245913537123982e-7
2.0048614666773673e-7
1.901196033617741e-7
1.812241155601055e-7
1.7361211319972014e-7
1.6558477941030954e-7
1.5881757908297436e-7
1.5288696644659264e-7
1.4739453080177883e-7
1.4092723451802495e-7
1.3539311998238302e-7
1.2724990928880668e-7
1.1992926894637438e-7
1.1119312437894714e-7
1.0138804671262068e-7
9.340656568626459e-8
8.448144466067847e-8
7.801805924246325e-8
7.23230164124482e-8
6.757738526303105e-8
6.391492415116088e-8
1.1898666290956822e-5
4.450370649819884e-6
1.7079468203569653e-6
5.316797115436984e-7
4.967762147019806e-9
-2.1993985371665405e-7
-2.9670784990159653e-7
-2.999515496936188e-7
-2.6796816124508235e-7
-2.2092594347666798e-7
-1.6944373561990883e-7
-1.1895829486213154e-7
-7.2067116345932e-8
-2.9824669156663635e-8
7.531564533863156e-9
4.017578373734621e-8
6.847132009275002e-8
9.285185813384025e-8
1.1376055868514033e-7
1.3162056876676163e-7
1.5971654080124219e-7
1.7061740490484505e-7
1.7979934463847929e-7
1.9392764590407405e-7
1.9925367280161832e-7
2.071696689993166e-7
2.121644992052108e-7
2.1377604416566982e-7
2.155414698625417e-7
2.156909518285142e-7
2.1454692327390222e-7
2.109767946610536e-7
2.0767347418714543e-7
2.038341967008115e-7
1.9736335775966996e-7
1.9034653734192911e-7
1.8305106830205052e-7
1.7569090526427066e-7
1.684439521738249e-7
1.6145334305762475e-7
1.52705605068442e-7
1.4473467288682598e-7
1.3758625296631614e-7
1.312523467421765e-7
1.2442662715051024e-7
1.1870671000168529e-7
1.1391903191770811e-7
1.0983957622903598e-7
1.0555244646667168e-7
1.0225442559155883e-7
9.775901675547571e-8
9.381915687401296e-8
8.895400849156765e-8
8.299497996166765e-8
7.757260567622836e-8
7.068142536574594e-8
6.494944363805585e-8
5.921801192315721e-8
5.39714134386065e-8
4.997593632066946e-8
1.4896808108689556e-5
5.861057648220488e-6
2.2401989319511708e-6
5.043664512650679e-7
-3.9449817664639746e-7
-8.655297724888163e-7
-1.099151170970293e-6
-1.195135100825086e-6
-1.209919957894124e-6
-1.1769499764879288e-6
-1.1165799594864134e-6
-1.0413854612262774e-6
-9.592020482019145e-7
-8.749321780041998e-7
-7.91639455105787e-7
-7.112166812245041e-7
-6.34796319693071e-7
-5.63005930368611e-7
-4.961312147936501e-7
-4.342243021271813e-7
-3.2478670545113123e-7
-2.767754294809452e-7
-2.3284251117636165e-7
-1.5597076340052183e-7
-1.2243773317817694e-7
-6.384396967605868e-8
-1.5038824482062054e-8
6.179082235583899e-9
4.306817282494601e-8
7.350972875894395e-8
9.850336564060574e-8
1.2763379344580393e-7
1.4251001643255932e-7
1.5441683345514712e-7
1.6767209109296227e-7
1.7642905127227247e-7
1.81609584701167e-7
1.8398645321803498e-7
1.8423055497886918e-7
1.82908400511954e-7
1.7946616177393755e-7
1.7477126191847916e-7
1.6931437833911848e-7
1.6346051536311768e-7
1.560600294808667e-7
1.4902069780016175e-7
1.4261934212086695e-7
1.3691195417459114e-7
1.3089165200838482e-7
1.2648453284232372e-7
1.2113800479696096e-7
1.1715784016811683e-7
1.1288541482634007e-7
1.0806180398500185e-7
1.037079640025162e-7
9.789323218756426e-8
9.249349974618493e-8
8.61680305742464e-8
7.914861018740946e-8
7.265881828699733e-8
2.0412024324625963e-5
9.856747776741852e-6
5.411350434265621e-6
3.0898830326633413e-6
1.7137113343734596e-6
8.656529762212124e-7
3.472298475327943e-7
4.003799868825969e-8
-1.3216249156459444e-7
-2.1781475965712223e-7
-2.465158243250574e-7
-2.3588736408709775e-7
-1.9664693710341792e-7
-1.3594261915290134e-7
-5.9243602181044514e-8
2.8789304608880676e-8
1.240398615458843e-7
2.2295665566759439e-7
3.2264718336641713e-7
4.209347751431757e-7
6.079880256041188e-7
6.954780585463233e-7
7.787277049228823e-7
9.329669605797644e-7
1.004278566692386e-6
1.135791037671304e-6
1.2524870962277848e-6
1.3051543817012554e-6
1.3989363790597298e-6
1.4775269918742375e-6
1.5418706844264362e-6
1.615115247086026e-6
1.6509348634763744e-6
1.6780331259159514e-6
1.7044079181517176e-6
1.7153852574679426e-6
1.7125000617187202e-6
1.6976952205805273e-6
1.6734826094635056e-6
1.6424919446428037e-6
1.5943065409232095e-6
1.5411268260296557e-6
1.4846208604309306e-6
1.4261732787524537e-6
1.353178773598305e-6
1.2837709063312985e-6
1.2202846934253188e-6
1.1630684006054594e-6
1.1019031065874553e-6
1.056940492894901e-6
1.003622766903441e-6
9.664100977914768e-7
9.301950043149026e-7
8.940076355198901e-7
8.648691058550149e-7
8.295014193464604e-7
7.974624996861754e-7
7.573621919412558e-7
7.080400461166017e-7
6.576208524168321e-7
3.751341203511491e-5
2.5494747127783858e-5
2.04362747105794e-5
1.7625454137500505e-5
1.5698364150082397e-5
1.434862519579149e-5
1.3426523473745938e-5
1.2794810568318852e-5
1.2340261639403308e-5
1.198787840030626e-5
1.1698142748597824e-5
1.1455407158619015e-5
1.125574565101114e-5
1.1098265868687142e-5
1.0980586121144363e-5
1.0897566177146167e-5
1.084194692738058e-5
1.0805730205371645e-5
1.0781520217229878e-5
1.0763434757037618e-5
1.0731503530434043e-5
1.0714764517355924e-5
1.0697479850844351e-5
1.0663845640457013e-5
1.0648538135642745e-5
1.062088230951728e-5
1.0592845863121485e-5
1.0576317826311291e-5
1.0533653273544081e-5
1.0474311774125827e-5
1.039712830659425e-5
1.0252749849494315e-5
1.0142372511439259e-5
1.0023764838449646e-5
9.8322770452624e-6
9.623197884806312e-6
9.394629780056023e-6
9.147947444416084e-6
8.888345686644008e-6
8.622585827019436e-6
8.26796957335941e-6
7.918393984603974e-6
7.574805878772898e-6
7.238364566957752e-6
6.8347130953459254e-6
6.460684962958825e-6
6.122925108242137e-6
5.820244675357155e-6
5.497295999025026e-6
5.259529994303718e-6
4.975854931069955e-6
4.776153335970768e-6
4.581517794918291e-6
4.390049411643307e-6
4.2402535043761e-6
4.06518100996388e-6
3.913221968235674e-6
3.7288161636630435e-6
3.5047753822313803e-6
3.2739654238329793e-6
5.130188825353935e-5
3.8159330852122864e-5
3.2701861237215235e-5
2.9612890667495995e-5
2.7371705065508032e-5
2.57357489819499e-5
2.458408616918244e-5
2.3765384941936427e-5
2.314139954935169e-5
2.261980216838741e-5
2.215528312312765e-5
2.173455347565192e-5
2.135931507361926e-5
2.103390622073949e-5
2.07589776076156e-5
2.052994454861871e-5
2.0338233677781085e-5
2.017357998465912e-5
2.002621029046228e-5
1.9888331466579617e-5
1.9622966396301006e-5
1.9492329500795768e-5
1.9363603106367135e-5
1.911690099648171e-5
1.9000849110819838e-5
1.8783616163114224e-5
1.8579602663264937e-5
1.8478838854799796e-5
1.827245029226821e-5
1.8053121657635454e-5
1.7818334141037228e-5
1.7442821733095946e-5
1.7183246762577993e-5
1.6919965647747e-5
1.651906102590665e-5
1.6106567146465206e-5
1.5677121806936346e-5
1.5230687496138792e-5
1.4773364099184671e-5
1.4313892874991037e-5
1.3709779875371796e-5
1.3121064107638667e-5
1.2547012163008731e-5
1.1987801192427227e-5
1.1318509236947058e-5
1.0697612677641793e-5
1.0134495791022989e-5
9.626948821243376e-6
9.081962981787302e-6
8.678151297950602e-6
8.192587728614691e-6
7.847848975323171e-6
7.510888905799206e-6
7.18244904541551e-6
6.930605903644083e-6
6.644900774088376e-6
6.405949533869685e-6
6.124249011092339e-6
5.786500152615094e-6
5.4370817414605154e-6
