0.0002017163083235621
0.00019735945229738453
0.00019565388167488038
0.00019492201312028948
0.00019427218923019981
0.00019329500154803312
0.0001917825720841168
0.0001896353132554613
0.00018682661992501577
0.00018338207520340885
0.0001793628793932979
0.0001748520846747975
0.00016994376124866212
0.00016473503701634816
0.00015932062189832267
0.00015378927490946855
0.00014822168042762142
0.00014268929293251824
0.0001372538256620175
0.00013196716372095404
0.00012200004616901953
0.00011737695429509776
0.00011301860016167511
0.00010512574570510313
0.00010159070267455307
9.530480383289172e-5
8.997066779268169e-5
8.761639119586018e-5
8.343399075083608e-5
7.981778009388106e-5
7.66133090061102e-5
7.228767433566193e-5
6.957281235689054e-5
6.690870484200676e-5
6.29241222733669e-5
5.892512881537432e-5
5.495756521252411e-5
5.111434219661277e-5
4.7498448321985565e-5
4.419515912923741e-5
4.03607444330255e-5
3.718802897675565e-5
3.459874718324142e-5
3.246088611541856e-5
3.0209147356613356e-5
2.8218795068142684e-5
2.6358428737485978e-5
2.45842612922787e-5
2.2589429745686546e-5
2.1078942056906107e-5
1.924257434547449e-5
1.7922736183795567e-5
1.6623596734018834e-5
1.5358505184262733e-5
1.4378022600203495e-5
1.324718024005603e-5
1.235434616652151e-5
1.1471803756046517e-5
1.0629748379435187e-5
9.90912536204405e-6
2.660026395930768e-5
2.5747594784855322e-5
2.74454238718311e-5
2.9966381924991186e-5
3.2596353659129316e-5
3.505113302767763e-5
3.720275459911442e-5
3.8993744932636495e-5
4.0407049114464064e-5
4.145114869372256e-5
4.21500799062379e-5
4.2536175275087644e-5
4.264504792533542e-5
4.251246000331017e-5
4.217261957277355e-5
4.1657432689096945e-5
4.099630741327273e-5
4.0216216730767064e-5
3.934183784758992e-5
3.8395674786149586e-5
3.6367550024870294e-5
3.5320204536016475e-5
3.4270324335544494e-5
3.2209818094012655e-5
3.1217804372919884e-5
2.934351736571579e-5
2.7642016241765027e-5
2.6861224857171246e-5
2.5441060611074637e-5
2.4202736842804853e-5
2.3130752372790724e-5
2.178722422731206e-5
2.103150757227084e-5
2.0357751884494852e-5
1.9447871707904616e-5
1.8597181421842005e-5
1.7754766379614663e-5
1.689221727055073e-5
1.600216785504735e-5
1.5093736090585001e-5
1.3888364961912301e-5
1.2741252068628191e-5
1.1701834964987528e-5
1.0801320921618582e-5
9.882907624778365e-6
9.16985937012767e-6
8.608098436943676e-6
8.136089073123021e-6
7.6182076200639665e-6
7.194414484387782e-6
6.603520347709932e-6
6.1180011154833615e-6
5.607602266862738e-6
5.121934922327299e-6
4.778578278672063e-6
4.416533563061341e-6
4.13634496690682e-6
3.844376785255824e-6
3.5456264490293155e-6
3.282900792179143e-6
-1.271524496274041e-5
-1.291822282940208e-5
-1.1379814446918431e-5
-9.53468770011445e-6
-7.807384682644966e-6
-6.310164770025553e-6
-5.051909774144008e-6
-4.0082402853640865e-6
-3.1467718697730675e-6
-2.436259085900751e-6
-1.8495611102456345e-6
-1.3641832054062541e-6
-9.619027818756047e-7
-6.281074232587742e-7
-3.511054782374389e-7
-1.2151072204096943e-7
6.826792803013313e-8
2.2443159680294888e-7
3.5210408566645826e-7
4.5556842695844224e-7
6.038163271818617e-7
6.543381805524737e-7
6.922999391486488e-7
7.382259492811631e-7
7.494149771101611e-7
7.547859284944825e-7
7.442850875400592e-7
7.35132462707609e-7
7.121603348375055e-7
6.861155165620878e-7
6.597705889694194e-7
6.234918252996467e-7
6.028282953623751e-7
5.853613629853114e-7
5.648183129957059e-7
5.497201565594104e-7
5.380208790491931e-7
5.275954118912519e-7
5.166104736539573e-7
5.037367223470193e-7
4.824349364723495e-7
4.563108862238519e-7
4.265596907229459e-7
3.9520100608607156e-7
3.5710522793444373e-7
3.235062028906236e-7
2.963348473176239e-7
2.757663094856653e-7
2.5812181378405546e-7
2.4711940270547077e-7
2.3374010362517276e-7
2.2184570588636884e-7
2.064000877781078e-7
1.8763436429879595e-7
1.720944875618557e-7
1.555164884884256e-7
1.4440433617631626e-7
1.3480536819802546e-7
1.2571591756513948e-7
1.1694814273730513e-7
-2.800978729040289e-6
-3.559082031688891e-6
-3.0489492206367002e-6
-2.410302923421349e-6
-1.8822126023338846e-6
-1.489487448271795e-6
-1.2074737175041336e-6
-1.0061232801580878e-6
-8.60871090966699e-7
-7.539253497958606e-7
-6.730592567831098e-7
-6.100731288568126e-7
-5.595202046662086e-7
-5.177842193670449e-7
-4.824519872011205e-7
-4.518998785811942e-7
-4.250249416560342e-7
-4.0107020808207425e-7
-3.7951019540518574e-7
-3.599747591041324e-7
-3.2598128033648765e-7
-3.111726692572749e-7
-2.9764690493687584e-7
-2.7402315291664954e-7
-2.6373607552083167e-7
-2.457720935354975e-7
-2.3073799302465749e-7
-2.2412565644690917e-7
-2.123588736961646e-7
-2.0212589235254848e-7
-1.9301112697833776e-7
-1.8073992975660704e-7
-1.731599015441745e-7
-1.6588432713523252e-7
-1.5536393915156853e-7
-1.4522672328897803e-7
-1.355027314426024e-7
-1.2629640286556866e-7
-1.1772766419387724e-7
-1.0989100060605038e-7
-1.0065583912371871e-7
-9.277613708900457e-8
-8.610476031428454e-8
-8.043070025940663e-8
-7.440450043206716e-8
-6.921632886591715e-8
-6.459429161767854e-8
-6.037425837809521e-8
-5.5737478271179125e-8
-5.2209481611048826e-8
-4.7792783165421634e-8
-4.448888259907583e-8
-4.1150228126451406e-8
-3.790704808631759e-8
-3.546561487621351e-8
-3.2738707951733666e-8
-3.061342248611203e-8
-2.8489797887348368e-8
-2.641832693200541e-8
-2.461917947797308e-8
-1.1693457539542672e-7
-9.949536436979345e-7
-8.330341587753609e-7
-5.783322855904047e-7
-3.87231459048939e-7
-2.6527906457597753e-7
-1.922796075535264e-7
-1.4956899142019724e-7
-1.24403814839329e-7
-1.0904812235635009e-7
-9.910225412864728e-8
-9.21608522849963e-8
-8.693240857497434e-8
-8.271913231723526e-8
-7.913180276048636e-8
-7.594275840698569e-8
-7.301359772928382e-8
-7.026010760648176e-8
-6.763416932268489e-8
-6.511274926350742e-8
-6.036940684282139e-8
-5.8160683836025624e-8
-5.60732441510095e-8
-5.228833033709512e-8
-5.059403272857892e-8
-4.7579832866854795e-8
-4.5002698358084475e-8
-4.3849929336893034e-8
-4.176002301368077e-8
-3.989364440037482e-8
-3.819056474929425e-8
-3.5851098039430316e-8
-3.439300692252484e-8
-3.2992270438373354e-8
-3.0968598079015914e-8
-2.9015886620422143e-8
-2.7132954308982416e-8
-2.5338509323232747e-8
-2.3659687329215423e-8
-2.2120063306953483e-8
-2.0303181223786953e-8
-1.874868879805485e-8
-1.7423621699077857e-8
-1.628548618443725e-8
-1.5065161957591325e-8
-1.4010365902663427e-8
-1.3072224110316176e-8
-1.2217395396013826e-8
-1.1278484372654908e-8
-1.0564898063139933e-8
-9.675654941328638e-9
-9.014086501295097e-9
-8.345313262393984e-9
-7.690470542664461e-9
-7.1936600822173495e-9
-6.637512954180372e-9
-6.2036776644324524e-9
-5.769267920469729e-9
-5.3468994409255905e-9
-4.983688699396228e-9
6.089027615589487e-9
-9.27406509692459e-7
-9.54183279141856e-7
-8.858253091384179e-7
-8.394497050960128e-7
-8.190628421408082e-7
-8.127141755598742e-7
-8.107136968833378e-7
-8.076294364602498e-7
-8.011333017271642e-7
-7.906788457813777e-7
-7.765819532104009e-7
-7.594888749027769e-7
-7.401079406361904e-7
-7.190949102495127e-7
-6.970172626088823e-7
-6.743532337704036e-7
-6.515023705601965e-7
-6.287970812533684e-7
-6.065115949981823e-7
-5.64040589771099e-7
-5.441587628966239e-7
-5.253107652463126e-7
-4.908858964403721e-7
-4.753159348548279e-7
-4.472972743735798e-7
-4.2303414097106857e-7
-4.121253017650339e-7
-3.9235472342065776e-7
-3.7480046471591223e-7
-3.5890778425918624e-7
-3.372006486843196e-7
-3.236597949415503e-7
-3.105964272066863e-7
-2.9162319818148646e-7
-2.7326579745793826e-7
-2.555893019605866e-7
-2.3878468458746745e-7
-2.2307125736096865e-7
-2.0862623463007613e-7
-1.9149342895299385e-7
-1.767635418276407e-7
-1.6420138936909816e-7
-1.5344951258867092e-7
-1.4197016091332682e-7
-1.3205451607256877e-7
-1.2321494570579377e-7
-1.1515432702457435e-7
-1.0631962027497931e-7
-9.961498842621526e-8
-9.123882366258414e-8
-8.497855131606474e-8
-7.864555214895873e-8
-7.247032636474363e-8
-6.779516691848959e-8
-6.254352386178838e-8
-5.843872819797219e-8
-5.434369220020574e-8
-5.036812333581742e-8
-4.692970958415262e-8
3.8552759117780194e-7
-4.0066288382380674e-7
-4.322294861782169e-7
-3.8868647422164453e-7
-3.5925669902043403e-7
-3.4693657864556154e-7
-3.437875665820839e-7
-3.4364530228924607e-7
-3.4320582475984706e-7
-3.4112575606348496e-7
-3.371218638101222e-7
-3.3138534394507664e-7
-3.242635890960004e-7
-3.1611239012137736e-7
-3.0724161583434373e-7
-2.979053626255366e-7
-2.8830915508823095e-7
-2.7862071566170096e-7
-2.6897885746998677e-7
-2.594991931452079e-7
-2.4138939166599764e-7
-2.3289443008024392e-7
-2.2483341967872242e-7
-2.1009777714622358e-7
-2.0343043435055626e-7
-1.9143228933612203e-7
-1.810440724949692e-7
-1.7637401430578867e-7
-1.6791080050513256e-7
-1.6039726065708204e-7
-1.5359732820419642e-7
-1.4431837004659227e-7
-1.3853762509147396e-7
-1.3296606077538215e-7
-1.2487949985272093e-7
-1.1705483406191226e-7
-1.0951353660010072e-7
-1.0233472481611868e-7
-9.56130261671957e-8
-8.942681385754883e-8
-8.208216887478268e-8
-7.576256007314502e-8
-7.037042723493786e-8
-6.575504276478449e-8
-6.083029512498954e-8
-5.658199634571894e-8
-5.279974018198231e-8
-4.935268390426613e-8
-4.5572749227509645e-8
-4.2701087021804254e-8
-3.910978191528127e-8
-3.6424152907267754e-8
-3.37071153345571e-8
-3.105811088299694e-8
-2.9053146164703193e-8
-2.680198254464526e-8
-2.5043035753934665e-8
-2.3288009206928696e-8
-2.1583263968866143e-8
-2.0108197623407094e-8
5.330193681270706e-7
-9.753384858350604e-8
-1.1775266541350519e-7
-8.050124484921073e-8
-5.43641398612168e-8
-4.157793696461261e-8
-3.652122125769292e-8
-3.491487096752228e-8
-3.446227006043441e-8
-3.4166714743300924e-8
-3.3705818071123986e-8
-3.304603212051398e-8
-3.224475227645771e-8
-3.136546766609469e-8
-3.045143382988904e-8
-2.952498275093458e-8
-2.8595039257742175e-8
-2.7664874539524438e-8
-2.673731804245671e-8
-2.5817162076579568e-8
-2.4028753804076754e-8
-2.3177626555442673e-8
-2.2365694420314926e-8
-2.088006279249745e-8
-2.02109804067244e-8
-1.901636026313479e-8
-1.7991630249332656e-8
-1.7532503118006095e-8
-1.6699379931062197e-8
-1.5955263194259685e-8
-1.5277052496809968e-8
-1.4347989351975975e-8
-1.3770704758502823e-8
-1.3217120853497877e-8
-1.2417985820628256e-8
-1.1646085940346667e-8
-1.0899817920970474e-8
-1.0186177243209925e-8
-9.516042851928297e-9
-8.899215949004602e-9
-8.168494569400273e-9
-7.541166479938633e-9
-7.00552825998097e-9
-6.545607393426016e-9
-6.053609657552867e-9
-5.629856741015707e-9
-5.254136173067975e-9
-4.912345372966064e-9
-4.536809375628501e-9
-4.25074112994273e-9
-3.892924573578973e-9
-3.625813723197026e-9
-3.3555929871411735e-9
-3.0914862291024292e-9
-2.8914541811627554e-9
-2.66753643439563e-9
-2.492950322662145e-9
-2.3184683558589596e-9
-2.148693808452463e-9
-2.0017971219209564e-9
6.298275799760102e-7
1.6707780902461595e-7
1.7039889985964087e-7
2.132172180235883e-7
2.445689310284374e-7
2.6314486583980683e-7
2.732197508121828e-7
2.7804766496570753e-7
2.7949309182286393e-7
2.7854470269445035e-7
2.757498129617158e-7
2.714657647649553e-7
2.659791882454303e-7
2.595508615654383e-7
2.5242532250700376e-7
2.448273459622478e-7
2.3695607989177107e-7
2.2898111810079783e-7
2.210414693839282e-7
2.1324695212034063e-7
1.9840489397799297e-7
1.9146024052968667e-7
1.8487360225647168e-7
1.7281967906927185e-7
1.6735175561095831e-7
1.5748123547108212e-7
1.4890670409850086e-7
1.4504790892361643e-7
1.380593583918176e-7
1.3187073038256746e-7
1.262880774666099e-7
1.1869209083811202e-7
1.139638250524192e-7
1.0940405685904089e-7
1.0277890549154257e-7
9.636342646643912e-8
9.017961438740672e-8
8.429215200042062e-8
7.877498401914745e-8
7.368904498058277e-8
6.763649050224592e-8
6.241769030910351e-8
5.796263497294898e-8
5.4153381977141596e-8
5.009602182492757e-8
4.660023440236714e-8
4.348879546736005e-8
4.065355392547081e-8
3.754542645721808e-8
3.5183551524369926e-8
3.222570214752834e-8
3.000982097925576e-8
2.77668336576897e-8
2.5582304929294105e-8
2.3930568119203902e-8
2.2075713865845675e-8
2.062597836980709e-8
1.9179943540058528e-8
1.7775162457560767e-8
1.6558486212173175e-8
1.2579966595594794e-6
1.0620729812368475e-6
1.1731654178600038e-6
1.2895435661251957e-6
1.3778738450603158e-6
1.4393268935465416e-6
1.4787690621626442e-6
1.5003288870919047e-6
1.5071776618681138e-6
1.5018518183779955e-6
1.4865027533486178e-6
1.4630277817869992e-6
1.433125213733262e-6
1.3983127708437106e-6
1.3599327477601492e-6
1.3191552518647158e-6
1.2769837984844553e-6
1.2342640423639916e-6
1.1916950124129138e-6
1.1498418655472878e-6
1.0699548713524045e-6
1.0325021886633358e-6
9.969531488085419e-7
9.318748649754322e-7
9.023626626886594e-7
8.49123394996032e-7
8.029113167488159e-7
7.821204152969163e-7
7.444628242899685e-7
7.111006446827634e-7
6.809921953838035e-7
6.40026917525906e-7
6.145443744097083e-7
5.89987933550755e-7
5.543318272639186e-7
5.198078555300191e-7
4.865123719539372e-7
4.54787249587206e-7
4.250369761169379e-7
3.9760018797834937e-7
3.649413416647296e-7
3.367768145709909e-7
3.127288084401313e-7
2.921628727655117e-7
2.702598538860772e-7
2.513997104295351e-7
2.3462442320887684e-7
2.1934165954029282e-7
2.0258289828639458e-7
1.8984228789601117e-7
1.7388268513663165e-7
1.6192486169038997e-7
1.498180692538339e-7
1.3802443036504692e-7
1.2910938396689757e-7
1.191032234805267e-7
1.1128272020195103e-7
1.0347813479224087e-7
9.589451162325497e-8
8.932873638833323e-8
2.654209020313284e-5
2.5726446071540932e-5
2.7438267375035355e-5
2.9964648764311045e-5
3.259665040299376e-5
3.5052077893521524e-5
3.720379335165082e-5
3.8994672649569114e-5
4.040780766728732e-5
4.145173895321721e-5
4.215052363597926e-5
4.253649900928892e-5
4.2645276614670564e-5
4.2512614935377564e-5
4.217271808264336e-5
4.165748854641732e-5
4.09963314014089e-5
4.021621722049689e-5
3.93418212961703e-5
3.83956461473661e-5
3.6367507629318964e-5
3.532015884152044e-5
3.427027693794756e-5
3.220977046964582e-5
3.121775764755759e-5
2.9343473506635716e-5
2.76419759081373e-5
2.686118635356704e-5
2.5441025701871535e-5
2.4202705297008788e-5
2.313072387200844e-5
2.1787199639936865e-5
2.1031485171105256e-5
2.0357731368298397e-5
1.9447853554858465e-5
1.859716522242063e-5
1.7754751867534364e-5
1.6892204274600484e-5
1.6002156249863888e-5
1.5093725763788864e-5
1.3888356165298753e-5
1.2741244607932383e-5
1.1701828661964261e-5
1.0801315611202185e-5
9.882903325187695e-6
9.16985582668723e-6
8.608095428234714e-6
8.136086448123978e-6
7.61820535771668e-6
7.194412488569217e-6
6.603518677927781e-6
6.117999674599927e-6
5.607601052645469e-6
5.121933943401471e-6
4.7785774716712274e-6
4.416532895152554e-6
4.136344372218601e-6
3.8443762827683615e-6
3.545626057058892e-6
3.2829004524792736e-6
0.00012065449278465812
0.00011488729775601798
0.00011191613837366969
0.00011018468487453343
0.00010908258884318688
0.00010834213827736509
0.00010778011861481587
0.00010725482663047995
0.00010666452374622976
0.00010594485942931137
0.00010506142487182808
0.0001040007720527045
0.0001027625997589109
0.0001013541601971999
9.97868268924998e-5
9.807427797467363e-5
9.623166939030521e-5
9.427528901685477e-5
9.222235695648031e-5
9.009079695734232e-5
8.566503603420438e-5
8.340702565975788e-5
8.114194207662158e-5
7.665263384628528e-5
7.445569530038299e-5
7.021306557004428e-5
6.622730116999113e-5
6.434574133468096e-5
6.08236146104817e-5
5.763431844571931e-5
5.477881797539147e-5
5.109425749166739e-5
4.900359109845058e-5
4.7169639856684085e-5
4.482099199779602e-5
4.28409747375999e-5
4.110599825766535e-5
3.950855214983308e-5
3.796461748836442e-5
3.6416764386775405e-5
3.429639142503191e-5
3.2105064171262954e-5
2.988567572054165e-5
2.7711546181831624e-5
2.5178272174381898e-5
2.2963356723613915e-5
2.1125710153431467e-5
1.965492959466465e-5
1.8284556837418873e-5
1.736786161704388e-5
1.6257379524220475e-5
1.5352400227685914e-5
1.4285163885866901e-5
1.3066741768658122e-5
1.2066965530402127e-5
1.096113005469489e-5
1.0170197500969744e-5
9.453603895613006e-6
8.786209246297423e-6
8.183894190440545e-6
2.4009203067772236e-5
2.0363644495497228e-5
1.9453841641709232e-5
1.9665509069308825e-5
2.0384571346318638e-5
2.1342163586588516e-5
2.2384780557965808e-5
2.3414163508617077e-5
2.4369004445473906e-5
2.5214935431955657e-5
2.593626813441182e-5
2.652912145114616e-5
2.699629375630212e-5
2.7343884582375745e-5
2.75793502028475e-5
2.7710559702662097e-5
2.7745447503906486e-5
2.7691955496467486e-5
2.755806728533536e-5
2.7351829670370857e-5
2.675457541993693e-5
2.637945634179035e-5
2.5963546019322477e-5
2.5037605314250337e-5
2.4540440761651297e-5
2.3505743695335206e-5
2.2448211375371836e-5
2.192062521423077e-5
2.08834568639728e-5
1.9886775557775196e-5
1.894577551535044e-5
1.76604182115584e-5
1.6895236226862358e-5
1.6204714056620618e-5
1.5303167094998278e-5
1.4546851699250872e-5
1.3911944924594635e-5
1.3371821929566364e-5
1.289989612482397e-5
1.247147069736232e-5
1.1931306250916169e-5
1.1391690950812614e-5
1.0829683007842455e-5
1.0238895192541034e-5
9.472556948504971e-6
8.70757175996535e-6
7.983675205595499e-6
7.333963688189186e-6
6.679154088360202e-6
6.241925994763763e-6
5.774197559077902e-6
5.469660496753263e-6
5.1715030101038675e-6
4.846207860023975e-6
4.54915823280434e-6
4.155037233299256e-6
3.819100888825653e-6
3.48838289358775e-6
3.197205584752033e-6
2.97601690059842e-6
-5.656164881252228e-6
-8.079943331478717e-6
-8.17884512814803e-6
-7.507139891012777e-6
-6.595283532574272e-6
-5.652596742269561e-6
-4.764892315237754e-6
-3.9644278988879e-6
-3.258888088778486e-6
-2.6447247835721594e-6
-2.1136849276776846e-6
-1.6560679821498435e-6
-1.2623101710666587e-6
-9.236862691187321e-7
-6.325477424602512e-7
-3.8232770201715727e-7
-1.6744055910506418e-7
1.685424062632938e-8
1.74589032279085e-7
3.0920949741236e-7
5.205453295987401e-7
6.020355266817996e-7
6.700777495865994e-7
7.723516751947554e-7
8.09352430175228e-7
8.607875308219171e-7
8.882439423359029e-7
8.948915554091106e-7
8.971446786822502e-7
8.880991334050551e-7
8.71152673595107e-7
8.367088201787326e-7
8.106811422770146e-7
7.839504600910035e-7
7.447728535444164e-7
7.08651631721586e-7
6.767522999383841e-7
6.494370844727259e-7
6.265164864640665e-7
6.074233682269191e-7
5.864945046853014e-7
5.686808606087704e-7
5.518040581583743e-7
5.341115396725552e-7
5.092325638788799e-7
4.807516595678914e-7
4.4939344483388215e-7
4.167371759189357e-7
3.7850014342869216e-7
3.4944684586298955e-7
3.153697102851235e-7
2.9295462014314594e-7
2.7378538320786517e-7
2.5808054918310944e-7
2.467230998369468e-7
2.319702993924887e-7
2.1730619617794688e-7
1.994937092551459e-7
1.8031888237901194e-7
1.6421075386756645e-7
-5.212597525904814e-8
-2.2800345304123194e-6
-2.5203251576462903e-6
-2.2385963226708116e-6
-1.8525261869331406e-6
-1.4908056050217688e-6
-1.187797856970838e-6
-9.455702679234897e-7
-7.559810003178122e-7
-6.088350472843625e-7
-4.947630996814304e-7
-4.0603706371757517e-7
-3.3659829424843327e-7
-2.8182045091218917e-7
-2.3821806339873053e-7
-2.0318003587127976e-7
-1.7475149792249244e-7
-1.5146483591689492e-7
-1.3221277373700582e-7
-1.1615465332233075e-7
-9.119738672686433e-8
-8.141966213020032e-8
-7.301492586446588e-8
-5.943039421996251e-8
-5.391464440293572e-8
-4.482916160709279e-8
-3.777184348580272e-8
-3.4843682544711816e-8
-2.995212565205558e-8
-2.61067205218412e-8
-2.3081436539106183e-8
-1.9709213383171033e-8
-1.8047338312487853e-8
-1.6735082945816137e-8
-1.5249426795577367e-8
-1.4158516519515091e-8
-1.3305889267990077e-8
-1.2580124528496575e-8
-1.1906576979001515e-8
-1.1240479256234219e-8
-1.0329620690394617e-8
-9.390543028857575e-9
-8.449648718052828e-9
-7.546828079200005e-9
-6.5317893773015734e-9
-5.6945078341125415e-9
-5.057363301062968e-9
-4.608581800735062e-9
-4.266358498898419e-9
-4.088235000334587e-9
-3.910389303294615e-9
-3.761577908375848e-9
-3.54940505810496e-9
-3.2495919387867226e-9
-2.9621361338320835e-9
-2.611253700774007e-9
-2.3545561040294707e-9
-2.143707206872342e-9
-1.992240975930979e-9
-1.8926903753290857e-9
1.4246869115901723e-6
-7.028632184132722e-7
-1.0444368733570997e-6
-9.799787580786089e-7
-8.472219629791559e-7
-7.31412392189612e-7
-6.473012595952351e-7
-5.906244849984066e-7
-5.536623457406372e-7
-5.296542632802045e-7
-5.136507148669592e-7
-5.023104910612957e-7
-4.934814764766412e-7
-4.858228055711903e-7
-4.785247586027795e-7
-4.7111838506161335e-7
-4.633517792362805e-7
-4.5511126204502105e-7
-4.4637119242826915e-7
-4.3716149226135153e-7
-4.176079496520049e-7
-4.0743909989790073e-7
-3.9713300546824464e-7
-3.7646272564311216e-7
-3.6625665489511275e-7
-3.4642793376421153e-7
-3.276979619346225e-7
-3.1883163711012165e-7
-3.022012760401064e-7
-2.8710582256250475e-7
-2.735511711183718e-7
-2.559625073218457e-7
-2.458907550815258e-7
-2.3696030749668382e-7
-2.2531868334830415e-7
-2.1524836556566398e-7
-2.062003952794374e-7
-1.977265948263648e-7
-1.8950250449555303e-7
-1.8132840785967268e-7
-1.703675804854948e-7
-1.593744069241321e-7
-1.485528008540277e-7
-1.381831364001246e-7
-1.2626314142662287e-7
-1.1583255068339796e-7
-1.0700890192739738e-7
-9.968036787984401e-8
-9.248631578463121e-8
-8.745206627569813e-8
-8.129674506046131e-8
-7.64743303619585e-8
-7.113259408822593e-8
-6.536224042603156e-8
-6.070992363647566e-8
-5.5436946729962503e-8
-5.145585715700899e-8
-4.766899067807485e-8
-4.4107839953060646e-8
-4.1014476225273645e-8
1.865434590228051e-6
-1.0101926526920307e-7
-4.1996661430331357e-7
-4.0432323228719555e-7
-3.386735744736705e-7
-2.851647580318358e-7
-2.511316226968933e-7
-2.318349370377216e-7
-2.2166133817876469e-7
-2.1652748598193838e-7
-2.1390314966646492e-7
-2.1234811471564464e-7
-2.110856964448787e-7
-2.0971287743022058e-7
-2.0802868819395003e-7
-2.0594121156645307e-7
-2.034200596795216e-7
-2.0047242606801064e-7
-1.9713014109798705e-7
-1.934413790048974e-7
-1.8526162481804552e-7
-1.808963659949487e-7
-1.7642825073635163e-7
-1.6739328099080187e-7
-1.6291366758200296e-7
-1.5419481680444787e-7
-1.4594417123417564e-7
-1.4203184725699844e-7
-1.3467716874213695e-7
-1.2797849241697486e-7
-1.2194407546744189e-7
-1.140926144300754e-7
-1.0959233681862804e-7
-1.0560388811850061e-7
-1.0041137019506309e-7
-9.592651721648184e-8
-9.190078044744382e-8
-8.81334753063176e-8
-8.4481480313171e-8
-8.085706633037745e-8
-7.600336037975232e-8
-7.11355901583502e-8
-6.633616244768914e-8
-6.172559024174281e-8
-5.641047942151255e-8
-5.174773660960705e-8
-4.779646941583951e-8
-4.451100077962902e-8
-4.1284929896515066e-8
-3.90304456158422e-8
-3.628298427795998e-8
-3.413801385894858e-8
-3.1764733662248075e-8
-2.919735736610008e-8
-2.7122387512502728e-8
-2.476532057943165e-8
-2.2982825537494615e-8
-2.1286669146976155e-8
-1.9693837552948205e-8
-1.831306611488675e-8
1.95591270570463e-6
1.3093476818948625e-7
-1.4942746976244883e-7
-1.43923304259308e-7
-9.934112700846157e-8
-6.45148990626115e-8
-4.3719284399984324e-8
-3.269820129998844e-8
-2.721989311497062e-8
-2.4543158986612285e-8
-2.317644096398171e-8
-2.2398174332272773e-8
-2.188990494201164e-8
-2.1517056793507435e-8
-2.121739664719013e-8
-2.0953133277272693e-8
-2.069508984308329e-8
-2.0420167620479242e-8
-2.011249715902078e-8
-1.9764257060419016e-8
-1.8950420724269986e-8
-1.8499130782023927e-8
-1.8031472313939176e-8
-1.7084947928077966e-8
-1.6620709876953424e-8
-1.573149110320925e-8
-1.4903888695498875e-8
-1.4513260835049945e-8
-1.3776123023803146e-8
-1.3096434311381178e-8
-1.2475474809743984e-8
-1.165952521099953e-8
-1.1192671858973272e-8
-1.0782599749768735e-8
-1.025549734155632e-8
-9.8035335278079e-9
-9.39552027117541e-9
-9.009612197777202e-9
-8.633554681379281e-9
-8.261519055242655e-9
-7.767569489182541e-9
-7.275136603024621e-9
-6.788513747885367e-9
-6.317883885632663e-9
-5.772277980892358e-9
-5.293608593592507e-9
-4.889439836093285e-9
-4.553782703064812e-9
-4.222951639165487e-9
-3.99095528448634e-9
-3.709265161117937e-9
-3.490981167295676e-9
-3.249704820009755e-9
-2.9872776913784815e-9
-2.7745900237729024e-9
-2.5335150987234997e-9
-2.3512978434466443e-9
-2.177282195200879e-9
-2.013827828730846e-9
-1.8727924326501212e-9
1.9731482245092017e-6
2.8050259986082323e-7
4.416130327748518e-8
5.5693903626327304e-8
9.691116878085843e-8
1.2860821024159598e-7
1.48584932842472e-7
1.606959663896276e-7
1.682412772489612e-7
1.7315214874487285e-7
1.7638203315727076e-7
1.783607363520069e-7
1.7929110611988706e-7
1.793013149090975e-7
1.7850642305490004e-7
1.7702374274200332e-7
1.7496975461681126e-7
1.7245297335606147e-7
1.695687277373352e-7
1.663972823504933e-7
1.5944533056826248e-7
1.55764618651181e-7
1.520018389518271e-7
1.4436716710851565e-7
1.4055682990761763e-7
1.3308569466265672e-7
1.259625891245094e-7
1.2257527574542188e-7
1.1620664679389135e-7
1.1041809410711399e-7
1.0521796060154477e-7
9.84617662024233e-8
9.458278200365477e-8
9.113439777682846e-8
8.662950928920571e-8
8.273633744951378e-8
7.925645861684425e-8
7.601978692162637e-8
7.289533938516088e-8
6.979712973916808e-8
6.564060785637051e-8
6.146184315096092e-8
5.733653361760668e-8
5.337084914022281e-8
4.879158908565953e-8
4.4760103359521025e-8
4.133018364998417e-8
3.847238801119454e-8
3.5669944300561154e-8
3.3718298494359127e-8
3.134730398648728e-8
2.9499484516647472e-8
2.7457229837815825e-8
2.5248477685295244e-8
2.3459402970920447e-8
2.1418921075808876e-8
1.9872014020289323e-8
1.840150322472319e-8
1.7023423400341555e-8
1.5829885709428984e-8
2.2865892008365103e-6
7.709646375318656e-7
6.197946911924434e-7
6.808098014567582e-7
7.595674711597297e-7
8.236834678978356e-7
8.721250919349634e-7
9.0848227606045e-7
9.357162324902196e-7
9.556690434535741e-7
9.694447051311008e-7
9.777765206812628e-7
9.812443485657017e-7
9.803743309797095e-7
9.75672219769768e-7
9.676268442764777e-7
9.567040866151442e-7
9.433405930144619e-7
9.279401976862829e-7
9.108731180170142e-7
8.730586481014987e-7
8.528961929836727e-7
8.32240539721158e-7
7.903251800944991e-7
7.694419894835933e-7
7.285908019271304e-7
6.897266541061144e-7
6.712523340392461e-7
6.364893161511568e-7
6.048262476779546e-7
5.763159453009109e-7
5.392114201695109e-7
5.179100192188082e-7
4.989963512863933e-7
4.7433350712969917e-7
4.5304700571304354e-7
4.3401491866561395e-7
4.162973751136515e-7
3.991906415737778e-7
3.8224100300508696e-7
3.5953164002580243e-7
3.367159581690538e-7
3.1417668457258756e-7
2.9247870414541453e-7
2.673884875818725e-7
2.4528415451022297e-7
2.2647645493315783e-7
2.108029277926042e-7
1.9542537264125002e-7
1.8471641082535486e-7
1.7172420281392095e-7
1.6161741906365074e-7
1.504515682676995e-7
1.3836246830131692e-7
1.2856072802227382e-7
1.1737839988375303e-7
1.0889763827764758e-7
1.0083002621650015e-7
9.32715593832046e-8
8.673512556424879e-8
-1.2775862736259208e-5
-1.2923565533869033e-5
-1.1371672936318402e-5
-9.524988051558348e-6
-7.799225273751197e-6
-6.303980225760243e-6
-5.04740895918469e-6
-4.0050161133654906e-6
-3.144473035216268e-6
-2.4346197592105056e-6
-1.8483897894577638e-6
-1.3633442534105821e-6
-9.61300395195289e-7
-6.276737672874368e-7
-3.5079238747058637e-7
-1.212839659616794e-7
6.843264529342918e-8
2.2455147804942315e-7
3.5219129124653445e-7
4.5563156512485776e-7
6.038480323157219e-7
6.543596505079124e-7
6.923136373475291e-7
7.382293971438778e-7
7.494152243119392e-7
7.547823502268766e-7
7.44279889136733e-7
7.351269292272453e-7
7.121546036273595e-7
6.861098458639492e-7
6.597650349106499e-7
6.234865076845437e-7
6.028232287755663e-7
5.853566413419359e-7
5.648142241167844e-7
5.497166911464248e-7
5.380178984042794e-7
5.275927539902911e-7
5.166080375770682e-7
5.037344862521116e-7
4.824330036389843e-7
4.5630927766699367e-7
4.2655835514723274e-7
3.9519985663565164e-7
3.5710422892361576e-7
3.2350534302007623e-7
2.9633414336205666e-7
2.757657451191365e-7
2.581213524055714e-7
2.471189839634267e-7
2.3373973688464057e-7
2.2184539782541568e-7
2.063998408470932e-7
1.8763415404753393e-7
1.7209429867249363e-7
1.555163380885697e-7
1.4440421749330412e-7
1.348052670612266e-7
1.2571582894968984e-7
1.1694806967602895e-7
2.3951059732389636e-5
2.03359055635095e-5
1.9440332147576113e-5
1.9659006698157754e-5
2.0381607748429975e-5
2.134099027887978e-5
2.2384493774255676e-5
2.341429238646575e-5
2.4369305161411247e-5
2.5215284390731137e-5
2.5936605400102395e-5
2.652942051763369e-5
2.6996545377095495e-5
2.734408815791404e-5
2.7579509227409312e-5
2.7710679380002143e-5
2.774553351326807e-5
2.7692013365877675e-5
2.7558102086259083e-5
2.7351845884841582e-5
2.6754565414553954e-5
2.637943752730787e-5
2.5963520573675253e-5
2.5037571487873952e-5
2.454040453220412e-5
2.3505705053596197e-5
2.244817248128392e-5
2.1920586737967443e-5
2.0883419958535452e-5
1.9886740865417208e-5
1.8945743363697077e-5
1.766038997657257e-5
1.689521044358409e-5
1.6204690498807708e-5
1.530314641232823e-5
1.4546833400561579e-5
1.3911928633895175e-5
1.3371807357454992e-5
1.289988302229422e-5
1.2471458833617695e-5
1.1931295726728973e-5
1.1391681513979517e-5
1.0829674533768496e-5
1.0238887637022606e-5
9.472550490051333e-6
8.707566283548907e-6
7.983670558963085e-6
7.3339597427970795e-6
6.679150868036008e-6
6.241923285640725e-6
5.7741953793519684e-6
5.46965859883499e-6
5.1715013326601645e-6
4.846206417106786e-6
4.549156988775067e-6
4.155036176685379e-6
3.819099958618908e-6
3.4883821365580345e-6
3.1972050176439407e-6
2.9760164054409197e-6
8.557847476516028e-5
7.942674093240807e-5
7.62314364085566e-5
7.421927041730586e-5
7.279338377418671e-5
7.179875039217394e-5
7.112003265098796e-5
7.063840261997226e-5
7.025305289898095e-5
6.989360787823545e-5
6.951835157269242e-5
6.910589757900865e-5
6.864642674959049e-5
6.813528068008062e-5
6.756939483845482e-5
6.694596264480159e-5
6.626243359614191e-5
6.551706612979546e-5
6.470951388343721e-5
6.384117901408309e-5
6.193652386046149e-5
6.091093585931301e-5
5.984518729192293e-5
5.762111365941395e-5
5.6476333846155343e-5
5.415196584604023e-5
5.1816123615961204e-5
5.0655267972170335e-5
4.8367283071640495e-5
4.614729368731079e-5
4.401965903943705e-5
4.104438168582078e-5
3.922539427966485e-5
3.75470454223473e-5
3.5295540628563435e-5
3.335056648996729e-5
3.168481601678769e-5
3.0263331078405e-5
2.9047753301216884e-5
2.799817989373942e-5
2.678723062544082e-5
2.570754165831258e-5
2.4679589857518466e-5
2.364551353698878e-5
2.22981380514633e-5
2.08826866999713e-5
1.9429449338679695e-5
1.7989731809700173e-5
1.6359630610211538e-5
1.5140744410631855e-5
1.371015306217407e-5
1.2750683074414987e-5
1.1897641833772111e-5
1.1161114152752748e-5
1.0618659055173756e-5
9.94349004793899e-6
9.311068691361167e-6
8.568327359919655e-6
7.774854744909073e-6
7.097990198621191e-6
2.4524948182863745e-5
1.9594259375047786e-5
1.7569038852666405e-5
1.6747270184346464e-5
1.6524094201613242e-5
1.665068877284691e-5
1.6984738199182323e-5
1.7429582434101903e-5
1.7918968563476635e-5
1.8409952400682316e-5
1.8876664443190996e-5
1.9304659501686416e-5
1.968644574098822e-5
2.0018411569079104e-5
2.0298987362313333e-5
2.052770635025843e-5
2.0704818405314808e-5
2.0831181270649005e-5
2.0908246858580808e-5
2.0938043480144854e-5
2.08664203354981e-5
2.077119650770606e-5
2.0640829492503418e-5
2.028822981576429e-5
2.0072529017516073e-5
1.9577401859553828e-5
1.9015236651472107e-5
1.871510100817861e-5
1.8087663869202698e-5
1.743724597007626e-5
1.6778238917107107e-5
1.5800618900191012e-5
1.5170786110491696e-5
1.4567372953249162e-5
1.372280569335785e-5
1.2959466802419783e-5
1.228079211695491e-5
1.1685383459576455e-5
1.1168389822538568e-5
1.0722301158129979e-5
1.0221036113522647e-5
9.80242936787653e-6
9.439361983904047e-6
9.107092444851273e-6
8.704915502662351e-6
8.292742192503724e-6
7.857138043270736e-6
7.397163134150646e-6
6.826784211179805e-6
6.355511581981384e-6
5.738187585648363e-6
5.2747941389300926e-6
4.827948506366298e-6
4.439245375872692e-6
4.187401862781447e-6
3.940897197904318e-6
3.750789600190821e-6
3.530686342444621e-6
3.2634398109253735e-6
2.98770984368798e-6
-3.0426125626516526e-7
-4.234291344103863e-6
-5.395059261763644e-6
-5.530913568844243e-6
-5.233920498672947e-6
-4.7499505573083746e-6
-4.197091951058574e-6
-3.6364088507358e-6
-3.0995177462187292e-6
-2.6015480666915843e-6
-2.148226814848392e-6
-1.7400863839267147e-6
-1.375010514595159e-6
-1.049732261020478e-6
-7.606606461727357e-7
-5.042908263062134e-7
-2.7737224180247423e-7
-7.694979875893478e-8
9.965108405921383e-8
2.5485612575605273e-7
5.097071133486035e-7
6.131867287784764e-7
7.029603311753675e-7
8.471563873059144e-7
9.040731952247916e-7
9.927391975169146e-7
1.0534312849347408e-6
1.0750423040763001e-6
1.1037105543109944e-6
1.1162927505307809e-6
1.1162529455770896e-6
1.0988869115318226e-6
1.079270031533747e-6
1.0554594413307044e-6
1.0150334810995052e-6
9.721319449288049e-7
9.292877251100821e-7
8.882517617700397e-7
8.502104109517729e-7
8.15870375717861e-7
7.762443723934294e-7
7.432514242626002e-7
7.157594373296943e-7
6.923497089606575e-7
6.667257477393473e-7
6.429343463019637e-7
6.189878165334297e-7
5.934163328188183e-7
5.596322483123286e-7
5.291544693032872e-7
4.84845492819206e-7
4.4760406985276577e-7
4.0756647205329473e-7
3.6867089014976244e-7
3.4168356341018294e-7
3.161802370105841e-7
2.9991862144116846e-7
2.851000540078012e-7
2.691907040903625e-7
2.5191397838665393e-7
2.445830137322823e-6
-1.1262005922109192e-6
-2.1114332548640252e-6
-2.2673446122589426e-6
-2.131955720968287e-6
-1.9051699775940895e-6
-1.666545439201443e-6
-1.4469051791067667e-6
-1.25615023559336e-6
-1.0951801205177775e-6
-9.612748101886712e-7
-8.505592198408628e-7
-7.591023227818274e-7
-6.8336467885506e-7
-6.203375558172217e-7
-5.675423772471034e-7
-5.229735476608752e-7
-4.850245958326148e-7
-4.524157434987627e-7
-4.241300800534298e-7
-3.774651826876809e-7
-3.57935551198421e-7
-3.4036635285474415e-7
-3.09885427922212e-7
-2.965120160343397e-7
-2.726721875857823e-7
-2.519576980393707e-7
-2.425683700562773e-7
-2.254410452071123e-7
-2.1024273804294024e-7
-1.967284957609294e-7
-1.792212479318553e-7
-1.6918413982522726e-7
-1.6031179965707085e-7
-1.4894535779031248e-7
-1.3959563113324626e-7
-1.31924207590245e-7
-1.2560831731854316e-7
-1.2034526577219914e-7
-1.15858493011649e-7
-1.1066622700407387e-7
-1.0594741483043705e-7
-1.013549042940264e-7
-9.667300426935507e-8
-9.05624632107566e-8
-8.420687633379471e-8
-7.780061377412662e-8
-7.160686488848425e-8
-6.480711945678249e-8
-5.987917129574163e-8
-5.42569928441587e-8
-5.056213920442093e-8
-4.7289884022454147e-8
-4.441456316044673e-8
-4.2227390908339766e-8
-3.944496121544653e-8
-3.6856165799680304e-8
-3.388663606134556e-8
-3.07675166857419e-8
-2.8087058621709998e-8
3.700958934654638e-6
3.596353227833023e-7
-5.162179309238403e-7
-6.893489428690121e-7
-6.482908198534373e-7
-5.528708431811555e-7
-4.56880719144548e-7
-3.7635888034033856e-7
-3.1368586440868056e-7
-2.6668845820420364e-7
-2.321195895186537e-7
-2.069152742216539e-7
-1.885641490622353e-7
-1.7513680536137265e-7
-1.6520129433445067e-7
-1.5771570378289677e-7
-1.519309390248576e-7
-1.4731274500362098e-7
-1.4348265823362438e-7
-1.4017458653922187e-7
-1.344417654146469e-7
-1.3180453854223735e-7
-1.2923598692155674e-7
-1.241812630724046e-7
-1.2166546739813378e-7
-1.1663983260880178e-7
-1.1164445734896694e-7
-1.0917284156862099e-7
-1.0431597345077135e-7
-9.961856830231417e-8
-9.5128015885531e-8
-8.88614802503018e-8
-8.503409332221952e-8
-8.150303931845873e-8
-7.67651344367727e-8
-7.267065867891061e-8
-6.916047815837984e-8
-6.61554485077586e-8
-6.356648061055008e-8
-6.130193535694036e-8
-5.863492121124647e-8
-5.620022977768779e-8
-5.3849590154580956e-8
-5.148430540673822e-8
-4.843945416998056e-8
-4.5303832012558606e-8
-4.215166075066037e-8
-3.908895471627186e-8
-3.5679320252207555e-8
-3.315354384740565e-8
-3.017808735466964e-8
-2.8135913806173815e-8
-2.624116229608135e-8
-2.451072939478709e-8
-2.3197616631864215e-8
-2.160186407118848e-8
-2.019611594480741e-8
-1.8638473635104824e-8
-1.7025006856552437e-8
-1.5628081282557018e-8
3.8714155972046e-6
7.100740105762499e-7
-6.997077778545651e-8
-2.3084556267727754e-7
-2.212087414430821e-7
-1.7360130432560617e-7
-1.2706341077375124e-7
-9.08858503461187e-8
-6.516039796803202e-8
-4.765739670129574e-8
-3.6034647788473935e-8
-2.8423642604008205e-8
-2.3478325988358705e-8
-2.0275114848260147e-8
-1.8196296807508406e-8
-1.683464249779483e-8
-1.5924283477909897e-8
-1.5293252271212807e-8
-1.4831637990263841e-8
-1.4470349642608865e-8
-1.389597720910545e-8
-1.3642859104452655e-8
-1.3399370318013989e-8
-1.2925390879227553e-8
-1.2690986591330868e-8
-1.222233943614463e-8
-1.1750353915019307e-8
-1.1512635764488324e-8
-1.103516948488475e-8
-1.0559927320328862e-8
-1.0095166712287135e-8
-9.436590277420673e-9
-9.032903342917172e-9
-8.661525704253672e-9
-8.165374565329781e-9
-7.736735524301144e-9
-7.366691925087268e-9
-7.046690890868088e-9
-6.7691267335277494e-9
-6.526433913390031e-9
-6.242749469846545e-9
-5.98589964640638e-9
-5.738041577828852e-9
-5.487511513086954e-9
-5.164023687791152e-9
-4.831439703071841e-9
-4.497943596909362e-9
-4.173616356894874e-9
-3.810813615026027e-9
-3.5407052605765236e-9
-3.221837988476206e-9
-3.0031152190426705e-9
-2.800165557107014e-9
-2.6145603664745685e-9
-2.4741060627348916e-9
-2.3046197551301135e-9
-2.1557301271684767e-9
-1.990218746368186e-9
-1.8181663778936197e-9
-1.6689400310790457e-9
3.821429058123549e-6
8.124494238220234e-7
1.1871727307100979e-7
-1.795464388685444e-8
-1.336972075723979e-8
1.917395676407083e-8
4.9746596614863876e-8
7.261905813456144e-8
8.85448293413667e-8
9.942545744567447e-8
1.0688447809142451e-7
1.1204506979419143e-7
1.1562548195844964e-7
1.1807517208412973e-7
1.196798794537091e-7
1.2062886469797637e-7
1.2105405082860367e-7
1.2105174985068978e-7
1.2069470988287513e-7
1.2003917472772635e-7
1.1800127850614712e-7
1.166841938339517e-7
1.1520359129485933e-7
1.1184027245938939e-7
1.0999769154374532e-7
1.0608279309435541e-7
1.0197307284331501e-7
9.988295756267817e-8
9.569728494517709e-8
9.157625602025678e-8
8.758892485153908e-8
8.196646825125025e-8
7.850482395916212e-8
7.529446925488039e-8
7.096357508063773e-8
6.720200114185e-8
6.396640224067226e-8
6.119099911158243e-8
5.879744030737805e-8
5.670312279207461e-8
5.423808224793211e-8
5.199287712205967e-8
4.983276634446053e-8
4.7666173816654644e-8
4.488163946427199e-8
4.2011758742975494e-8
3.9119254657340775e-8
3.6299601792838796e-8
3.314839999364258e-8
3.080444889994851e-8
2.803067204104137e-8
2.6119102427163652e-8
2.4343400243460354e-8
2.2727623559346507e-8
2.1510290633729966e-8
2.004033547140098e-8
1.8748511499460625e-8
1.731439162153813e-8
1.582131354211024e-8
1.4520785614834405e-8
3.9545290687571475e-6
1.0903617102911233e-6
4.932816651678963e-7
4.045732370766816e-7
4.339704188262569e-7
4.826657732259201e-7
5.269095212019098e-7
5.629113665328239e-7
5.915798039149854e-7
6.144120155305243e-7
6.325901649687585e-7
6.469304195188256e-7
6.579962922501265e-7
6.661996840898625e-7
6.718632379805884e-7
6.752538888861978e-7
6.766004745990165e-7
6.761038878767147e-7
6.739440112725615e-7
6.702850695724381e-7
6.590725565442252e-7
6.518010913167744e-7
6.435976106318362e-7
6.248959019789647e-7
6.14633415582795e-7
5.92824121081881e-7
5.699350592724333e-7
5.582944179443524e-7
5.349740557767424e-7
5.119927244920247e-7
4.897328640039984e-7
4.5831254439838797e-7
4.389585863906016e-7
4.210093899240847e-7
3.9679725370146726e-7
3.7576368944585116e-7
3.576583847229809e-7
3.421142166769453e-7
3.2870190343220507e-7
3.1697011445405275e-7
3.0317986075154477e-7
2.9064191164599636e-7
2.785925727586566e-7
2.6651127643833885e-7
2.509853722917879e-7
2.3498442481037687e-7
2.1885355335064086e-7
2.0311629661831496e-7
1.855038127403456e-7
1.7238388833245747e-7
1.5684042657155423e-7
1.4612166805198916e-7
1.3616358695613567e-7
1.2710850009291866e-7
1.202993782880562e-7
1.1209619761813336e-7
1.0489282492343862e-7
9.688756689926792e-8
8.853920992580814e-8
8.125773848045253e-8
-2.8311190296890276e-6
-3.538148277835525e-6
-3.0254735749745467e-6
-2.3929605864304826e-6
-1.8708175186585505e-6
-1.4823254943775068e-6
-1.2030338791414589e-6
-1.0033661673001938e-6
-8.591448380526952e-7
-7.528360770107358e-7
-6.723701994333707e-7
-6.0963950317368e-7
-5.59250831205245e-7
-5.176199949834276e-7
-4.823539637314024e-7
-4.518424572560666e-7
-4.2499168530954615e-7
-4.01051007269765e-7
-3.794992053174374e-7
-3.599688578362061e-7
-3.2598177886403317e-7
-3.111756010262979e-7
-2.9765190430804454e-7
-2.740309026277173e-7
-2.6374439597163045e-7
-2.4578008452304164e-7
-2.3074442240636563e-7
-2.2413117193752142e-7
-2.1236282272518305e-7
-2.0212895874762712e-7
-1.9301397844803814e-7
-1.8074303008772916e-7
-1.7316307940957632e-7
-1.658873221082822e-7
-1.553662506035592e-7
-1.4522826035691578e-7
-1.3550379095235043e-7
-1.262973611129579e-7
-1.1772872079234847e-7
-1.0989212413998023e-7
-1.0065680941678142e-7
-9.277677245937288e-8
-8.610513172498004e-8
-8.043100746560358e-8
-7.44048955799325e-8
-6.921675186552958e-8
-6.459459863505398e-8
-6.037442171598987e-8
-5.573759225865294e-8
-5.2209640872308205e-8
-4.779297099256245e-8
-4.448900825253381e-8
-4.115027790222382e-8
-3.790710645183261e-8
-3.546570564610628e-8
-3.273877279879602e-8
-3.061344440608639e-8
-2.8489823848041286e-8
-2.6418374762496613e-8
-2.4619206500929733e-8
-5.734608160896305e-6
-8.10386972850898e-6
-8.182680924406557e-6
-7.503930123105992e-6
-6.590124415702255e-6
-5.647442440882047e-6
-4.760408949914637e-6
-3.960757006392902e-6
-3.255971499115987e-6
-2.642442782299525e-6
-2.1119125677517473e-6
-1.6546954194169012e-6
-1.261247634154848e-6
-9.228629680431505e-7
-6.319088319052635e-7
-3.8183101896475037e-7
-1.6705376356657636e-7
1.7155968575342843e-8
1.748247742343617e-7
3.093939507889516e-7
5.206586359740535e-7
6.021244029668543e-7
6.701474292576485e-7
7.723942183276777e-7
8.093854338762774e-7
8.608068220526429e-7
8.882544219137299e-7
8.948988941706953e-7
8.9714752079559e-7
8.880991806926689e-7
8.711510472968102e-7
8.367059429402954e-7
8.106779056347391e-7
7.839470666648637e-7
7.447694354303929e-7
7.086483337261909e-7
6.767492113592582e-7
6.494342547113246e-7
6.265139247677311e-7
6.074210511560641e-7
5.864924528031226e-7
5.686790151391837e-7
5.518023922000513e-7
5.341100475152186e-7
5.092312791897909e-7
4.807505518572411e-7
4.4939247741303784e-7
4.1673632709883596e-7
3.784994302625653e-7
3.494462403998401e-7
3.1536922688698934e-7
2.9295420705712083e-7
2.7378502889993633e-7
2.580802559373484e-7
2.467228524947331e-7
2.3197008642978023e-7
2.173060016006302e-7
1.9949354532213586e-7
1.8031875750425254e-7
1.6421064618443912e-7
2.4473617913300565e-5
1.9566152352961598e-5
1.7553148387903398e-5
1.673817291138825e-5
1.6518897569429934e-5
1.6647768576396616e-5
1.698315472598814e-5
1.7428782494470708e-5
1.791862322482925e-5
1.84098650115195e-5
1.8876717230338177e-5
1.9304782110782998e-5
1.968659652619558e-5
2.0018566377655645e-5
2.0299132754443635e-5
2.0527835456739294e-5
2.0704928364304373e-5
2.0831271619738445e-5
2.0908318514413257e-5
2.093809808752315e-5
2.0866446787467103e-5
2.077121182358056e-5
2.0640835434885604e-5
2.028822149017779e-5
2.0072515401285795e-5
1.9577380502477344e-5
1.9015210480971756e-5
1.8715073279842124e-5
1.808763434643173e-5
1.7437216010646225e-5
1.6778209468909165e-5
1.5800591270702803e-5
1.5170760029227656e-5
1.4567348494804777e-5
1.3722783624891276e-5
1.2959446979988708e-5
1.2280774380586858e-5
1.1685367638104642e-5
1.1168375710551461e-5
1.0722288513247774e-5
1.022102503536657e-5
9.802419487341412e-6
9.43935306786446e-6
9.107084369258534e-6
8.704908360869502e-6
8.292735843236395e-6
7.857132351947623e-6
7.3971580295860276e-6
6.826779805384846e-6
6.355507758236097e-6
5.738184485524666e-6
5.274791519811916e-6
4.8279463264705705e-6
4.439243624515901e-6
4.187400409966597e-6
3.9408959600268336e-6
3.75078845575191e-6
3.530685335734761e-6
3.263438993358725e-6
2.98770912124251e-6
6.881481227729951e-5
6.22428634723887e-5
5.893367416213955e-5
5.6829472916805774e-5
5.5259356826325385e-5
5.410393635080577e-5
5.3283744708892106e-5
5.269921361232241e-5
5.225778091184626e-5
5.1892487657096735e-5
5.156334556804607e-5
5.1249935456060273e-5
5.094260187240537e-5
5.063580752766901e-5
5.032445865599667e-5
5.0002652752098555e-5
4.9663895830910146e-5
4.930192809046817e-5
4.8911570746964996e-5
4.848928991526222e-5
4.754388982154173e-5
4.702217352230604e-5
4.6470564452599956e-5
4.528914251097293e-5
4.4665200204337416e-5
4.3364076102029043e-5
4.2006640702855114e-5
4.1311657257040735e-5
3.989844526131319e-5
3.846726402468935e-5
3.7034797881387125e-5
3.4920787135620624e-5
3.355704064096164e-5
3.224417266364931e-5
3.0388382977022936e-5
2.8683046221777544e-5
2.713519404903565e-5
2.5746160974193943e-5
2.451350198801545e-5
2.3430788618433635e-5
2.2200580098084238e-5
2.1178551243309005e-5
2.031862704296051e-5
1.9574659821302077e-5
1.874614565996279e-5
1.7970472183447462e-5
1.7198068141561943e-5
1.6395540922640245e-5
1.5374613962314547e-5
1.4485185730351001e-5
1.3229600752184791e-5
1.2197874348384901e-5
1.1104777061049078e-5
1.0052395609203863e-5
9.32255110019413e-6
8.625714352317633e-6
8.173143453971485e-6
7.75656213757737e-6
7.3133515670745265e-6
6.8403060176458165e-6
2.616666458582953e-5
2.0226241441453204e-5
1.7607064670809404e-5
1.6257046872594426e-5
1.549568440896704e-5
1.511838809838381e-5
1.5010422533438388e-5
1.5077534975188406e-5
1.5245531435188576e-5
1.5463302518322466e-5
1.5699934055023655e-5
1.5938663174754707e-5
1.6170880291945653e-5
1.6391740993217377e-5
1.659764703412393e-5
1.6785204962071603e-5
1.6951092882984426e-5
1.7092335911109663e-5
1.7206649921838225e-5
1.7292672805843583e-5
1.7379210932716275e-5
1.7381429171831928e-5
1.7358325756561885e-5
1.7243649144537773e-5
1.7155770407900256e-5
1.69270608351316e-5
1.663659174614787e-5
1.64710663624962e-5
1.6104797956558895e-5
1.5698970974380876e-5
1.5263013806049287e-5
1.45737262822331e-5
1.4103762452091865e-5
1.3634284105324548e-5
1.2943324619611576e-5
1.2280220050925863e-5
1.1654307924111399e-5
1.1072429459368155e-5
1.0539696081179274e-5
1.005913031030082e-5
9.499739282792429e-6
9.026931557849839e-6
8.628478117255057e-6
8.290254514363136e-6
7.931744746732695e-6
7.622378004163873e-6
7.339606997102429e-6
7.062894130850991e-6
6.717616920094989e-6
6.410836902058867e-6
5.955409923325196e-6
5.5534973694474455e-6
5.0914180414920175e-6
4.600413937867172e-6
4.225735235502373e-6
3.838479290017072e-6
3.5809442684046683e-6
3.3660886068448766e-6
3.1836573692203043e-6
3.0235051775187475e-6
4.077365244090575e-6
-1.0964981749655237e-6
-3.0499018229455415e-6
-3.7865142626558347e-6
-3.962084594126689e-6
-3.854012839187554e-6
-3.5999871731795847e-6
-3.2750620346392824e-6
-2.922042922072587e-6
-2.5655920755016923e-6
-2.2196677195325584e-6
-1.891797445894604e-6
-1.5856489309281122e-6
-1.302602545575556e-6
-1.042711551555465e-6
-8.05281389271677e-7
-5.892138658266304e-7
-3.932091491784742e-7
-2.1588396194306067e-7
-5.5841572343810283e-8
2.178093539895459e-7
3.339685668113954e-7
4.379191535783625e-7
6.133761753489557e-7
6.867528218083014e-7
8.088568811141923e-7
9.026562612315106e-7
9.404254376316896e-7
1.0002413122400507e-6
1.0420288083841013e-6
1.0688730115159516e-6
1.086839870322677e-6
1.0871699455416313e-6
1.080335382134491e-6
1.0599309850424542e-6
1.030993097229437e-6
9.967913457143336e-7
9.598805854742454e-7
9.222374887897755e-7
8.853400850830377e-7
8.390422504624641e-7
7.973263530760951e-7
7.6077052941751e-7
7.293691849093984e-7
6.967578999801093e-7
6.702875428953392e-7
6.482519262069748e-7
6.287906301732406e-7
6.064320627836843e-7
5.870885673106001e-7
5.573552504957624e-7
5.289475670438017e-7
4.929472446658526e-7
4.5015426131297813e-7
4.1381359337581315e-7
3.720329490546458e-7
3.4146702164238025e-7
3.149846950442356e-7
2.941860078980839e-7
2.796565602028309e-7
5.32296047377607e-6
4.771814236302551e-7
-1.177641065703897e-6
-1.7404765231041389e-6
-1.8586068801466793e-6
-1.786934559155414e-6
-1.6386225404455962e-6
-1.4666430521750107e-6
-1.295900992590523e-6
-1.1375226545587683e-6
-9.957248649141093e-7
-8.712802606409029e-7
-7.633131519464589e-7
-6.702392899832179e-7
-5.902539507466709e-7
-5.215778339977859e-7
-4.625723816257715e-7
-4.117850762783378e-7
-3.679579565954093e-7
-3.300176866181608e-7
-2.683150332119476e-7
-2.431534758375491e-7
-2.2104001010568304e-7
-1.8425034140754206e-7
-1.6889018577948872e-7
-1.4292102698937437e-7
-1.2198147905516972e-7
-1.1301622959680715e-7
-9.752054886187728e-8
-8.468901037258374e-8
-7.398408462268328e-8
-6.106116525386433e-8
-5.411397664977095e-8
-4.824457929738337e-8
-4.109396217849757e-8
-3.553181650996684e-8
-3.1211953957276135e-8
-2.7869254941360182e-8
-2.5297914588174588e-8
-2.3333937558960813e-8
-2.1429307802894022e-8
-2.0100608392619206e-8
-1.9134170164000603e-8
-1.8364919211897488e-8
-1.7502148059489984e-8
-1.661183773762639e-8
-1.5611937443307465e-8
-1.4473952858039992e-8
-1.2953579488728992e-8
-1.1624851635092056e-8
-9.82509194538003e-9
-8.470367328440574e-9
-7.219120082417303e-9
-6.2709954829348965e-9
-5.82956141920713e-9
-5.6495042525866485e-9
-5.666062455286831e-9
-5.666134046482213e-9
-5.480855487872265e-9
-5.068891513803587e-9
6.172078770866365e-6
1.531498001295561e-6
5.6964447953281226e-8
-4.2452234079407895e-7
-5.418382980767949e-7
-5.219812303783872e-7
-4.5555389631913673e-7
-3.7977458838672966e-7
-3.093181580679652e-7
-2.4905116430072466e-7
-1.9963027019791096e-7
-1.6003866578297907e-7
-1.287354389419776e-7
-1.0415747295682659e-7
-8.491675184856145e-8
-6.985682995428561e-8
-5.8047635058216896e-8
-4.8756641250856655e-8
-4.141414258404977e-8
-3.5580330908222856e-8
-2.7164523586413045e-8
-2.4123458952396094e-8
-2.1640449569661823e-8
-1.7902331936439955e-8
-1.648466568571577e-8
-1.4271218514957169e-8
-1.2641105405368686e-8
-1.1979856699502576e-8
-1.0877913531787957e-8
-9.99112934828157e-9
-9.254570042863395e-9
-8.344191177652551e-9
-7.831565701657254e-9
-7.377235875698433e-9
-6.7858964408378824e-9
-6.28532029425494e-9
-5.861128169391977e-9
-5.5016795313032025e-9
-5.197034267553146e-9
-4.938667145609801e-9
-4.653578101854694e-9
-4.42252798712491e-9
-4.231848140789634e-9
-4.069151872091281e-9
-3.8889197696658975e-9
-3.7192949910581323e-9
-3.549313316961389e-9
-3.373152256055366e-9
-3.151966895442076e-9
-2.9624768616052647e-9
-2.6994888394259383e-9
-2.486902289094154e-9
-2.2651525898434014e-9
-2.0549159506832687e-9
-1.9099553425815693e-9
-1.769588688844222e-9
-1.6751052139178888e-9
-1.5851966680965291e-9
-1.4891049494546097e-9
-1.3891541430683538e-9
6.193872544626915e-6
1.7177393732971884e-6
3.875794587904163e-7
-2.583890603886706e-8
-1.3002053069482416e-7
-1.2822303587902336e-7
-9.449707842519898e-8
-5.6043324148496706e-8
-2.204939633827814e-8
5.268336588229625e-9
2.624217229513001e-8
4.196898660689194e-8
5.36179628975565e-8
6.219406092104977e-8
6.848688536038969e-8
7.308882778550442e-8
7.643336862849694e-8
7.883391776391806e-8
8.051645698271819e-8
8.16446739410916e-8
8.268641890288636e-8
8.275594806705748e-8
8.259840010702561e-8
8.175397004640785e-8
8.112404359580549e-8
7.955224746541676e-8
7.766286026859075e-8
7.662774520041496e-8
7.442185550816864e-8
7.208572184646888e-8
6.967277521033094e-8
6.60104527982461e-8
6.359760094934613e-8
6.124490650777626e-8
5.788010042234803e-8
5.4760141855156335e-8
5.1915777561161986e-8
4.9358862588245556e-8
4.708725190752379e-8
4.5087693862741886e-8
4.280493873245362e-8
4.089318823644287e-8
3.926875718425013e-8
3.784739613550851e-8
3.6241137839410115e-8
3.47127296435391e-8
3.317628753986038e-8
3.158292839628542e-8
2.9581123229588626e-8
2.7864604238380814e-8
2.5477682781777155e-8
2.354016014490185e-8
2.15047330712003e-8
1.9552651350679423e-8
1.8186653104010492e-8
1.6839450808716744e-8
1.5916514734593493e-8
1.5035388207051152e-8
1.4107117532134714e-8
1.3159352055087666e-8
6.211857607862884e-6
1.8722457531853904e-6
6.704480312223254e-7
3.2700716307640046e-7
2.530278003083759e-7
2.641680866637315e-7
2.98212093581661e-7
3.3421384254683403e-7
3.6584780205673366e-7
3.9193292785941706e-7
4.129502350457925e-7
4.2977146281331143e-7
4.432246437398633e-7
4.539754870448686e-7
4.625226089637381e-7
4.6922812389285573e-7
4.743538271056273e-7
4.780925895845567e-7
4.805922793416913e-7
4.81972490397616e-7
4.817721782818933e-7
4.80366632320781e-7
4.781967372791523e-7
4.7185058134142916e-7
4.678056774589275e-7
4.582669614962696e-7
4.4714407458728704e-7
4.4110731097181265e-7
4.2829980006606693e-7
4.1478087682907396e-7
4.0084714333705993e-7
3.797423303444814e-7
3.658598416782559e-7
3.523343652346741e-7
3.3299768518875594e-7
3.1506339023906163e-7
2.9870114181724153e-7
2.8398011239959347e-7
2.7089294601632964e-7
2.593685292515759e-7
2.462096426696033e-7
2.3518960309450563e-7
2.258277545242203e-7
2.1764083664584936e-7
2.084005094873183e-7
1.996245685524944e-7
1.90816921797168e-7
1.8169041451103157e-7
1.7022368459966756e-7
1.603846031088302e-7
1.4668777514435125e-7
1.355538068788968e-7
1.2383826568791657e-7
1.1258088986389706e-7
1.0469050457031104e-7
9.690300257386772e-8
9.157365263286672e-8
8.650122656975531e-8
8.117605600425992e-8
7.574659806671193e-8
-1.1466094945029208e-7
-9.557369272278578e-7
-8.025911513614536e-7
-5.595509606082411e-7
-3.765880363218573e-7
-2.594642663858545e-7
-1.8912729126783337e-7
-1.478358519929128e-7
-1.2342524018644755e-7
-1.084820289270111e-7
-9.877294473450127e-8
-9.197407626811716e-8
-8.683316365602335e-8
-8.267236450409314e-8
-7.911411886860383e-8
-7.59387965569213e-8
-7.3014048381555e-8
-7.026019174712075e-8
-6.763224679179139e-8
-6.510906849392696e-8
-6.036569654534344e-8
-5.815853802424677e-8
-5.6073127335316236e-8
-5.2291816770146956e-8
-5.0598495448836495e-8
-4.7584274447029664e-8
-4.5005347828840605e-8
-4.38514937653699e-8
-4.1759842245551795e-8
-3.989278993938453e-8
-3.819005224745723e-8
-3.5851869651668944e-8
-3.439438869060533e-8
-3.299376947728983e-8
-3.096950569467795e-8
-2.9015963378418178e-8
-2.7132612236024613e-8
-2.5338301411635147e-8
-2.365988839770989e-8
-2.2120581598936903e-8
-2.0303678864926906e-8
-1.8748825833538768e-8
-1.7423476137765243e-8
-1.62853510061972e-8
-1.5065279195442032e-8
-1.4010613260658848e-8
-1.3072352260057772e-8
-1.2217346897314357e-8
-1.1278409186873285e-8
-1.0564931574473011e-8
-9.675775271193802e-9
-9.014134693833022e-9
-8.345265144360664e-9
-7.690459399054257e-9
-7.193717457539005e-9
-6.637544558158274e-9
-6.203650491992633e-9
-5.769257738504593e-9
-5.346935367223664e-9
-4.983697157717199e-9
-1.1752326492748756e-7
-2.282100826004628e-6
-2.506848860559652e-6
-2.2239048707742073e-6
-1.840399906104099e-6
-1.4817046582813707e-6
-1.1812467747952825e-6
-9.409441980782329e-7
-7.527396958288858e-7
-6.065676540775832e-7
-4.931740553421365e-7
-4.0491919614410465e-7
-3.3580800977519515e-7
-2.812585605394871e-7
-2.378160137054947e-7
-2.0289034514639174e-7
-1.745411981976485e-7
-1.5131098262563062e-7
-1.3209935799245873e-7
-1.1607046675412965e-7
-9.115027883957778e-8
-8.138427281183218e-8
-7.298832641519117e-8
-5.941541379092447e-8
-5.390342496739229e-8
-4.4822860172881534e-8
-3.7768250416475265e-8
-3.4840945820135714e-8
-2.995053268716848e-8
-2.6105852936594894e-8
-2.3081088688641695e-8
-1.9709399999719688e-8
-1.8047728392009958e-8
-1.673556156910388e-8
-1.524988195508799e-8
-1.4158875264662498e-8
-1.3306181044620905e-8
-1.2580410092187679e-8
-1.1906889369553224e-8
-1.1240807523189475e-8
-1.0329914679929172e-8
-9.39076041550804e-9
-8.449802344834085e-9
-7.546960235344629e-9
-6.531931698014402e-9
-5.6946482518395995e-9
-5.057471152485883e-9
-4.6086519439041884e-9
-4.266412248146665e-9
-4.088295540163824e-9
-3.910452630580337e-9
-3.761624574949265e-9
-3.5494318721017825e-9
-3.249618164554372e-9
-2.9621678681887906e-9
-2.6112775345038004e-9
-2.354568801138905e-9
-2.143719671514402e-9
-1.9922573295629428e-9
-1.8927012182099414e-9
-3.848603684019996e-7
-4.2679077477105045e-6
-5.407691304168633e-6
-5.5339926083039766e-6
-5.232774190978544e-6
-4.74713223498278e-6
-4.19381860761875e-6
-3.633235736417526e-6
-3.0966714029037115e-6
-2.5990950241172145e-6
-2.146159573116465e-6
-1.7383667696429977e-6
-1.3735909162342687e-6
-1.04856546533185e-6
-7.597039204190294e-7
-5.035072007524284e-7
-2.767305114971419e-7
-7.642400208859891e-8
1.0008234969900776e-7
2.5521039185736236e-7
5.099475610089795e-7
6.133854563487905e-7
7.031249206178077e-7
8.472698757245143e-7
9.041676008878478e-7
9.928045888695475e-7
1.0534764843051618e-6
1.0750798121981722e-6
1.1037362460363935e-6
1.1163101923034372e-6
1.1162646434935908e-6
1.0988930765716793e-6
1.079273825435741e-6
1.055461533806961e-6
1.0150338601634444e-6
9.7213129390882e-7
9.292865143912611e-7
8.882503073973049e-7
8.502088968032929e-7
8.158688825278995e-7
7.762429318619541e-7
7.432500323858416e-7
7.157581085418636e-7
6.923484717526652e-7
6.667246426325292e-7
6.42933348062071e-7
6.189868856737936e-7
5.934154558136393e-7
5.596314566810623e-7
5.291537664103874e-7
4.848449039507514e-7
4.476035519350721e-7
4.075660246319378e-7
3.6867053289381336e-7
3.416832785563036e-7
3.1618000342632447e-7
2.9991840770560385e-7
2.8509987029557917e-7
2.691905572267874e-7
2.519138402594898e-7
2.6122343051613007e-5
2.0199684354419292e-5
1.7590606138011134e-5
1.6246665531542925e-5
1.548908435491973e-5
1.5114186641834832e-5
1.5007760476656711e-5
1.507586795849595e-5
1.5244509949123656e-5
1.5462699850382235e-5
1.5699601897281863e-5
1.5938503840145405e-5
1.6170829131896535e-5
1.6391755159822176e-5
1.6597698217658655e-5
1.6785274635283674e-5
1.69511691394191e-5
1.7092411329990226e-5
1.7206720105961024e-5
1.7292735370640076e-5
1.7379255866846906e-5
1.738146541986257e-5
1.735835384919946e-5
1.724366298242635e-5
1.7155778198650933e-5
1.692705858035217e-5
1.6636581909729757e-5
1.647105355300623e-5
1.6104780624708744e-5
1.5698950733322277e-5
1.526299192373424e-5
1.4573703600489621e-5
1.4103739943829875e-5
1.3634262100713554e-5
1.2943303731601811e-5
1.2280200537442058e-5
1.1654289947533748e-5
1.10724130979602e-5
1.0539681308255818e-5
1.0059116998009635e-5
9.499727621555195e-6
9.026921219636488e-6
8.628468875351354e-6
8.290246231622059e-6
7.93173749800251e-6
7.6223715652614665e-6
7.3396011489283984e-6
7.062888750242111e-6
6.717612084747069e-6
6.410832540105989e-6
5.955406170533814e-6
5.553494039103405e-6
5.091415151583037e-6
4.6004115821457675e-6
4.225733320732326e-6
3.838477754274037e-6
3.5809429284680426e-6
3.366087490365954e-6
3.183656487176101e-6
3.0235043498640333e-6
5.934172377405094e-5
5.222111584968272e-5
4.870988301824107e-5
4.6503858170438864e-5
4.487204023081797e-5
4.365658513695076e-5
4.276895410938384e-5
4.211642011473511e-5
4.1616771079801324e-5
4.121097962475863e-5
4.086328500146675e-5
4.0554615891284815e-5
4.0275085532295706e-5
4.0018376376588474e-5
3.977863297946426e-5
3.954938573347059e-5
3.932370562773801e-5
3.909487187298513e-5
3.885706378503325e-5
3.860582396960186e-5
3.805274494569321e-5
3.7749040808432785e-5
3.7427551816665e-5
3.673500194300342e-5
3.6366073913755376e-5
3.5587527858436326e-5
3.4759310224338965e-5
3.4328054923236146e-5
3.343458693847749e-5
3.250576888022935e-5
3.1550688667629095e-5
3.0092181470283515e-5
2.9118170005652732e-5
2.815374832168293e-5
2.6740887253181446e-5
2.5384490471228393e-5
2.409796927034735e-5
2.2892153111553767e-5
2.1775879579438246e-5
2.0755066704639452e-5
1.9545176664127693e-5
1.850118728349418e-5
1.760716221307895e-5
1.6843373035515988e-5
1.6041098303069092e-5
1.537138125066661e-5
1.4793122464594959e-5
1.4265391483888013e-5
1.3650113786267346e-5
1.3125188268041065e-5
1.2350841096183611e-5
1.1649493791633982e-5
1.0802591781555604e-5
9.83769199042157e-6
9.043107778528989e-6
8.149683189657647e-6
7.5029331387376915e-6
6.937689513811565e-6
6.479878982515213e-6
6.145799378727729e-6
2.7421051117072618e-5
2.056950420112776e-5
1.7472790616476006e-5
1.5762204323952203e-5
1.4688774618601837e-5
1.4027234041638898e-5
1.3657225405313819e-5
1.3484122923973033e-5
1.343472369147499e-5
1.345873960852173e-5
1.3525448219509482e-5
1.3617654925923495e-5
1.3725860531142996e-5
1.384405434080018e-5
1.396733677806971e-5
1.409096940547629e-5
1.4210291379386654e-5
1.432101674219161e-5
1.4419584841160274e-5
1.4503392165441417e-5
1.462130074770151e-5
1.4654804361251842e-5
1.4671923144096802e-5
1.4660403062453056e-5
1.4633543317086935e-5
1.4541380453265375e-5
1.4401602765772914e-5
1.4314965227083821e-5
1.4110429350083646e-5
1.3867916565215896e-5
1.3592955662490926e-5
1.3133750814156376e-5
1.2805835222262322e-5
1.2467122256307753e-5
1.1948532330272051e-5
1.1427483257028238e-5
1.091313125151753e-5
1.0413634219138519e-5
9.936504080845037e-6
9.487965055659327e-6
8.941233981615353e-6
8.456024175438408e-6
8.030534829283475e-6
7.660504588524822e-6
7.268384199373155e-6
6.9440394760211246e-6
6.673313642089627e-6
6.439613467099597e-6
6.185703738868701e-6
5.9817841418672694e-6
5.691927131108867e-6
5.430415342955031e-6
5.104916451157538e-6
4.711484164395488e-6
4.364344325326525e-6
3.942867867168423e-6
3.611024851377946e-6
3.2974955306501984e-6
3.0289117850766004e-6
2.8378436993631366e-6
8.18198135867109e-6
1.801093678565093e-6
-8.006830357254508e-7
-1.9953027646124184e-6
-2.5316096227976628e-6
-2.7158535387824902e-6
-2.699725298477114e-6
-2.5683171273999753e-6
-2.3725615250366334e-6
-2.1436991291746498e-6
-1.9009353314930543e-6
-1.6559850518685808e-6
-1.4159128773454686e-6
-1.1849198114807402e-6
-9.654479542604529e-7
-7.588458714584123e-7
-5.657606861721273e-7
-3.863686836056679e-7
-2.2051609891903334e-7
-6.781285707051935e-8
2.0048140398919847e-7
3.17466649614035e-7
4.2400373367894066e-7
6.086702668047734e-7
6.881775397878538e-7
8.246163240367149e-7
9.344699770802326e-7
9.80583680230814e-7
1.0572058036526802e-6
1.1154382887590465e-6
1.1579285139027802e-6
1.1973020829799677e-6
1.2103144252609958e-6
1.2147847936914122e-6
1.20861564090479e-6
1.1905251005442151e-6
1.1637793871141e-6
1.131113465938842e-6
1.0948471860675381e-6
1.0568920763666321e-6
1.0061581290035436e-6
9.573969387214572e-7
9.119870250711496e-7
8.706732171256188e-7
8.25333440865182e-7
7.870596490345158e-7
7.552463493851525e-7
7.286975242691694e-7
7.01732082819394e-7
6.8172053999102e-7
6.551725885457015e-7
6.320751817381291e-7
6.030849251580044e-7
5.663028939458583e-7
5.314825948366243e-7
4.854981498924807e-7
4.4597863420771677e-7
4.055443165023449e-7
3.679491528049399e-7
3.3925967163262e-7
8.303837539010456e-6
2.1419996902328395e-6
-1.6634726652926942e-7
-1.1286036317452577e-6
-1.5098285318992262e-6
-1.6150951474225238e-6
-1.5850406363547108e-6
-1.4901279179714452e-6
-1.3673195371625332e-6
-1.236364230805712e-6
-1.1077262745640852e-6
-9.867084516784409e-7
-8.757011005723125e-7
-7.754525417395876e-7
-6.858043696175957e-7
-6.061231720345883e-7
-5.355549026856977e-7
-4.73173280858128e-7
-4.180638958660842e-7
-3.6936904858598043e-7
-2.881873164678666e-7
-2.543922118780085e-7
-2.243880169210932e-7
-1.739501467160951e-7
-1.5276065619617796e-7
-1.1690863127887542e-7
-8.815660164938438e-8
-7.595358301898662e-8
-5.512103718214693e-8
-3.8236305261863075e-8
-2.4517805500752057e-8
-8.58920345930687e-9
-4.1612149194151736e-10
6.203822483278054e-9
1.380080153159195e-8
1.9217469951238596e-8
2.2988048484980287e-8
2.5513725881512927e-8
2.709803091938835e-8
2.7974210290178635e-8
2.835205622035215e-8
2.8128416490898748e-8
2.7550817412553582e-8
2.679353280171934e-8
2.5764193502840603e-8
2.476126546778721e-8
2.3853792959563623e-8
2.307469141106443e-8
2.2314885594718718e-8
2.180322510138635e-8
2.1198113185972756e-8
2.071110738550688e-8
2.0107398376356323e-8
1.9302849778117558e-8
1.8462323125855637e-8
1.7198864943668902e-8
1.5971041476206808e-8
1.4590517726430419e-8
1.3180513468062616e-8
1.1984817156539691e-8
8.901440593339705e-6
2.8839998709743704e-6
7.803410379528487e-7
-4.297825504044748e-8
-3.5633240040167746e-7
-4.488369359293041e-7
-4.4427261689728223e-7
-3.9948488111850917e-7
-3.4132794924505047e-7
-2.823576175188951e-7
-2.2808299737748966e-7
-1.8051322916958715e-7
-1.399542452143697e-7
-1.0593393707053987e-7
-7.767717634736305e-8
-5.434339081702176e-8
-3.513810751646885e-8
-1.9358271850334252e-8
-6.403841485326842e-9
4.226704621192556e-9
2.0098383364977718e-8
2.595714674039621e-8
3.075078976786099e-8
3.785046685111019e-8
4.043195183206524e-8
4.4169468020568144e-8
4.6488180111758364e-8
4.7249998097612794e-8
4.817019693787486e-8
4.847088491881921e-8
4.8316538607596665e-8
4.748428705967233e-8
4.6651140342835093e-8
4.5668288884180485e-8
4.401451573819711e-8
4.224980379522026e-8
4.0460648203156704e-8
3.870874486116908e-8
3.703715562285541e-8
3.547403520599217e-8
3.3584445652881936e-8
3.1925544274509956e-8
3.0486718575044656e-8
2.9244934650481824e-8
2.7924882730135058e-8
2.680313434522051e-8
2.5813201209985515e-8
2.48917008941226e-8
2.3803344059124106e-8
2.2870946842219768e-8
2.1498734887587152e-8
2.026576347304284e-8
1.8796058709660956e-8
1.7148979909262757e-8
1.580939245061801e-8
1.4311013296088825e-8
1.3224444373087693e-8
1.2264710565602046e-8
1.1460866427564788e-8
1.0835368621029731e-8
8.970635110529008e-6
3.0607940200412466e-6
1.1211550958807696e-6
4.0863424591276193e-7
1.530049822013095e-7
8.100173779484825e-8
8.314213990393256e-8
1.1279923896959492e-7
1.4980072271283831e-7
1.8571533747139874e-7
2.174307599583776e-7
2.442096150118865e-7
2.6630732400887366e-7
2.843255176413843e-7
2.989214971131109e-7
3.1069079684939846e-7
3.2013179658900495e-7
3.276465178223806e-7
3.335548158393055e-7
3.381112100765009e-7
3.4394630813253515e-7
3.4552619060553437e-7
3.463714150205096e-7
3.4621300730535747e-7
3.453503246500648e-7
3.4232723023153903e-7
3.3784278194948687e-7
3.351349347806629e-7
3.289278786152576e-7
3.2183635941557406e-7
3.1405521129606167e-7
3.014894713996597e-7
2.92756145580178e-7
2.839023508362682e-7
2.70642685723189e-7
2.576725879994252e-7
2.452191015822009e-7
2.334534293182134e-7
2.2250112432684525e-7
2.1244241956369945e-7
2.0047237494569823e-7
1.9010821468287866e-7
1.812146232288844e-7
1.7360410314263532e-7
1.6557819200640228e-7
1.588121092776536e-7
1.5288241455346435e-7
1.4739072644295147e-7
1.409241213038216e-7
1.353904520144087e-7
1.272477519331262e-7
1.1992748582716412e-7
1.1119170265652064e-7
1.0138693605382563e-7
9.340566770406135e-8
8.448077959811839e-8
7.801756240105994e-8
7.232265683082229e-8
6.757713649248788e-8
6.391476705723991e-8
2.8190021255594842e-8
-8.820767781973433e-7
-9.244782525332216e-7
-8.69744683113486e-7
-8.315268667101375e-7
-8.154104759138549e-7
-8.111179460316173e-7
-8.100482007993118e-7
-8.073707251323396e-7
-8.010552107536971e-7
-7.906881610516697e-7
-7.766384107564795e-7
-7.595709886168933e-7
-7.402008825120974e-7
-7.191874975708256e-7
-6.971017748535032e-7
-6.744254852674107e-7
-6.515613064943072e-7
-6.288439416166804e-7
-6.065489172886591e-7
-5.640673370875676e-7
-5.441835289541142e-7
-5.253347412476736e-7
-4.909091321044174e-7
-4.7533833818342623e-7
-4.473164373286682e-7
-4.2304874796317866e-7
-4.121376312946501e-7
-3.9236334013874595e-7
-3.748069762960423e-7
-3.5891363546734215e-7
-3.3720675519473787e-7
-3.236659580883412e-7
-3.106021812727657e-7
-2.916276061298415e-7
-2.732687227606875e-7
-2.5559131916518116e-7
-2.3878650206181143e-7
-2.2307324675926876e-7
-2.0862833795567624e-7
-1.9149523967397234e-7
-1.7676473093606316e-7
-1.6420209054646557e-7
-1.5345009185343668e-7
-1.4197089407054213e-7
-1.3205529497960018e-7
-1.2321551218708272e-7
-1.1515463297954825e-7
-1.0631983599195314e-7
-9.961528391714829e-8
-9.123916825320949e-8
-8.497878345759395e-8
-7.864564772910937e-8
-7.247043580720345e-8
-6.779533276256152e-8
-6.254364276397719e-8
-5.8438770642950626e-8
-5.434374126536342e-8
-5.036821032233894e-8
-4.692975950155011e-8
1.3792835294717882e-6
-6.860472636327133e-7
-1.0203260137056242e-6
-9.607825808527986e-7
-8.340795069087163e-7
-7.229709612477996e-7
-6.42048190235503e-7
-5.874113508769698e-7
-5.517202813832708e-7
-5.28496361706893e-7
-5.129757898449066e-7
-5.019330751894963e-7
-4.932865913700424e-7
-4.857384175533753e-7
-4.785054325158882e-7
-4.711355651009403e-7
-4.633878509731842e-7
-4.5515576057837864e-7
-4.464182695209914e-7
-4.372081759383175e-7
-4.1765084709907833e-7
-4.0747986074759436e-7
-3.971716865018212e-7
-3.764972341713044e-7
-3.662889490789318e-7
-3.464554979444144e-7
-3.277207493913868e-7
-3.188522057814416e-7
-3.022180509894346e-7
-2.871198183680636e-7
-2.735632936740356e-7
-2.5597282942992113e-7
-2.4590009977953685e-7
-2.3696865113893875e-7
-2.2532546634967948e-7
-2.152537526817581e-7
-2.062047925637727e-7
-1.9773042566358982e-7
-1.8950601961092756e-7
-1.8133165085114103e-7
-1.7037034539917914e-7
-1.5937661299233076e-7
-1.4855455096076669e-7
-1.3818462566100567e-7
-1.2626448064382172e-7
-1.1583373308973834e-7
-1.070098493053946e-7
-9.968108861088498e-8
-9.248689313924096e-8
-8.74526118051052e-8
-8.12972403392405e-8
-7.647472951414987e-8
-7.113288968607038e-8
-6.536249951389665e-8
-6.071017478228989e-8
-5.5437144698501294e-8
-5.1456000690580874e-8
-4.766911574476692e-8
-4.4107959789036466e-8
-4.10145687911639e-8
2.3570848570523715e-6
-1.149940985292112e-6
-2.111801707747275e-6
-2.2601709561374583e-6
-2.1233180813632724e-6
-1.8972765159170778e-6
-1.660033510557502e-6
-1.4417942834374536e-6
-1.2522461218587866e-6
-1.092243034827846e-6
-9.590841351642693e-7
-8.489330668829759e-7
-7.578985730152012e-7
-6.824754035234546e-7
-6.196819867631968e-7
-5.670604615950404e-7
-5.226207046384555e-7
-4.847676972004527e-7
-4.522301259966074e-7
-4.2399735562682214e-7
-3.774005985107548e-7
-3.578923328835339e-7
-3.4033887091145003e-7
-3.098780293925009e-7
-2.965108609592001e-7
-2.7267892109015e-7
-2.519684806859056e-7
-2.4258026953593624e-7
-2.2545398760215216e-7
-2.1025566895142546e-7
-1.9674081012658836e-7
-1.7923215948469263e-7
-1.6919407221626146e-7
-1.6032082927214407e-7
-1.4895322366577971e-7
-1.3960251686123383e-7
-1.319302238303094e-7
-1.2561354328987345e-7
-1.2034979272319848e-7
-1.1586243524042927e-7
-1.1066957314834579e-7
-1.0595032350182458e-7
-1.0135745532046076e-7
-9.667522825928617e-8
-9.056431737817291e-8
-8.42084340472017e-8
-7.780195328250773e-8
-7.160803139006985e-8
-6.480809284150488e-8
-5.987999240372454e-8
-5.425764591287205e-8
-5.056270016122772e-8
-4.72903677192508e-8
-4.44149593770251e-8
-4.222771845655922e-8
-3.9445238003580034e-8
-3.6856416980392656e-8
-3.388684537332884e-8
-3.076767477102338e-8
-2.8087197463340686e-8
3.992123559586664e-6
-1.1392084237766237e-6
-3.071158147915973e-6
-3.7965094742007848e-6
-3.966091873281325e-6
-3.854873733042865e-6
-3.5992608653160502e-6
-3.2736058446837008e-6
-2.9203226986105204e-6
-2.563853793244412e-6
-2.2180340663749598e-6
-1.8903226335419575e-6
-1.58434985399087e-6
-1.3014764500385445e-6
-1.0417459931599996e-6
-8.04459789893658e-7
-5.885185615976969e-7
-3.9262301158624404e-7
-2.1539120736336934e-7
-5.5428110068531034e-8
2.1809944539811583e-7
3.342112765448011e-7
4.381220803008562e-7
6.135176129666024e-7
6.868706304844625e-7
8.08937989463301e-7
9.027112339208859e-7
9.404703166011071e-7
1.0002705236852131e-6
1.042046962376162e-6
1.0688834206447704e-6
1.0868428430275997e-6
1.087169796081192e-6
1.080333066254361e-6
1.0599266273760677e-6
1.0309876705804373e-6
9.967855001451891e-7
9.598747456622772e-7
9.222318956909495e-7
8.853348377577731e-7
8.390374743064494e-7
7.973220048522489e-7
7.607665843742981e-7
7.293656389555408e-7
6.967548239733498e-7
6.702848492328016e-7
6.482495113657085e-7
6.287884336099806e-7
6.064301175172082e-7
5.870868338124031e-7
5.573537723842838e-7
5.289462491770767e-7
4.929460848276244e-7
4.5015329930941764e-7
4.1381279865459385e-7
3.720322975514173e-7
3.4146644842738475e-7
3.149842222156649e-7
2.9418564576525424e-7
2.796562326238373e-7
2.7373199815779618e-5
2.0539604240817044e-5
1.7453376404021725e-5
1.57492770805502e-5
1.4680019901519003e-5
1.4021232852827726e-5
1.3653074997395953e-5
1.3481234366772427e-5
1.3432705403359258e-5
1.3457327042198141e-5
1.3524460105415772e-5
1.3616965487915013e-5
1.3725381566878071e-5
1.384372349215769e-5
1.3967109728186156e-5
1.4090814592510645e-5
1.421018634480167e-5
1.4320945560078485e-5
1.441953627951453e-5
1.4503358356493258e-5
1.4621281732079676e-5
1.4654788275488717e-5
1.4671908240404623e-5
1.4660387426948867e-5
1.4633526460623494e-5
1.4541360499035532e-5
1.4401579652827702e-5
1.4314940703514284e-5
1.4110402543462624e-5
1.3867888284307792e-5
1.3592926674745127e-5
1.313372187837429e-5
1.2805806810164407e-5
1.246709459621091e-5
1.1948506055210652e-5
1.1427458583793134e-5
1.0913108360244426e-5
1.041361322854691e-5
9.936484999460058e-6
9.48794777236357e-6
8.941218796095465e-6
8.456010740299839e-6
8.030522899175239e-6
7.660494007608474e-6
7.268375094525517e-6
6.944031540078506e-6
6.673306557996638e-6
6.439607028748376e-6
6.185697985986815e-6
5.9817789343401634e-6
5.69192256903311e-6
5.430411187394948e-6
5.104912707840118e-6
4.711480966369117e-6
4.364341619615657e-6
3.9428656299936845e-6
3.6110229077824086e-6
3.2974939552640684e-6
3.0289106079203627e-6
2.837842667889162e-6
5.3575696667809e-5
4.5584239345789366e-5
4.198560070858156e-5
3.976213880673968e-5
3.8014865231108235e-5
3.668944694681377e-5
3.574569799828581e-5
3.507859629761792e-5
3.457731323257517e-5
3.416341635044953e-5
3.379638568407579e-5
3.346266971262281e-5
3.3161758254819186e-5
3.289573991297956e-5
3.266384876624884e-5
3.246107270229044e-5
3.227917466982066e-5
3.210863886027912e-5
3.19405360392668e-5
3.176779915594742e-5
3.1392189672259324e-5
3.118663047634209e-5
3.096993979030184e-5
3.0508841305226006e-5
3.0266983238680746e-5
2.9763604880044117e-5
2.9232474757986668e-5
2.8954974942444936e-5
2.837328768444835e-5
2.7755248501402996e-5
2.7104474381446282e-5
2.6084259369299302e-5
2.5388155572324613e-5
2.468841343400375e-5
2.3642882961539687e-5
2.261053377817622e-5
2.1598082570609295e-5
2.0614377658577614e-5
1.9671192216766397e-5
1.8780354460861165e-5
1.7687834964051376e-5
1.6709063183928005e-5
1.583891954424689e-5
1.5069307687166585e-5
1.4239425019163048e-5
1.3546115470662978e-5
1.2970736651556672e-5
1.2484958117071381e-5
1.1977961181439085e-5
1.1591383212794208e-5
1.107446917653711e-5
1.0631708078481928e-5
1.0089650032954853e-5
9.42068153674493e-6
8.806050290443224e-6
8.02150829444303e-6
7.364777548231044e-6
6.6987300594388645e-6
6.081942671039322e-6
5.617848996002067e-6
2.9360737353033676e-5
2.1464938401615884e-5
1.7949626433679005e-5
1.5967704157593743e-5
1.4653289150041848e-5
1.37784848437166e-5
1.322448468773128e-5
1.2890527321691894e-5
1.2695778154277454e-5
1.2585098815141009e-5
1.2526353152813594e-5
1.2503190341215178e-5
1.2507723353651416e-5
1.2535249955521895e-5
1.2581378653879294e-5
1.2641039230239388e-5
1.2708619647921167e-5
1.2778569037529924e-5
1.2846023209084203e-5
1.290722469385344e-5
1.3002035969675968e-5
1.3033914975259304e-5
1.3055531606172522e-5
1.3070225949009908e-5
1.3064446873745702e-5
1.3028349312846885e-5
1.2959798833635258e-5
1.2913104158719249e-5
1.2794529972611347e-5
1.2643180454079636e-5
1.2461901420582185e-5
1.2143923503421415e-5
1.190863074256113e-5
1.1659871466042495e-5
1.1268444402439376e-5
1.0861624847412045e-5
1.0445457712844267e-5
1.0026632962828005e-5
9.61282600337831e-6
9.211493020636378e-6
8.705431726373429e-6
8.238797357705778e-6
7.813286395611746e-6
7.428680915844875e-6
7.005537503841396e-6
6.64589528887906e-6
6.344881520293901e-6
6.092323485534231e-6
5.836130524149856e-6
5.649636347781867e-6
5.414475469548716e-6
5.224301206579357e-6
4.999329168414834e-6
4.722708750570961e-6
4.4619955190573265e-6
4.113106761333444e-6
3.802929884686196e-6
3.468103164912814e-6
3.135391443259333e-6
2.864911374226278e-6
1.2242192315868062e-5
4.606542135400262e-6
1.3925092855817127e-6
-2.048329045640716e-7
-1.0460990653525943e-6
-1.4763192065699398e-6
-1.6639527182797494e-6
-1.7030202761621493e-6
-1.6502060500516955e-6
-1.541025483929511e-6
-1.3981456307555836e-6
-1.2362056135577753e-6
-1.0647820850464014e-6
-8.902426885804574e-7
-7.168949474461579e-7
-5.476872642451323e-7
-3.8463299645287325e-7
-2.2907076970515375e-7
-8.183278559337524e-8
5.663635637279387e-8
3.0688985855532055e-7
4.18967311918303e-7
5.227432470569062e-7
7.069356137650943e-7
7.881624154763422e-7
9.308383205224796e-7
1.0495329953138804e-6
1.1007091951746422e-6
1.1882289462454145e-6
1.2578642628312214e-6
1.311775054634646e-6
1.3675483408429528e-6
1.3906473061350862e-6
1.4043315562062332e-6
1.4101232144990782e-6
1.4015954912019722e-6
1.381949976472585e-6
1.3539480296556168e-6
1.3200018661860517e-6
1.2821718816649433e-6
1.228546994935903e-6
1.1739646887165241e-6
1.1205052057063872e-6
1.0696313785237446e-6
1.0112192437245378e-6
9.596327409016226e-7
9.151351339589666e-7
8.772257958005003e-7
8.391286459896122e-7
8.123333987968141e-7
7.803043343240046e-7
7.559561497638758e-7
7.286464948111895e-7
6.961697498197031e-7
6.653561527753957e-7
6.222348148429845e-7
5.814009752082245e-7
5.345570412422799e-7
4.847963069371167e-7
4.409499584204516e-7
1.1443188350734864e-5
3.903063685777596e-6
9.483358234699746e-7
-4.019440995742836e-7
-1.0436959734133584e-6
-1.3320882369392956e-6
-1.4325639059376444e-6
-1.43045818210826e-6
-1.3727572136795706e-6
-1.2863877817506308e-6
-1.1871046390341983e-6
-1.0841638487100701e-6
-9.829313973606071e-7
-8.864050434113057e-7
-7.961306805216479e-7
-7.127662007398141e-7
-6.364332849364877e-7
-5.669385406367359e-7
-5.039128000479456e-7
-4.4689857203809697e-7
-3.4893803209712943e-7
-3.0702589671907513e-7
-2.6922392163591206e-7
-2.0434917946488656e-7
-1.76566134471136e-7
-1.2879049318134366e-7
-8.973319197108839e-8
-7.294572350219235e-8
-4.3987584931711085e-8
-2.02371581038638e-8
-7.567895123387462e-10
2.2061800016583428e-8
3.384466352017487e-8
4.341149432354884e-8
5.437205897147676e-8
6.209253036444834e-8
6.730506093131147e-8
7.058567552645612e-8
7.239451520774425e-8
7.309937982143299e-8
7.281549756908281e-8
7.159834209645021e-8
6.981701388057531e-8
6.773441566300172e-8
6.498781736286584e-8
6.230369152981828e-8
5.981817637023984e-8
5.758720962958061e-8
5.524955121546395e-8
5.355302586906345e-8
5.147428136271633e-8
4.986872715136239e-8
4.807197261151852e-8
4.598053893101892e-8
4.4046747439867405e-8
4.1391786093819377e-8
3.890062998874569e-8
3.6041557028476646e-8
3.2968022674037765e-8
3.018407693802602e-8
1.1979463062384973e-5
4.479450630335263e-6
1.713665362103889e-6
5.270103915932123e-7
-3.819912021113915e-9
-2.2978791617408388e-7
-3.061792718377302e-7
-3.084409742826609e-7
-2.7529170329667446e-7
-2.2710401516002686e-7
-1.7458632901317645e-7
-1.2320568011634832e-7
-7.556057719887468e-8
-3.269332887990751e-8
5.175523135199382e-9
3.823772027251336e-8
6.687282876978928e-8
9.152873429540065e-8
1.1266062894896338e-7
1.3070165522961038e-7
1.5906438995506404e-7
1.700630519402438e-7
1.7932518934224628e-7
1.9357423477020707e-7
1.9894576717713996e-7
2.069318654296943e-7
2.1197681717270458e-7
2.1360804475502054e-7
2.154049626033114e-7
2.155781200910003e-7
2.1445224268684305e-7
2.1090227807467916e-7
2.0760914203257459e-7
2.037782054789791e-7
1.9731732522142217e-7
1.9030821287491612e-7
1.8301881125595245e-7
1.7566349718655136e-7
1.6842047983319038e-7
1.6143311184692693e-7
1.5268887117018023e-7
1.4472070898277566e-7
1.375744979297096e-7
1.312423680359497e-7
1.244184107165694e-7
1.1869987123229233e-7
1.1391327554081992e-7
1.0983467664878124e-7
1.0554836160469236e-7
1.0225089203730496e-7
9.775610270607035e-8
9.381665564894731e-8
8.8951893462212e-8
8.299323902131991e-8
7.75711469004047e-8
7.068024800691053e-8
6.494845589740753e-8
5.921722250591019e-8
5.3970823993956715e-8
4.997546512195699e-8
4.223832154078548e-7
-3.5341682967027616e-7
-4.044016433437808e-7
-3.747652233923823e-7
-3.529044915579756e-7
-3.4424183302690896e-7
-3.42708353918463e-7
-3.432243141195807e-7
-3.4303829410511307e-7
-3.410591775343311e-7
-3.3710480635934937e-7
-3.313997423575013e-7
-3.2429909477585355e-7
-3.161594499870627e-7
-3.0729136537255465e-7
-2.9795095781061574e-7
-2.883465918842558e-7
-2.786487823345024e-7
-2.689984711923797e-7
-2.5951249417326966e-7
-2.4139733758058794e-7
-2.329024480068765e-7
-2.24842396702905e-7
-2.101088195203369e-7
-2.0344179538337982e-7
-1.9144236941529334e-7
-1.810512039083408e-7
-1.7637955598711e-7
-1.6791378441897213e-7
-1.6039902232104013e-7
-1.5359908783168375e-7
-1.4432109306425616e-7
-1.3854077722319359e-7
-1.3296914065482961e-7
-1.2488169560894625e-7
-1.1705594235353051e-7
-1.0951404150551269e-7
-1.0233524707995679e-7
-9.561387873516783e-8
-8.942791398510129e-8
-8.208314856248127e-8
-7.57630807368621e-8
-7.03705889717884e-8
-6.575516715511948e-8
-6.08306368251852e-8
-5.6582437265094784e-8
-5.280002781895128e-8
-4.935276478305116e-8
-4.5572780520091064e-8
-4.270121594630569e-8
-3.910998326699225e-8
-3.6424267938067765e-8
-3.370712025384108e-8
-3.1058143961129836e-8
-2.9053242520549722e-8
-2.680204569367897e-8
-2.5043034467139424e-8
-2.328802086973466e-8
-2.158331801010708e-8
-2.0108221127848316e-8
1.8481517708219924e-6
-6.577686494477784e-8
-3.876331098577899e-7
-3.825755440624036e-7
-3.2553498780516105e-7
-2.776170203657817e-7
-2.468975230170987e-7
-2.2947958517194172e-7
-2.2035322287005583e-7
-2.1580518275896825e-7
-2.1351419544332588e-7
-2.1215242816500008e-7
-2.11002549560615e-7
-2.0969354836988523e-7
-2.080428624840572e-7
-2.059701379796453e-7
-2.0345277328742005e-7
-2.0050330172118737e-7
-1.9715707110603242e-7
-1.9346434560995425e-7
-1.8527987960360061e-7
-1.8091391922664526e-7
-1.7644572580176451e-7
-1.6741079978652123e-7
-1.629307362142628e-7
-1.5420963859833334e-7
-1.4595559590623846e-7
-1.4204153403030766e-7
-1.346839786246455e-7
-1.2798363760718993e-7
-1.2194867618570373e-7
-1.1409738965715212e-7
-1.0959714960208291e-7
-1.0560837417571419e-7
-1.0041478622872952e-7
-9.592875689181149e-8
-9.190231114136842e-8
-8.813487541482092e-8
-8.448305449899869e-8
-8.0858765544998e-8
-7.600485300997513e-8
-7.113659187861777e-8
-6.633677123004316e-8
-6.1726100672197e-8
-5.641111478122779e-8
-5.174840361300179e-8
-4.7796951777168375e-8
-4.451125940865566e-8
-4.1285109844871095e-8
-3.903069301649316e-8
-3.628327570332001e-8
-3.413821279763065e-8
-3.17648190881352e-8
-2.9197455439341348e-8
-2.7122533230912988e-8
-2.476542537869575e-8
-2.298286434738946e-8
-2.1286712962841024e-8
-1.9693913471514558e-8
-1.8313110478451476e-8
3.6272387609495084e-6
3.5621858602565795e-7
-5.013443511179445e-7
-6.726030635302815e-7
-6.342880779861783e-7
-5.42324365052265e-7
-4.4932251441133806e-7
-3.7108489734021665e-7
-3.100606367679613e-7
-2.6421768911315826e-7
-2.3044382406120514e-7
-2.0578221803535217e-7
-1.8780012317267335e-7
-1.7462344456947313e-7
-1.648582677842455e-7
-1.574885216175044e-7
-1.517825818499985e-7
-1.4721800123876482e-7
-1.4342431670003857e-7
-1.4014087701079045e-7
-1.3443569448682989e-7
-1.3180576028921017e-7
-1.2924192685424947e-7
-1.2419193346038295e-7
-1.2167709373491745e-7
-1.166519023632829e-7
-1.1165595184436764e-7
-1.0918387079602216e-7
-1.0432593541191713e-7
-9.962743778786185e-8
-9.513586457425582e-8
-8.886799967068798e-8
-8.50398600366506e-8
-8.150814639506176e-8
-7.676940152554046e-8
-7.267424180419462e-8
-6.916351385872898e-8
-6.615805148811715e-8
-6.356873924355295e-8
-6.130391242451006e-8
-5.863658904969115e-8
-5.620164505582506e-8
-5.385080235515812e-8
-5.1485357319421874e-8
-4.8440348263830256e-8
-4.530459459549024e-8
-4.2152307613089324e-8
-3.908950231541535e-8
-3.567977276895505e-8
-3.315393369267629e-8
-3.01784052783463e-8
-2.813618109144042e-8
-2.6241383746248454e-8
-2.451091320892334e-8
-2.3197774988142295e-8
-2.1601996402480016e-8
-2.019623071038226e-8
-1.8638570589651254e-8
-1.7025084439161972e-8
-1.5628147020172315e-8
5.2272305724466016e-6
4.4142459301682083e-7
-1.1876533119487366e-6
-1.7395746854721364e-6
-1.8535013386905297e-6
-1.780686856811698e-6
-1.6325742600751541e-6
-1.4613135607518308e-6
-1.2914237918099516e-6
-1.1338608198342196e-6
-9.92776499193165e-7
-8.689283123992047e-7
-7.61447200352966e-7
-6.687635398765435e-7
-5.890887756180002e-7
-5.206585794586313e-7
-4.6184723739751813e-7
-4.1121283923336485e-7
-3.6750601346837293e-7
-3.2966031088686135e-7
-2.680904509686185e-7
-2.4297493704873677e-7
-2.208978196372956e-7
-1.8415982718427727e-7
-1.6881795001255623e-7
-1.4287525432767957e-7
-1.219529460759479e-7
-1.1299393286588403e-7
-9.750735028192135e-8
-8.468167582303779e-8
-7.398046618245302e-8
-6.106068433184556e-8
-5.411465676145071e-8
-4.824601123461294e-8
-4.1096067182062854e-8
-3.553423763646346e-8
-3.121442986649462e-8
-2.7871605804656282e-8
-2.5300054100377526e-8
-2.3335860974008284e-8
-2.1431006638663987e-8
-2.010214976607171e-8
-1.9135568576264123e-8
-1.836615741388513e-8
-1.7503181184940028e-8
-1.661271155654363e-8
-1.5612712368783487e-8
-1.4474656382586053e-8
-1.2954187071478688e-8
-1.1625369773888329e-8
-9.825509266367302e-9
-8.470734749066008e-9
-7.219444207512876e-9
-6.27125687789865e-9
-5.829769787370928e-9
-5.6496781560537404e-9
-5.666223251534232e-9
-5.666267893013692e-9
-5.48095536818262e-9
-5.068983181922178e-9
8.101431954164866e-6
1.7569044263415542e-6
-8.252101072472348e-7
-2.008694398054902e-6
-2.5385496457111785e-6
-2.7190346003257264e-6
-2.700734516386625e-6
-2.5681017823508393e-6
-2.371689355011494e-6
-2.1425093978279873e-6
-1.899628562816787e-6
-1.6546771243735672e-6
-1.414667961678291e-6
-1.183770577778347e-6
-9.644080471663773e-7
-7.579176521038354e-7
-5.649400545004326e-7
-3.8564808388718284e-7
-2.1988638356109376e-7
-6.726442566840817e-8
2.008948034128521e-7
3.178249183051942e-7
4.243140187184008e-7
6.089027206582536e-7
6.883786434503383e-7
8.247666835527665e-7
9.345821915847996e-7
9.806805386930361e-7
1.0572778214726051e-6
1.1154916654894545e-6
1.1579679032098995e-6
1.1973267122504707e-6
1.2103321439504858e-6
1.2147972541554043e-6
1.2086224531144284e-6
1.190528171035311e-6
1.1637800409054052e-6
1.13111262107342e-6
1.094845452632357e-6
1.0568898351708411e-6
1.0061555470360825e-6
9.573942356386485e-7
9.119843486170411e-7
8.706706750416632e-7
8.253311411952521e-7
7.870575816212181e-7
7.552444587115225e-7
7.286957733507467e-7
7.017304985137968e-7
6.817190996954922e-7
6.551713171056805e-7
6.320740068351435e-7
6.030838439799153e-7
5.663019493285876e-7
5.314817797053442e-7
4.854974559668408e-7
4.4597801769814264e-7
4.055438087702052e-7
3.679487709035115e-7
3.3925934264171966e-7
2.9328493225230858e-5
2.1443069494453643e-5
1.7934363672303224e-5
1.5956884493137936e-5
1.4645544685330433e-5
1.3772903745635471e-5
1.3220442301502812e-5
1.2887588873675766e-5
1.2693637576209158e-5
1.2583538504183395e-5
1.2525216933737243e-5
1.2502365113314048e-5
1.2507126548644015e-5
1.2534820901400708e-5
1.2581072565521148e-5
1.2640822969679179e-5
1.2708468684729587e-5
1.2778465233930169e-5
1.2845953183270245e-5
1.2907178598667045e-5
1.3002017985089336e-5
1.303390452656859e-5
1.3055525866392252e-5
1.3070224022282433e-5
1.3064445044932785e-5
1.302834569455376e-5
1.2959792141968272e-5
1.2913095793080228e-5
1.2794518399862521e-5
1.2643166156993903e-5
1.2461885016267069e-5
1.2143905015440683e-5
1.1908611430474644e-5
1.165985166101003e-5
1.1268424335680632e-5
1.0861605000236308e-5
1.0445438508700137e-5
1.0026614736701556e-5
9.612808953430535e-6
9.211477199389918e-6
8.705417453479493e-6
8.23878447174436e-6
7.813274786916894e-6
7.428670526041483e-6
7.005528522264998e-6
6.645887474662333e-6
6.344874586893934e-6
6.092317229677886e-6
5.836124973755779e-6
5.649631338699223e-6
5.414471070235388e-6
5.224297158232103e-6
4.999325443918343e-6
4.722705456675868e-6
4.461992626822622e-6
4.113104257535816e-6
3.8029276426736514e-6
3.4681012947901358e-6
3.135390016403862e-6
2.864910166552199e-6
5.09723849503447e-5
4.2045469879021226e-5
3.803970023980703e-5
3.562200307989295e-5
3.380935361932282e-5
3.245362391091613e-5
3.1473667011963866e-5
3.076039882456491e-5
3.0211603116463366e-5
2.975683055938802e-5
2.935900118144241e-5
2.9004203686753694e-5
2.868980907255341e-5
2.8415740906462685e-5
2.817992950106825e-5
2.7977111861304514e-5
2.779960684459403e-5
2.7638848684905557e-5
2.7486861862159295e-5
2.7337265361884904e-5
2.7029774002816597e-5
2.6868656012196772e-5
2.6702555512740062e-5
2.635826823347867e-5
2.6181343152009102e-5
2.5818487037810536e-5
2.5440153583925122e-5
2.524316868140251e-5
2.4829836820938826e-5
2.4388270450874123e-5
2.3919401142109692e-5
2.31750777084028e-5
2.2660207939311047e-5
2.2136432540988205e-5
2.1341071505152234e-5
2.0539197144116432e-5
1.9735418351233785e-5
1.893687674512507e-5
1.8153705663485813e-5
1.739659733455687e-5
1.6441619414141795e-5
1.555726402569596e-5
1.4744928675492258e-5
1.4003969977327088e-5
1.3179550054293285e-5
1.2469723559418156e-5
1.1868455819616827e-5
1.1360019370072506e-5
1.0845206738542593e-5
1.0476591623868202e-5
1.0028226763430915e-5
9.684236044418311e-6
9.29749871914069e-6
8.83925876244377e-6
8.41198838012115e-6
7.83254808528493e-6
7.2994296922287875e-6
6.696730511546829e-6
6.064247833935468e-6
5.518122265433303e-6
3.196366434657675e-5
2.2889019908378603e-5
1.8865558578623496e-5
1.6589659772817858e-5
1.5075809547544569e-5
1.4042488486732642e-5
1.3348194912299864e-5
1.2884646487604194e-5
1.2569653852249668e-5
1.2348410494584985e-5
1.2189040327725115e-5
1.2074980996869092e-5
1.1997789539672884e-5
1.1952095570004433e-5
1.1932896644310576e-5
1.1934640877182623e-5
1.1951360306919945e-5
1.1977230514189246e-5
1.2007143490114336e-5
1.203708489406504e-5
1.208699632424179e-5
1.2104520794778669e-5
1.2116657574806713e-5
1.212542906175114e-5
1.2122458143249414e-5
1.2101865188346528e-5
1.2060163245336687e-5
1.2030546919943638e-5
1.1952358900347953e-5
1.1848313283037029e-5
1.1719589940874284e-5
1.1486704660842433e-5
1.131009640638903e-5
1.112006609384786e-5
1.0814609104151965e-5
1.0488983787234223e-5
1.014742261227234e-5
9.795235665459466e-6
9.438992231339662e-6
9.085361353232505e-6
8.627052292753632e-6
8.19072954941779e-6
7.780090513753407e-6
7.397609059514082e-6
6.963359289452724e-6
6.581876776767278e-6
6.2529510380085505e-6
5.971198174742867e-6
5.684882023192484e-6
5.481937985156096e-6
5.241791223627717e-6
5.065670185320125e-6
4.87751982962092e-6
4.664780314365641e-6
4.470910599152849e-6
4.207039078941273e-6
3.957382712498116e-6
3.6629477747240658e-6
3.337399454958738e-6
3.0391155927934946e-6
1.6306196404487593e-5
7.276653718011367e-6
3.4539445428238074e-6
1.4861448559897267e-6
3.6688277564509566e-7
-2.83624553086548e-7
-6.484295651003234e-7
-8.328273270851013e-7
-9.023768367637233e-7
-8.985533800117083e-7
-8.474248115314166e-7
-7.653565465373025e-7
-6.628574202956949e-7
-5.470438390710014e-7
-4.230903979934376e-7
-2.949969425917681e-7
-1.659449336174102e-7
-3.844307089189769e-8
8.560936954074689e-8
2.0487149992013704e-7
4.260286730474735e-7
5.273357141557447e-7
6.224797923439224e-7
7.950749835418244e-7
8.730086855275393e-7
1.013253032239206e-6
1.1338063236539404e-6
1.1870532712540015e-6
1.2801849935464696e-6
1.3565973929744031e-6
1.4178655489912903e-6
1.485256735064938e-6
1.516375067893016e-6
1.538191381595507e-6
1.555979348949802e-6
1.5584515848801643e-6
1.5480584280572607e-6
1.527198877143107e-6
1.4983406626226874e-6
1.4638248579693554e-6
1.4123159319075864e-6
1.357457625915324e-6
1.3013476784525787e-6
1.2455859850982428e-6
1.1786455450300787e-6
1.1170525282737202e-6
1.0621105096677536e-6
1.0138542947440835e-6
9.639425132811094e-7
9.283735648021473e-7
8.868574953668218e-7
8.575328826573916e-7
8.277881647157807e-7
7.959359974375667e-7
7.67963656588354e-7
7.30471332439001e-7
6.944218327608891e-7
6.4999678792902e-7
5.979810350218253e-7
5.474924685949678e-7
1.4964681335813079e-5
5.897205196134809e-6
2.258756239524967e-6
5.127707418569196e-7
-3.919797476741452e-7
-8.663562836394826e-7
-1.1017876421140355e-6
-1.1986533521515084e-6
-1.2137645146327638e-6
-1.1807962527673788e-6
-1.1202466433178713e-6
-1.0447797168752087e-6
-9.622849931698978e-7
-8.776970671669677e-7
-7.940979145906686e-7
-7.133900808484499e-7
-6.367104404565704e-7
-5.646877465146127e-7
-4.97607027631914e-7
-4.3551872966873656e-7
-3.25783417003751e-7
-2.7765120979970323e-7
-2.3361306574480932e-7
-1.5657030372634096e-7
-1.22968139413981e-7
-6.426189707372163e-8
-1.537130267295781e-8
5.881429171107001e-9
4.282783236441385e-8
7.331378826123666e-8
9.834214480023975e-8
1.2751145686367606e-7
1.4240713260409835e-7
1.5432956296334794e-7
1.6760283788711014e-7
1.7637314716560893e-7
1.8156381122602224e-7
1.839485485086331e-7
1.841988595075226e-7
1.8288163569979992e-7
1.7944443877411096e-7
1.7475329546820065e-7
1.692993062179593e-7
1.634477693496605e-7
1.560496091185672e-7
1.4901204455995039e-7
1.426119833923155e-7
1.3690557046860681e-7
1.308862270981221e-7
1.2647979969420575e-7
1.2113403049997735e-7
1.1715430310899957e-7
1.1288225889836281e-7
1.0805908843575418e-7
1.0370561806051424e-7
9.789119712802028e-8
9.249163891907817e-8
8.6166437106055e-8
7.914735358371678e-8
7.265769856154371e-8
5.747426316295332e-7
-5.398739371452842e-8
-9.379223232329751e-8
-6.91208021529484e-8
-4.941544166268718e-8
-3.9572757725591403e-8
-3.574223908748386e-8
-3.460100473933292e-8
-3.43132631257667e-8
-3.4080834632854055e-8
-3.365459914055034e-8
-3.3021406135363375e-8
-3.224085991024301e-8
-3.1375029343381136e-8
-3.046688203632332e-8
-2.9540177172795825e-8
-2.8606200455012384e-8
-2.767061818569054e-8
-2.6738103049348097e-8
-2.581451627532052e-8
-2.4024654800059866e-8
-2.3174806791134886e-8
-2.2364727137399604e-8
-2.088250444979495e-8
-2.0214362428799085e-8
-1.9019775554810215e-8
-1.7993444689890952e-8
-1.7533351686862724e-8
-1.669870298358234e-8
-1.5954048039292473e-8
-1.5276214209506002e-8
-1.434838169613102e-8
-1.3771677425262596e-8
-1.3218224441678466e-8
-1.2418597835326248e-8
-1.1645994565256123e-8
-1.0899385155045585e-8
-1.01858832171442e-8
-9.516121187231646e-9
-8.899581804955986e-9
-8.168855811453464e-9
-7.541228814291148e-9
-7.005358065898221e-9
-6.545453719446973e-9
-6.053677648003713e-9
-5.630039914895805e-9
-5.2542223976712666e-9
-4.912285985653592e-9
-4.536730892962468e-9
-4.250756030797901e-9
-3.893014455919033e-9
-3.625844908224826e-9
-3.3555454345190037e-9
-3.091470868735787e-9
-2.891496669302871e-9
-2.6675584363976734e-9
-2.492924270455207e-9
-2.318456958707974e-9
-2.148721064086801e-9
-2.0018020812551957e-9
1.9639957887309925e-6
1.7960516208294814e-7
-1.1262297448325642e-7
-1.2171513374463543e-7
-8.710410505736367e-8
-5.8072462136875357e-8
-4.0385723802611895e-8
-3.096093550171788e-8
-2.6291336917628883e-8
-2.403314811654401e-8
-2.2894855310053384e-8
-2.224902957771526e-8
-2.181987376271154e-8
-2.1492845169513616e-8
-2.1216753377296183e-8
-2.096141351180022e-8
-2.0703597374881763e-8
-2.0424822517655132e-8
-2.01124756150182e-8
-1.9760671697071126e-8
-1.8945474816967143e-8
-1.849588181022932e-8
-1.8030644938463295e-8
-1.7088610899784028e-8
-1.6625627577837757e-8
-1.5736452342149795e-8
-1.4906654198626647e-8
-1.451468548482821e-8
-1.377539806609593e-8
-1.3094913261784012e-8
-1.2474442876756465e-8
-1.1660196953764797e-8
-1.1194158275905385e-8
-1.0784266703577976e-8
-1.0256447467991242e-8
-9.803453886817829e-9
-9.394932516939715e-9
-9.009219716790634e-9
-8.633705871611028e-9
-8.262093582631114e-9
-7.76813631312638e-9
-7.2752559478753935e-9
-6.7882817484619675e-9
-6.317672966871765e-9
-5.772397398112859e-9
-5.293899627227922e-9
-4.889581688658441e-9
-4.553701013532679e-9
-4.22283876855931e-9
-3.99098410507589e-9
-3.70940819008522e-9
-3.491033683886935e-9
-3.2496356141067136e-9
-2.9872574778648576e-9
-2.7746587425636124e-9
-2.5335516418942304e-9
-2.351259499797156e-9
-2.177266240231539e-9
-2.0138717010328917e-9
-1.872801435261343e-9
3.817885348501431e-6
7.255906826292739e-7
-4.364059518041324e-8
-2.0846265257474474e-7
-2.0506185510216678e-7
-1.6272171120119357e-7
-1.1997439664238682e-7
-8.634433812521462e-8
-6.227414126260927e-8
-4.5828960847733186e-8
-3.4877492693180324e-8
-2.7691655285778368e-8
-2.3015633724532873e-8
-1.9982938391517598e-8
-1.8011879718645517e-8
-1.6718072023827557e-8
-1.5850248353933917e-8
-1.5245828552763303e-8
-1.4800932775907205e-8
-1.4450305849990844e-8
-1.3887693600461974e-8
-1.3637950424992205e-8
-1.3396907516995201e-8
-1.2925921441276742e-8
-1.2692296748435186e-8
-1.2224180511738181e-8
-1.1751885138350065e-8
-1.1513887555632254e-8
-1.103590398251689e-8
-1.0560398972007321e-8
-1.0095656842287572e-8
-9.437349180204032e-9
-9.033784304298898e-9
-8.66239061427025e-9
-8.165993367796902e-9
-7.737042537784509e-9
-7.366822749855845e-9
-7.046828388137612e-9
-6.7693672732631806e-9
-6.526755347167267e-9
-6.243042086453714e-9
-5.98605619500664e-9
-5.738089753428589e-9
-5.48755065020595e-9
-5.164134860323408e-9
-4.831584624124575e-9
-4.498039324258286e-9
-4.173644090320371e-9
-3.810824341114176e-9
-3.540748108843231e-9
-3.221905017539522e-9
-3.003153287415999e-9
-2.80016647979422e-9
-2.6145711777186233e-9
-2.4741389128732555e-9
-2.3046415849733825e-9
-2.1557298645366205e-9
-1.9902230591892825e-9
-1.818185491294355e-9
-1.6689484266331687e-9
6.080833676884035e-6
1.5108762675070028e-6
6.116348011113683e-8
-4.129541227337709e-7
-5.295171761232743e-7
-5.11203690948836e-7
-4.468721204414014e-7
-3.7307169293767483e-7
-3.0426435888396293e-7
-2.4529133674849117e-7
-1.9685294633026785e-7
-1.5799368746123669e-7
-1.2723093406651338e-7
-1.0304999432025935e-7
-8.41005196193468e-8
-6.925432859137889e-8
-5.76021506725653e-8
-4.842663614689088e-8
-4.116913320178464e-8
-3.53979078825365e-8
-2.706219192141963e-8
-2.4046231922819864e-8
-2.1581831239897614e-8
-1.7868007407037878e-8
-1.64582469117768e-8
-1.4255550197088615e-8
-1.2631962633283971e-8
-1.1972959217203943e-8
-1.0874117029170004e-8
-9.989130435658295e-9
-9.253541142080324e-9
-8.343796452844349e-9
-7.831366420711878e-9
-7.377186177886186e-9
-6.786054705157945e-9
-6.285638419252773e-9
-5.861506721202769e-9
-5.5020209935178565e-9
-5.197292445278261e-9
-4.938853763725706e-9
-4.653734266765579e-9
-4.422705670082744e-9
-4.232040352790429e-9
-4.069321100197805e-9
-3.8890312866037415e-9
-3.7193702526309727e-9
-3.549390528888932e-9
-3.373241849179221e-9
-3.152047725697452e-9
-2.962533568802728e-9
-2.699522825282525e-9
-2.48693889238047e-9
-2.265195507584495e-9
-2.054947008672834e-9
-1.909972040850894e-9
-1.7696045194609012e-9
-1.675126577491332e-9
-1.5852129773283572e-9
-1.489111972487043e-9
-1.389163507520068e-9
8.205907076404941e-6
2.098226667911221e-6
-1.8413437782780166e-7
-1.1336795539941135e-6
-1.508822675673624e-6
-1.611412005893049e-6
-1.5804270137016378e-6
-1.4854542551284568e-6
-1.3629898261867643e-6
-1.2325368503490152e-6
-1.1044340933584136e-6
-9.839239283699012e-7
-8.73371046679381e-7
-7.735161626236943e-7
-6.842021714690274e-7
-6.048009638110805e-7
-5.344652324548351e-7
-4.7227558350765973e-7
-4.173240362939258e-7
-3.6875861814818597e-7
-2.877696024730197e-7
-2.540455245145713e-7
-2.2409956688609836e-7
-1.737489512231089e-7
-1.5259201050443928e-7
-1.1678934834370852e-7
-8.807154453377938e-8
-7.588154581625993e-8
-5.50690432010899e-8
-3.819842978064963e-8
-2.448993004160313e-8
-8.571265803273966e-9
-4.026180765448681e-10
6.2140306953624046e-9
1.3807517835410674e-8
1.9221876191493353e-8
2.2990945993207656e-8
2.551565840154945e-8
2.7099345537438048e-8
2.797510995584702e-8
2.8352570885757204e-8
2.812866365050085e-8
2.7550896316445497e-8
2.6793529094242686e-8
2.5764157862466747e-8
2.4761214973762418e-8
2.3853717510795747e-8
2.307459325477748e-8
2.2314785436966684e-8
2.180313976337401e-8
2.1198043122356787e-8
2.0711034582470223e-8
2.0107320750183437e-8
1.930278334331681e-8
1.846227095546501e-8
1.7198817340102408e-8
1.5970992720040678e-8
1.4590477727958197e-8
1.318048674430883e-8
1.1984791747107247e-8
1.21779643318665e-5
4.568301853781012e-6
1.369349958698411e-6
-2.187888080565725e-7
-1.0543035759517842e-6
-1.4808962475142302e-6
-1.6662422694141955e-6
-1.7038795073158457e-6
-1.6501873002998264e-6
-1.5404856460569555e-6
-1.3973150026021586e-6
-1.2352319123794616e-6
-1.0637588960318443e-6
-8.892280140179464e-7
-7.159233937309942e-7
-5.467781041264003e-7
-3.8379553450896906e-7
-2.2830792909392573e-7
-8.114351066741787e-8
5.725549310868653e-8
3.0738351712286334e-7
4.194063889033413e-7
5.231331093817678e-7
7.072419241882257e-7
7.884336157123529e-7
9.310506160298499e-7
1.0496989927120507e-6
1.1008559475277349e-6
1.1883436275541113e-6
1.2579538896395488e-6
1.3118451107683515e-6
1.3675967188372978e-6
1.3906850265385126e-6
1.4043608651276335e-6
1.4101430718628792e-6
1.4016086825851136e-6
1.3819584911318072e-6
1.3539532907609859e-6
1.3200048756879236e-6
1.2821733294135034e-6
1.2285470664408476e-6
1.1739639135685554e-6
1.120503945532501e-6
1.0696298877650128e-6
1.0112176820501047e-6
9.596312101505603e-7
9.151336539894848e-7
8.772243750728299e-7
8.391273255260903e-7
8.123321792178246e-7
7.803032333375839e-7
7.559551074638679e-7
7.286455033285008e-7
6.961688455727905e-7
6.653553380185807e-7
6.222340804204907e-7
5.814002941659747e-7
5.345564558655959e-7
4.847958482576913e-7
4.409495646707477e-7
3.193478315663787e-5
2.2868816798230193e-5
1.8851018314551247e-5
1.6579025534439057e-5
1.5067950920605833e-5
1.403663597078922e-5
1.334380939301977e-5
1.2881343971101243e-5
1.2567157533428883e-5
1.234651867972988e-5
1.2187604505699526e-5
1.2073890715453639e-5
1.199696191509581e-5
1.1951467953678268e-5
1.193242143482475e-5
1.1934281789874712e-5
1.1951089640693692e-5
1.1977027111688314e-5
1.200699119200438e-5
1.2036971356022709e-5
1.2086934200153444e-5
1.2104475210207652e-5
1.2116624251820233e-5
1.2125411096674838e-5
1.212244460543632e-5
1.2101856321104603e-5
1.2060155547539145e-5
1.203053905220478e-5
1.1952349923653415e-5
1.184830279066091e-5
1.1719577946765397e-5
1.1486690776704932e-5
1.1310081534122395e-5
1.112005042819221e-5
1.0814592591853955e-5
1.048896686074832e-5
1.0147405723616597e-5
9.795219215637146e-6
9.438976495097346e-6
9.085346456423553e-6
8.627038527735453e-6
8.190716861631186e-6
7.780078892476472e-6
7.397598532426213e-6
6.9633501034329635e-6
6.581868748187497e-6
6.252943908615773e-6
5.971191759571308e-6
5.684876375536676e-6
5.481932933175976e-6
5.241786833116558e-6
5.0656661558774895e-6
4.877516108007436e-6
4.6647769906148785e-6
4.470907636263318e-6
4.207036429464842e-6
3.957380258258597e-6
3.6629456527929987e-6
3.337397772954233e-6
3.039114137259426e-6
4.992631055490186e-5
3.980469290992908e-5
3.5384736052062764e-5
3.277725173135779e-5
3.085352206263329e-5
2.942876057125696e-5
2.8404830088870316e-5
2.7660454013928374e-5
2.708547467889757e-5
2.660571543945771e-5
2.6183475562296736e-5
2.580585901360193e-5
2.5471681917796966e-5
2.5182027140874377e-5
2.49354309811968e-5
2.4726714209681732e-5
2.454793136803439e-5
2.4390105319198446e-5
2.42448629692102e-5
2.410553442179822e-5
2.382867424156022e-5
2.36879439283873e-5
2.354570703414675e-5
2.3259746884239374e-5
2.3117218875624143e-5
2.2832923230683696e-5
2.25445891148358e-5
2.2396199595062036e-5
2.2085874086236455e-5
2.1753480369671504e-5
2.1398402674209786e-5
2.0830744875038917e-5
2.0435985853730512e-5
2.0032786018917235e-5
1.941629813248951e-5
1.8787011230013218e-5
1.8145748816257163e-5
1.749691951372723e-5
1.684897780356971e-5
1.6211712048638494e-5
1.5391910683077704e-5
1.4614607684369731e-5
1.3882297369086332e-5
1.3196723189390334e-5
1.2412157369919942e-5
1.17166625214275e-5
1.1111629104382148e-5
1.05883908762018e-5
1.0051204435784517e-5
9.668229542978485e-6
9.217791501263594e-6
8.895097149347784e-6
8.56252617550987e-6
8.202333206741206e-6
7.88642614107045e-6
7.468864654164192e-6
7.0758407527330084e-6
6.601444532432015e-6
6.05685137436077e-6
5.53796520124711e-6
3.445912479956631e-5
2.3992712429556043e-5
1.949906243650625e-5
1.6976357866090895e-5
1.5255283685816863e-5
1.4057934106077142e-5
1.3245544565758409e-5
1.2695391622280003e-5
1.2307886700416809e-5
1.2016869668867868e-5
1.1786557392778457e-5
1.1601555115847344e-5
1.1456626011479515e-5
1.134941640328679e-5
1.1276661048811405e-5
1.1233089246250209e-5
1.1211911009640977e-5
1.1205916094321246e-5
1.1208543985515125e-5
1.1214602919285449e-5
1.1224437065804302e-5
1.1225525272332361e-5
1.1223911962157979e-5
1.1214523716589122e-5
1.1207579123886124e-5
1.118921082729225e-5
1.1161577818886509e-5
1.1142484581460253e-5
1.1090342870673506e-5
1.1016991706248198e-5
1.0922225732712578e-5
1.0745636321611318e-5
1.0610164599526244e-5
1.0463915009259868e-5
1.0227449983007934e-5
9.971447207011606e-6
9.696438673423863e-6
9.405403879238366e-6
9.104211146458919e-6
8.79977555650445e-6
8.398412856281736e-6
8.008613120106931e-6
7.632768238561192e-6
7.27285627816798e-6
6.851571161252269e-6
6.470527527374606e-6
6.1337986201184695e-6
5.838563657261024e-6
5.531303312470267e-6
5.310185479998231e-6
5.0504139583266125e-6
4.867573699574429e-6
4.685136208465412e-6
4.495906949122034e-6
4.336883156873734e-6
4.134497654199188e-6
3.946465503536839e-6
3.7147120367905645e-6
3.438683227577518e-6
3.165499916868387e-6
2.04500671709379e-5
9.882650785432345e-6
5.4290857045099105e-6
3.1019099339704607e-6
1.7217278368218055e-6
8.708435834207338e-7
3.5042910031471966e-7
4.184019171893969e-8
-1.3133105648754805e-7
-2.176476782719393e-7
-2.4679355653419074e-7
-2.3645370868943215e-7
-1.9739179994102582e-7
-1.3678921515906636e-7
-6.013895320313387e-8
2.7881347865808814e-8
1.231436550878651e-7
2.220883240119881e-7
3.218170923719508e-7
4.201492267087669e-7
6.072996501514562e-7
6.948386825640944e-7
7.781359935331167e-7
9.324637743914582e-7
1.0038154615755082e-6
1.1353991557918947e-6
1.2521551408360823e-6
1.3048486232864535e-6
1.3986765925986253e-6
1.4773059536625758e-6
1.5416824270048028e-6
1.6149668042055193e-6
1.6508075979333395e-6
1.6779233724733323e-6
1.704318811468469e-6
1.715311790537971e-6
1.7124388858113238e-6
1.697644050758473e-6
1.673439646887098e-6
1.6424555578459792e-6
1.5942766373683882e-6
1.5411014224371626e-6
1.4845988451191999e-6
1.4261541653725213e-6
1.353162803937496e-6
1.283757262356733e-6
1.2202724627047912e-6
1.1630570682591949e-6
1.1018928442805797e-6
1.0569312298174366e-6
1.003614576581613e-6
9.664022666491137e-7
9.301873654733499e-7
8.940006091129081e-7
8.648627705551118e-7
8.294954259550454e-7
7.97456505376346e-7
7.573567009086453e-7
7.080354798394364e-7
6.576164361322377e-7
6.69675381144097e-7
2.037903289369398e-7
1.8974442464911275e-7
2.2215883739827546e-7
2.484047769673682e-7
2.647178561621263e-7
2.738753065649912e-7
2.783612252304915e-7
2.7968307084571046e-7
2.786815361786327e-7
2.7585206929725146e-7
2.715390665772535e-7
2.660287379833555e-7
2.595833551321406e-7
2.5244766145464515e-7
2.4484517451307405e-7
2.369730533727865e-7
2.289989088254488e-7
2.2106022805769629e-7
2.132659304945828e-7
1.9842119663693558e-7
1.9147408339807464e-7
1.848847639182736e-7
1.728262086825926e-7
1.6735674527527256e-7
1.574848334024936e-7
1.4891044045632202e-7
1.4505192650243458e-7
1.3806377482686516e-7
1.31874959982431e-7
1.2629155586770995e-7
1.1869411047649813e-7
1.1396512957084321e-7
1.0940502537024315e-7
1.0277994369459533e-7
9.636474889797936e-8
9.018099779371025e-8
8.429327679338448e-8
7.877570523285478e-8
7.368944643981277e-8
6.763677699318687e-8
6.241810186674678e-8
5.796314216759527e-8
5.4153817680356075e-8
5.009623751279263e-8
4.660032153043729e-8
4.348891890981863e-8
4.065375621619244e-8
3.7545615999416124e-8
3.5183654439927884e-8
3.222572930510745e-8
3.0009876932108164e-8
2.7766934136546504e-8
2.5582369832304367e-8
2.3930582115857557e-8
2.207573475913555e-8
2.062602932878054e-8
1.9179978380976126e-8
1.7775163306625726e-8
1.6558500387306714e-8
2.0036490094722352e-6
3.389096680616618e-7
8.326434433018975e-8
7.750634650822022e-8
1.0813771622643052e-7
1.341595657800856e-7
1.513179933714758e-7
1.6209352642727296e-7
1.6901188208932757e-7
1.7361334683264577e-7
1.766723952301729e-7
1.78544761304047e-7
1.794052054445783e-7
1.7937090288920268e-7
1.7855074659883403e-7
1.7705666437961284e-7
1.749999490162277e-7
1.7248459371649363e-7
1.6960255853522916e-7
1.664320717832921e-7
1.5947587899211905e-7
1.5579065682137366e-7
1.5202279543776037e-7
1.443791426951166e-7
1.405658069597164e-7
1.3309208075079517e-7
1.2596953383430899e-7
1.2258293643163135e-7
1.1621536186791176e-7
1.1042655406020488e-7
1.0522488709497176e-7
9.846558588551346e-8
9.45850678870725e-8
9.113598442619899e-8
8.663133241273323e-8
8.273888699462555e-8
7.925922867644521e-8
7.602204024633075e-8
7.289673056996956e-8
6.979783864453112e-8
6.564111093560411e-8
6.146268396024335e-8
5.733763157446675e-8
5.3371801529677994e-8
4.879203878027351e-8
4.476025634318872e-8
4.1330426588279956e-8
3.847282225791884e-8
3.5670354315745495e-8
3.3718507578408906e-8
3.134734006860469e-8
2.9499596039005824e-8
2.745745446565734e-8
2.5248621526224947e-8
2.3459426513581257e-8
2.1418962859822065e-8
1.987212946112327e-8
1.840158086557206e-8
1.702342011475889e-8
1.5829915834828714e-8
3.790280206067352e-6
8.446859617474091e-7
1.5346895670481162e-7
7.630837962467494e-9
3.3564161457605557e-9
2.9557485875034695e-8
5.60495977497983e-8
7.642344171563799e-8
9.085234308694732e-8
1.0084050561942503e-7
1.077641186257913e-7
1.1259987768989666e-7
1.1598119510692701e-7
1.1830834036081624e-7
1.1983790037074253e-7
1.2074123634213026e-7
1.2113889404934229e-7
1.2111982041982404e-7
1.207520375485548e-7
1.2008888107884683e-7
1.1803936961781496e-7
1.1671721823735329e-7
1.1523196028921516e-7
1.1186103847998386e-7
1.1001569029856901e-7
1.0609726186221192e-7
1.0198592232140549e-7
9.989534679316028e-8
9.570883101459809e-8
9.15866232068154e-8
8.759771615450842e-8
8.1972770392567e-8
7.850983986181384e-8
7.52986705702452e-8
7.096729149386178e-8
6.720559628560286e-8
6.396973515051556e-8
6.119378888802247e-8
5.87995740104184e-8
5.670473021904542e-8
5.42393859293264e-8
5.199419328753045e-8
4.983409021519473e-8
4.766732793802053e-8
4.488244119355616e-8
4.201232783984726e-8
3.9119800023114065e-8
3.630018567151932e-8
3.3148910532367704e-8
3.0804812099232924e-8
2.8030895114774087e-8
2.611933159366222e-8
2.4343659662671088e-8
2.2727815831345944e-8
2.151040266924938e-8
2.0040441852850222e-8
1.8748647382712678e-8
1.7314496197863473e-8
1.5821361786950458e-8
1.452084421432309e-8
6.115912769044792e-6
1.7147745237854737e-6
4.049780435337359e-7
-6.0616610513414415e-9
-1.1320209241769037e-7
-1.1533377319431999e-7
-8.510073876352323e-8
-4.937375565876128e-8
-1.73819296916656e-8
8.513897657331789e-9
2.849659160956551e-8
4.353927219549682e-8
5.471783430770045e-8
6.297036555510764e-8
6.903992413665197e-8
7.34870506845737e-8
7.672361498133728e-8
7.904839384779491e-8
8.067743211854484e-8
8.176762757521872e-8
8.27624977158763e-8
8.281766728651996e-8
8.264947517623772e-8
8.179081952385929e-8
8.115601289840997e-8
7.957705435129291e-8
7.768269014994085e-8
7.664563250040748e-8
7.443664539570363e-8
7.20982004042486e-8
6.968349159627717e-8
6.601918178347772e-8
6.360527596467511e-8
6.125166929548766e-8
5.7885703586549287e-8
5.476480875476858e-8
5.191970929617765e-8
4.936222298035919e-8
4.709015867798531e-8
4.509022554396269e-8
4.280705375127503e-8
4.0894965038110536e-8
3.927026802953101e-8
3.784870186937041e-8
3.624224588793675e-8
3.4713678587602583e-8
3.3177103238259644e-8
3.158363362598331e-8
2.9581720908395508e-8
2.7865126654407982e-8
2.547811490507053e-8
2.354052811364016e-8
2.150504021270505e-8
1.955290115681259e-8
1.8186861280971692e-8
1.6839621128430413e-8
1.5916663394601798e-8
1.503551408338645e-8
1.4107218494011087e-8
1.3159441256137045e-8
8.801134018790993e-6
2.8508547593148167e-6
7.750227342481183e-7
-3.728310113550963e-8
-3.4704446300687654e-7
-4.391963963511772e-7
-4.3558333828505483e-7
-3.9215231251142197e-7
-3.3535744083407047e-7
-2.7759536118795884e-7
-2.243299017898995e-7
-1.7757546234308422e-7
-1.376626364147117e-7
-1.0414867683851912e-7
-7.628613859856156e-8
-5.3258169842143486e-8
-3.428966766784775e-8
-1.8692994621351195e-8
-5.880215349072088e-9
4.640746791814314e-9
2.036172968117046e-8
2.6169270544838532e-8
3.0922898739391007e-8
3.7966318361733314e-8
4.052803937759594e-8
4.423691674853045e-8
4.653673792453535e-8
4.729158630864148e-8
4.820131448029885e-8
4.849484204734921e-8
4.8335536726057407e-8
4.749837675978247e-8
4.666295756580333e-8
4.567830690816739e-8
4.40224240698791e-8
4.225612927545727e-8
4.046581666345044e-8
3.871308479205786e-8
3.704088402798147e-8
3.547727204988868e-8
3.358712036433606e-8
3.1927741141096406e-8
3.048854232572686e-8
2.9246492625285513e-8
2.792621030283796e-8
2.6804275003504845e-8
2.5814168561796107e-8
2.4892520892589356e-8
2.3804038851487402e-8
2.2871569184284415e-8
2.1499267920314623e-8
2.026621976886932e-8
1.8796438042675067e-8
1.7149296553132634e-8
1.5809664994178786e-8
1.4311233404577404e-8
1.3224627589035646e-8
1.2264863326551451e-8
1.1460990610994525e-8
1.0835475228663223e-8
1.1358653029550814e-5
3.860955219961854e-6
9.283005984039829e-7
-4.1009996113412737e-7
-1.0454635573074897e-6
-1.330533177322188e-6
-1.4294172118334564e-6
-1.4266911809261547e-6
-1.3689021469245194e-6
-1.2827222877619928e-6
-1.1837596641671368e-6
-1.0811872071895918e-6
-9.80325223566028e-7
-8.841477511817783e-7
-7.941897008750205e-7
-7.111052327050306e-7
-6.350162911222906e-7
-5.657318222362025e-7
-5.028859494143674e-7
-4.460247799359832e-7
-3.483038682510135e-7
-3.064845761330756e-7
-2.6876106465792435e-7
-2.0400880351601613e-7
-1.762733302331621e-7
-1.28572377878818e-7
-8.956922298731514e-8
-7.280305130548031e-8
-4.3878769554599303e-8
-2.0153319743518028e-8
-6.915233693501855e-10
2.2107489943431472e-8
3.388111747400433e-8
4.344083302390963e-8
5.439356181136478e-8
6.210856445931955e-8
6.731722822629946e-8
7.059507395493047e-8
7.240189794228556e-8
7.310526409094866e-8
7.28199262757984e-8
7.160173725506133e-8
6.981966884764134e-8
6.77365383706137e-8
6.498946993391385e-8
6.230500944797977e-8
5.981924570455276e-8
5.7588092928304556e-8
5.525027255076843e-8
5.3553646466054485e-8
5.147479125204872e-8
4.986916108545395e-8
4.807233541266965e-8
4.5980836119610966e-8
4.404699581893309e-8
4.1391984300330115e-8
3.8900795041241236e-8
3.604168976987547e-8
3.2968123873271325e-8
3.018416223697821e-8
1.6247529798342274e-5
7.239799346781456e-6
3.4302962605637385e-6
1.4709191568307043e-6
3.571701234915206e-7
-2.8968190665145544e-7
-6.52050334250856e-7
-8.34824077088281e-7
-9.032969516004052e-7
-8.987680566908311e-7
-8.471867302273548e-7
-7.648379003060756e-7
-6.621753198145387e-7
-5.462774662231998e-7
-4.222927000864675e-7
-2.942026762755108e-7
-1.6517624327217152e-7
-3.7713384300032727e-8
8.629260635137549e-8
2.055048971466501e-7
4.2656207162513024e-7
5.278217876167424e-7
6.229213127225848e-7
7.9543677227947e-7
8.733353797583692e-7
1.013518569081203e-6
1.1340215691374972e-6
1.1872469554338446e-6
1.2803417503387334e-6
1.3567242780350429e-6
1.417968323033789e-6
1.485331770096409e-6
1.516435948203763e-6
1.5382407750489216e-6
1.556015397491798e-6
1.5584778201026337e-6
1.5480774547918932e-6
1.5272126189495663e-6
1.498350525146069e-6
1.463831855141506e-6
1.412320208484692e-6
1.3574600536416238e-6
1.3013488727726935e-6
1.2455863898748974e-6
1.1786453753795135e-6
1.1170520407085993e-6
1.062109830728536e-6
1.0138535064626027e-6
9.639416886289891e-7
9.283727632041108e-7
8.868567350130507e-7
8.575321299476178e-7
8.277874122783104e-7
7.959352818395881e-7
7.679629893111358e-7
7.304706928884939e-7
6.944212029997669e-7
6.499962155616766e-7
5.97980561408245e-7
5.474920418026484e-7
3.4434310561738316e-5
2.397479314436367e-5
1.9485786359530864e-5
1.696638314898347e-5
1.5247721793251209e-5
1.4052161749840739e-5
1.3241112898453511e-5
1.2691973021600664e-5
1.2305239662196818e-5
1.2014814443275654e-5
1.178495882793703e-5
1.1600310561996075e-5
1.1455656792964355e-5
1.1348661777621654e-5
1.1276073877216746e-5
1.1232632833995483e-5
1.1211556749385596e-5
1.1205641670637088e-5
1.1208331983745944e-5
1.121443973682736e-5
1.122434187667488e-5
1.1225453317913325e-5
1.1223858031285427e-5
1.121449425243049e-5
1.120755761455346e-5
1.1189199396567699e-5
1.1161571234606126e-5
1.1142479165698906e-5
1.1090338263280671e-5
1.1016986737307022e-5
1.0922219879170643e-5
1.0745628832015686e-5
1.0610155994283797e-5
1.04639053304342e-5
1.0227438866149394e-5
9.971434997482731e-6
9.696425826587824e-6
9.405390847355552e-6
9.104198270608993e-6
8.799763026108592e-6
8.3984008869249e-6
8.008601753904356e-6
7.632757565785752e-6
7.272846425504307e-6
6.851562420201647e-6
6.470519795535957e-6
6.133791687130109e-6
5.838557377387136e-6
5.531297778074095e-6
5.310180553382203e-6
5.0504097171880095e-6
4.867569823629174e-6
4.685132631555495e-6
4.495903761003253e-6
4.336880313564687e-6
4.134495067398954e-6
3.946463042609042e-6
3.7147098508557203e-6
3.438681443396959e-6
3.1654983121141142e-6
4.9949787858395296e-5
3.838644244212229e-5
3.35431200102303e-5
3.074906868236953e-5
2.8666828230700636e-5
2.712776951170539e-5
2.6042535192278155e-5
2.527321513585471e-5
2.4687525437171277e-5
2.419628322231335e-5
2.375629195154803e-5
2.3355885850676842e-5
2.2997994816861874e-5
2.2687789300053967e-5
2.2426382390964147e-5
2.220935328584965e-5
2.2028090738673177e-5
2.1872187319427568e-5
2.1731702614986157e-5
2.1598705429289065e-5
2.133683361878377e-5
2.1204829843782523e-5
2.1072752606846392e-5
2.0813808041280417e-5
2.0689074107719383e-5
2.0449799119159595e-5
2.0217930189342005e-5
2.0101177366601887e-5
1.9858893779586348e-5
1.9598763615035307e-5
1.9318752152433588e-5
1.8868462549809567e-5
1.855542291586405e-5
1.8236606468001435e-5
1.7749935332117546e-5
1.7250429964342504e-5
1.6734393680830146e-5
1.6203246948949598e-5
1.5664389149914933e-5
1.5127699594219406e-5
1.4428950288614866e-5
1.375658702929237e-5
1.3110864714881086e-5
1.2492344670355452e-5
1.176602097955876e-5
1.1105819093960782e-5
1.0518945248344756e-5
1.0000543486579159e-5
9.455661313996794e-6
9.05964077981443e-6
8.59113969416582e-6
8.26154263892986e-6
7.936833429248924e-6
7.609382862462792e-6
7.34417027145629e-6
7.020431573033023e-6
6.728817846172792e-6
6.371260422837186e-6
5.940491285452762e-6
5.505337834176941e-6
3.7519422787465666e-5
2.5501724335035865e-5
2.0442836930152743e-5
1.7631129841297413e-5
1.57031022841829e-5
1.4352498793214744e-5
1.3429641904449745e-5
1.2797291801461747e-5
1.2342219510998242e-5
1.1989415088412954e-5
1.1699344892608741e-5
1.1456345028966876e-5
1.1256474487845247e-5
1.109882838180656e-5
1.0981015298396068e-5
1.0897887836622943e-5
1.0842181737001865e-5
1.0805895113164787e-5
1.0781629369388291e-5
1.0763500039710476e-5
1.073150911364804e-5
1.0714750903997681e-5
1.0697452169395164e-5
1.0663800441890932e-5
1.0648487651878936e-5
1.062082521522026e-5
1.0592785469940252e-5
1.0576256707839959e-5
1.0533592372780672e-5
1.0474253117623287e-5
1.039707343798732e-5
1.025270190580856e-5
1.014232892751499e-5
1.0023724866408114e-5
9.832240982744786e-6
9.623164626819129e-6
9.394599197843964e-6
9.147919849476137e-6
8.88832115557153e-6
8.622563901581615e-6
8.267949829315049e-6
7.918375197731212e-6
7.574787770699877e-6
7.23834755537671e-6
6.83469789522836e-6
6.460671089820322e-6
6.122911579355471e-6
5.820231056854422e-6
5.497282783061657e-6
5.259517637078753e-6
4.975843490421044e-6
4.776141831733366e-6
4.581505968046208e-6
4.3900381456696965e-6
4.2402431360426e-6
4.065170850873209e-6
3.913211483991591e-6
3.7288063506168045e-6
3.5047670931054834e-6
3.2739572398964217e-6
1.2972009135637822e-6
1.0939891082721749e-6
1.1900001376742562e-6
1.297735061488556e-6
1.3818328522198142e-6
1.4413477523497764e-6
1.4799312699975836e-6
1.501103916409637e-6
1.5077576103444997e-6
1.5023115625856566e-6
1.4868735933471577e-6
1.4633273962479222e-6
1.4333677573059582e-6
1.398511015477321e-6
1.3600977548221933e-6
1.319295791609313e-6
1.2771061845572191e-6
1.2343724018460349e-6
1.1917918078323795e-6
1.1499284765837825e-6
1.070023327593376e-6
1.0325624917347677e-6
9.970060371027702e-7
9.319155705816092e-7
9.023986737447353e-7
8.491525005687465e-7
8.029359320122396e-7
7.821433255328914e-7
7.444828271544773e-7
7.111179851811125e-7
6.810069775121303e-7
6.400383166108781e-7
6.145540353735093e-7
5.899963218736859e-7
5.543389938840927e-7
5.19814208183893e-7
4.865179459242865e-7
4.5479196714477286e-7
4.2504084955855556e-7
3.9760336706102973e-7
3.649439274463941e-7
3.3677908122925643e-7
3.1273081966222235e-7
2.921645772169505e-7
2.702611532196782e-7
2.5140072702068685e-7
2.346253159485376e-7
2.1934248923740635e-7
2.0258360392902277e-7
1.89842852446891e-7
1.7388310484662913e-7
1.6192524119127173e-7
1.4981842484299067e-7
1.3802470848424394e-7
1.2910958800687286e-7
1.191033976654537e-7
1.1128289459189842e-7
1.0347827435035151e-7
9.589460174490065e-8
8.932882345963441e-8
2.3418545377096803e-6
8.398206521812996e-7
6.623959974008948e-7
7.037382016629528e-7
7.712800042215645e-7
8.296468498910962e-7
8.753162419262406e-7
9.103709111130471e-7
9.369739074966405e-7
9.565851768260963e-7
9.701436732186753e-7
9.783193107325255e-7
9.816700936027352e-7
9.807139413384969e-7
9.759510700368673e-7
9.67864461206558e-7
9.569139301277675e-7
9.435306826745108e-7
9.281143949151956e-7
9.110326358200912e-7
8.731883767696101e-7
8.530109454306098e-7
8.323410248982331e-7
7.904015748838983e-7
7.695092079258356e-7
7.286452583904907e-7
6.897737565271788e-7
6.71296838412909e-7
6.365292252453597e-7
6.04861273157735e-7
5.763456041380315e-7
5.392334150296763e-7
5.179280961774873e-7
4.990117697522665e-7
4.7434684614196775e-7
4.5305929321522095e-7
4.3402600950361054e-7
4.163067852260319e-7
3.9919822311663494e-7
3.822471027229922e-7
3.59536681874432e-7
3.367206661372807e-7
3.1418109345327096e-7
2.924824864747737e-7
2.673912553415873e-7
2.452862172141215e-7
2.2647829613662878e-7
2.108047190605434e-7
1.954269043712342e-7
1.847175777100889e-7
1.717250201474865e-7
1.616182068876159e-7
1.5045237493764425e-7
1.3836309242989534e-7
1.2856115106841533e-7
1.1737877008944523e-7
1.0889804081381012e-7
1.0083034073703902e-7
9.327173819197006e-8
8.673531510244993e-8
3.95341276663655e-6
1.141797054473665e-6
5.375307534901719e-7
4.343298209987137e-7
4.5237715607607186e-7
4.937287357070242e-7
5.335765383156176e-7
5.67032653747898e-7
5.942326550111211e-7
6.162008913576129e-7
6.338515953034345e-7
6.478557428601511e-7
6.586993567207945e-7
6.66752046061874e-7
6.723118451889545e-7
6.756300592715327e-7
6.769248570321956e-7
6.763896468424554e-7
6.741991738218051e-7
6.705143582826009e-7
6.592576622605257e-7
6.519667202276196e-7
6.437454789589385e-7
6.25014020748305e-7
6.14739684140395e-7
5.9291218031727e-7
5.700104312389428e-7
5.583647433972604e-7
5.350355993309847e-7
5.120462443050994e-7
4.897787607006878e-7
4.5834833789626444e-7
4.3898905337103844e-7
4.2103580094967373e-7
3.968195307637807e-7
3.757831300528543e-7
3.5767530372923657e-7
3.4212857880868357e-7
3.287138499936921e-7
3.169801061081973e-7
3.0318818559347886e-7
2.9064933409023483e-7
2.785992699088813e-7
2.6651709575991156e-7
2.5099000323031314e-7
2.349881728954329e-7
2.188568439778479e-7
2.0311929952962017e-7
1.855063453577393e-7
1.7238593502900865e-7
1.5684196585142296e-7
1.461230356876873e-7
1.361648432014648e-7
1.2710950094544075e-7
1.203001442915699e-7
1.1209686028624135e-7
1.0489347786794184e-7
9.688810059361155e-8
8.853957377564734e-8
8.125807868487437e-8
6.160053678134742e-6
1.8921309602727022e-6
7.026619704724845e-7
3.5530819810363226e-7
2.7438837306713587e-7
2.7933248245785403e-7
3.086938180344422e-7
3.413956819093477e-7
3.7078180819719936e-7
3.9535975593600886e-7
4.1537126172728675e-7
4.3151932044835964e-7
4.4451810406435213e-7
4.5495828487403044e-7
4.632895742776804e-7
4.6984229878435214e-7
4.748575301508299e-7
4.785145445604815e-7
4.809522262415518e-7
4.822841925145841e-7
4.820140035216485e-7
4.805823274919717e-7
4.783903355574342e-7
4.720089130100356e-7
4.6794978275186033e-7
4.5838766142414005e-7
4.4724646452134097e-7
4.4120198300563547e-7
4.2838120934692756e-7
4.148512590614105e-7
4.009082060863166e-7
3.79791969685053e-7
3.6590330729078233e-7
3.5237263810271054e-7
3.3302967090001304e-7
3.1509042886895195e-7
2.9872414704313846e-7
2.839997391842396e-7
2.709097383810624e-7
2.5938299002643217e-7
2.4622169463320747e-7
2.3519986042654952e-7
2.2583659620151576e-7
2.1764847927908559e-7
2.0840688747535765e-7
1.9962996437153477e-7
1.9082159728692506e-7
1.8169452614185066e-7
1.7022718350593647e-7
1.6038761905263972e-7
1.4669023135355493e-7
1.355559217835249e-7
1.2384006790064903e-7
1.1258234414576782e-7
1.0469168935540545e-7
9.690397795518951e-8
9.157452556722317e-8
8.65019602743503e-8
8.11766269674196e-8
7.574711170396988e-8
8.887234786141392e-6
3.0488325420821986e-6
1.1332888090124164e-6
4.26923059228329e-7
1.7078918279302709e-7
9.612117391092306e-8
9.52361883891736e-8
1.2217472585650254e-7
1.5695286928785464e-7
1.911339969994884e-7
2.215328394413001e-7
2.4732577149099047e-7
2.686899598163548e-7
2.8616320829071797e-7
3.003535479348223e-7
3.118196354838073e-7
3.2103270912597634e-7
3.2837496703966405e-7
3.3415180773748994e-7
3.386071823991105e-7
3.443025572128252e-7
3.458337815355021e-7
3.466399355105009e-7
3.464234607798028e-7
3.4553879579984504e-7
3.424810814768934e-7
3.379707210336605e-7
3.352522680551992e-7
3.290275383661452e-7
3.2192199295699216e-7
3.141295164629252e-7
3.015503835227935e-7
2.9280985841636333e-7
2.839498965141226e-7
2.706825177648352e-7
2.5770619719132925e-7
2.4524768321653197e-7
2.3347792657369832e-7
2.2252226496425986e-7
2.124607657011696e-7
2.0048767736833655e-7
1.901210968114243e-7
1.8122557971688553e-7
1.7361351546955766e-7
1.655860711713763e-7
1.5881878745091882e-7
1.5288815064703632e-7
1.473957144293324e-7
1.4092837826915832e-7
1.3539419085092578e-7
1.2725088674570424e-7
1.1993021278893217e-7
1.1119403873497332e-7
1.0138886553996647e-7
9.34072783609522e-8
8.448209272365047e-8
7.801869696739367e-8
7.232359335248346e-8
6.757786366176106e-8
6.391540808838234e-8
1.1898666598043378e-5
4.450369766403844e-6
1.7079473815743792e-6
5.316811483783388e-7
4.96875178145983e-9
-2.1993940619103768e-7
-2.967074953329815e-7
-2.9995092689329265e-7
-2.6796717833772497e-7
-2.2092470426326818e-7
-1.694424065579199e-7
-1.1895700816558085e-7
-7.206593075832817e-8
-2.9823574980252714e-8
7.532618429830488e-9
4.01768594210289e-8
6.847246744268403e-8
9.285310293382727e-8
1.1376190106819505e-7
1.31621988786545e-7
1.597180208773378e-7
1.7061887067578272e-7
1.7980077789813828e-7
1.9392900226220786e-7
1.9925500182024725e-7
2.071709845003432e-7
2.1216584620518607e-7
2.1377741340471164e-7
2.1554287335303423e-7
2.1569235620093227e-7
2.1454829086051217e-7
2.109780683028252e-7
2.0767468838954579e-7
2.038353695958974e-7
1.9736450392313843e-7
1.903476735308832e-7
1.8305217812532702e-7
1.7569195957999564e-7
1.6844493375585678e-7
1.6145425725860174e-7
1.5270646347593127e-7
1.4473550981249478e-7
1.3758707201588176e-7
1.3125312874670735e-7
1.2442734374709135e-7
1.1870737717281137e-7
1.139196845465547e-7
1.0984022916437984e-7
1.055530793116485e-7
1.0225502052884619e-7
9.775956524775082e-8
9.381969282831591e-8
8.895453491998715e-8
8.299545800180798e-8
7.757302580715673e-8
7.068180842183723e-8
6.494981782688961e-8
5.921834613455076e-8
5.3971685314769584e-8
4.997620762173213e-8
1.4896807908459836e-5
5.86105895361261e-6
2.2401985229643687e-6
5.043650135374381e-7
-3.944990373865081e-7
-8.655299441603539e-7
-1.0991512031817147e-6
-1.1951354357583684e-6
-1.2099207097076796e-6
-1.1769510210578708e-6
-1.1165810963864828e-6
-1.0413865317033186e-6
-9.592029829240105e-7
-8.749329909245347e-7
-7.916402105678704e-7
-7.112174568232158e-7
-6.347971781080295e-7
-5.630069048611443e-7
-4.96132307304568e-7
-4.342254900531176e-7
-3.2478797290730457e-7
-2.767766848229345e-7
-2.32843733488883e-7
-1.5597190850771385e-7
-1.2243885465767273e-7
-6.384509640937612e-8
-1.5040013856964103e-8
6.177852884749057e-9
4.306687485631113e-8
7.350840178940023e-8
9.850205504666038e-8
1.2763255472301008e-7
1.4250882239735066e-7
1.5441566294785786e-7
1.6767091527413356e-7
1.76427853069246e-7
1.816083878468703e-7
1.839852972335153e-7
1.842294649920217e-7
1.8290737414326908e-7
1.794651849551893e-7
1.747702993485924e-7
1.6931343122856075e-7
1.6345961163643165e-7
1.5605920807162012e-7
1.4901994269992852e-7
1.4261861233233286e-7
1.3691123126269125e-7
1.308909596036012e-7
1.2648388808093662e-7
1.2113741200016096e-7
1.171572523335959e-7
1.1288482006279167e-7
1.0806124121533844e-7
1.0370744672448349e-7
9.789273141593512e-8
9.249299153740124e-8
8.616756085271336e-8
7.91482177391693e-8
7.265843862358954e-8
2.041202204069761e-5
9.85676316147991e-6
5.4113458436113805e-6
3.089866484269201e-6
1.7137016002122687e-6
8.656513604115742e-7
3.472299163628438e-7
4.0034574928356816e-8
-1.3217074885803224e-7
-2.1782640443310792e-7
-2.465285176101864e-7
-2.3589925352833718e-7
-1.9665721533909804e-7
-1.359514521210867e-7
-5.92517445515105e-8
2.8780943619146422e-8
1.2403054743733508e-7
2.2294599815645295e-7
3.226351585522596e-7
4.209216462124795e-7
6.079739866924428e-7
6.954641697106384e-7
7.787142096947142e-7
9.329543798468915e-7
1.00426626661038e-6
1.135778682024716e-6
1.2524740103030388e-6
1.3051408281017368e-6
1.3989220200395555e-6
1.4775122872559944e-6
1.54185616143921e-6
1.615101543682772e-6
1.6509216650430253e-6
1.6780201824706179e-6
1.704394878527557e-6
1.715371918701487e-6
1.7124866993733955e-6
1.6976822959843437e-6
1.6734704165659074e-6
1.6424804565036428e-6
1.5942955824938691e-6
1.5411159885995445e-6
1.4846101632541663e-6
1.4261630540839452e-6
1.3531694763640578e-6
1.2837623584100338e-6
1.2202764238799697e-6
1.1630602014865017e-6
1.10189526076383e-6
1.0569332068840914e-6
1.0036160977220823e-6
9.664034965573762e-7
9.301883323614311e-7
8.940013432502444e-7
8.648633414809409e-7
8.294958271786202e-7
7.97456787083764e-7
7.57356879077183e-7
7.080355757005928e-7
6.576164779711909e-7
3.7513407194886396e-5
2.549478094880762e-5
2.043626494651711e-5
1.7625418301071818e-5
1.5698343248086764e-5
1.434862207254403e-5
1.3426524069327951e-5
1.2794803568579993e-5
1.2340244111724413e-5
1.198785350090206e-5
1.1698115584423545e-5
1.1455381773531614e-5
1.1255723806011625e-5
1.1098247198650216e-5
1.0980568975037237e-5
1.0897548566583659e-5
1.0841927245915327e-5
1.0805707598722386e-5
1.0781494631636786e-5
1.0763406765965901e-5
1.0731473560112745e-5
1.071473487699947e-5
1.0697451070998015e-5
1.0663818855512794e-5
1.0648511960472717e-5
1.0620856003192262e-5
1.0592817948464605e-5
1.0576288882591063e-5
1.0533622554151187e-5
1.047428028200343e-5
1.0397097192020015e-5
1.0252720493615944e-5
1.0142344235663305e-5
1.0023737095412181e-5
9.83224905415691e-6
9.62316920184746e-6
9.394601008275362e-6
9.147919593640777e-6
8.888319401554549e-6
8.62256105150681e-6
8.267945919520832e-6
7.918370565105417e-6
7.5747827415526524e-6
7.238342443724867e-6
6.834692982841344e-6
6.460666478839971e-6
6.122907228805021e-6
5.820226949998937e-6
5.4972790487584885e-6
5.259514270601586e-6
4.975840558504665e-6
4.7761391118500425e-6
4.5815034117647436e-6
4.390035846309389e-6
4.240241075672926e-6
4.065168926335593e-6
3.913209586426351e-6
3.7288046139798302e-6
3.5047656357032197e-6
3.273955865661345e-6
5.1301890418739286e-5
3.815930303643779e-5
3.270186614204529e-5
2.9612914988643795e-5
2.737171759251818e-5
2.5735747576180593e-5
2.458408157065546e-5
2.3765385798494493e-5
2.314140812190515e-5
2.261981607697892e-5
2.215529849960782e-5
2.1734567260253197e-5
2.135932594479313e-5
2.1033914476159958e-5
2.075898452424476e-5
2.0529951660019945e-5
2.033824222596455e-5
2.0173590637812542e-5
2.0026223105927417e-5
1.9888346022765152e-5
1.962298231813554e-5
1.9492345118925062e-5
1.9363618028047177e-5
1.9116914348653948e-5
1.9000861988779652e-5
1.8783629150542668e-5
1.8579616922146604e-5
1.847885393363123e-5
1.8272466819408813e-5
1.8053138896955174e-5
1.781835123958319e-5
1.744283774618828e-5
1.7183262139581565e-5
1.6919980815936002e-5
1.6519076693124994e-5
1.6106583662912616e-5
1.56771387197706e-5
1.52307040367745e-5
1.4773379771210106e-5
1.4313907710305935e-5
1.3709794249354684e-5
1.3121078661591967e-5
1.2547026821458839e-5
1.1987815356667653e-5
1.1318522157532804e-5
1.069762458006426e-5
1.0134507393349422e-5
9.626960412192804e-6
9.0819740502257e-6
8.678161450254027e-6
8.19259683732499e-6
7.847857939761455e-6
7.510897957111486e-6
7.182457466587329e-6
6.930613497755407e-6
6.644908224545631e-6
6.405957379394638e-6
6.124256471897736e-6
5.786506570514959e-6
5.437088360762747e-6
