0.00020171539118331078
0.0001973584516976535
0.00019565249230398137
0.00019492035210140477
0.0001942704695266718
0.0001932932667209243
0.00019178078859071149
0.0001896334557273852
0.00018682469590182755
0.0001833801155837347
0.00017936092086222907
0.0001748501569371051
0.00016994188197343044
0.00016473321270379096
0.00015931885168719197
0.0001537875548483
0.00014822000675494788
0.0001426876638488852
0.00013725224170957546
0.0001319656272009472
0.00012199861320074134
0.00011737557588262274
0.00011301727610151316
0.00010512452307331363
0.00010158952460066436
9.53037000230234e-5
8.99696204586156e-5
8.761536724194706e-5
8.343300803836797e-5
7.981683551923406e-5
7.66124020007266e-5
7.228682230159902e-5
6.957199435558553e-5
6.690791799950917e-5
6.2923378048762e-5
5.892442636864161e-5
5.495690767234657e-5
5.1113733091099825e-5
4.749788800040826e-5
4.4194643517272026e-5
4.036027713220781e-5
3.718759723970345e-5
3.459834334492099e-5
3.246050745769515e-5
3.0208798475099353e-5
2.8218472074768504e-5
2.6358126882849273e-5
2.4583978680664787e-5
2.2589172019695756e-5
2.1078705998548997e-5
1.9242363659306556e-5
1.7922539796694823e-5
1.6623412901171028e-5
1.5358337878603264e-5
1.437787045552461e-5
1.3247041396681688e-5
1.235421499662412e-5
1.1471684360887734e-5
1.0629643725755334e-5
9.909026795451601e-6
2.6600080654098376e-5
2.5747358573065855e-5
2.744514234421893e-5
2.996606325179796e-5
3.259600553791482e-5
3.505076157836806e-5
3.720236488496022e-5
3.8993341436430647e-5
4.0406635921819244e-5
4.145072950567282e-5
4.2149658004556975e-5
4.25357535019184e-5
4.264462869268902e-5
4.251204532594123e-5
4.217221111205805e-5
4.165703179749281e-5
4.0995915173336e-5
4.021583398674807e-5
3.934146523032837e-5
3.83953127332759e-5
3.636720972873521e-5
3.531987513274676e-5
3.427000566502125e-5
3.220952001237153e-5
3.121751599667487e-5
2.9343246978776355e-5
2.764176180277293e-5
2.686097761756825e-5
2.5440826282028283e-5
2.4202513591382554e-5
2.313053860010142e-5
2.1787022266756645e-5
2.103131229533646e-5
2.035756266049393e-5
1.9447690920829957e-5
1.8597008891839205e-5
1.7754602356804423e-5
1.6892062165211127e-5
1.600202200471614e-5
1.50935996014081e-5
1.3888240593405602e-5
1.2741138784384957e-5
1.1701731253043246e-5
1.0801225083000134e-5
9.882819388364345e-6
9.169776810378517e-6
8.608020411996007e-6
8.13601515353999e-6
7.618138677962153e-6
7.194349865531599e-6
6.603461758972471e-6
6.117947246687213e-6
5.607553007753091e-6
5.121889722598212e-6
4.77853586514616e-6
4.41649422662096e-6
4.136308217646449e-6
3.844342850004202e-6
3.5455953316878523e-6
3.2828719979146405e-6
-1.2715244060797804e-5
-1.2918225177228333e-5
-1.1379812860161526e-5
-9.534683776888713e-6
-7.807382086257187e-6
-6.310163787950771e-6
-5.051909194623643e-6
-4.0082391326402376e-6
-3.1467699025811035e-6
-2.4362565960289283e-6
-1.8495585579582498e-6
-1.3641809538724747e-6
-9.619009898088124e-7
-6.281060589919443e-7
-3.5110439412686284e-7
-1.2150973846455536e-7
6.826895887077058e-8
2.244327578587621e-7
3.5210539041198534e-7
4.5556983432968865e-7
6.038177201532942e-7
6.543394650808463e-7
6.923010782114171e-7
7.382268005132281e-7
7.494157308911449e-7
7.547866270061519e-7
7.442858825342315e-7
7.351333316186742e-7
7.121613341913757e-7
6.86116563067962e-7
6.597715816222294e-7
6.234926261824028e-7
6.0282897076492e-7
5.85361956934407e-7
5.648188729859364e-7
5.497207246050525e-7
5.380214145260919e-7
5.275958464883194e-7
5.16610776121794e-7
5.037369239917091e-7
4.824351174390745e-7
4.5631115095637323e-7
4.2656004294184523e-7
3.952013727472508e-7
3.571055186263555e-7
3.2350641313859473e-7
2.963350348309474e-7
2.757664948366337e-7
2.5812193991341013e-7
2.471194371286806e-7
2.33740062970915e-7
2.218457038784012e-7
2.0640016076747963e-7
1.8763441672428088e-7
1.7209446345218787e-7
1.5551644610172355e-7
1.4440433176350037e-7
1.3480532078085997e-7
1.2571576912010498e-7
1.1694804859678838e-7
-2.800976768871345e-6
-3.5590798848891883e-6
-3.0489461449551764e-6
-2.4102992030285503e-6
-1.8822087535499614e-6
-1.489483572995429e-6
-1.2074697294426608e-6
-1.0061191135111496e-6
-8.608667609604327e-7
-7.539209293362107e-7
-6.730548334509498e-7
-6.100687736291599e-7
-5.595159594829467e-7
-5.177800991796275e-7
-4.824479892198268e-7
-4.5189599266776084e-7
-4.2502115830443994e-7
-4.010665227213369e-7
-3.7950660930518647e-7
-3.599712779347352e-7
-3.2597803073345706e-7
-3.111695426129886e-7
-2.9764390109204334e-7
-2.740203781203211e-7
-2.6373340091720284e-7
-2.4576958465781297e-7
-2.3073560879120725e-7
-2.241233236082976e-7
-2.1235663205631e-7
-2.0212373672926438e-7
-1.930090580693274e-7
-1.8073799037895378e-7
-1.731580431562761e-7
-1.6588254282845644e-7
-1.5536225500273415e-7
-1.4522513519810416e-7
-1.355012447112996e-7
-1.2629502426085617e-7
-1.1772639371847084e-7
-1.0988982862355586e-7
-1.0065477306685214e-7
-9.277514956041556e-8
-8.610383640198138e-8
-8.042983615702784e-8
-7.440370869806433e-8
-6.921559958644296e-8
-6.459361143046707e-8
-6.037362093643547e-8
-5.5736895586834254e-8
-5.220894734691167e-8
-4.779230658012274e-8
-4.4488439010759064e-8
-4.114981387969835e-8
-3.790667250121393e-8
-3.546527427294756e-8
-3.2738397018384204e-8
-3.06131282651448e-8
-2.8489530860015433e-8
-2.6418094660425076e-8
-2.4618960871254573e-8
-1.1693419866618942e-7
-9.949532236186073e-7
-8.330335681808233e-7
-5.783315758131881e-7
-3.8723072162024885e-7
-2.652783185590212e-7
-1.9227883902279482e-7
-1.4956818987078455e-7
-1.2440298376012694e-7
-1.0904727517424827e-7
-9.91014067222822e-8
-9.216001754091531e-8
-8.693159422821255e-8
-8.271834131611187e-8
-7.913103488609461e-8
-7.594201209221728e-8
-7.301287145726264e-8
-7.025940066765965e-8
-6.763348197956146e-8
-6.511208250599714e-8
-6.036878491731872e-8
-5.816008546654951e-8
-5.607266921175702e-8
-5.2287799034541173e-8
-5.0593520564459026e-8
-4.7579352568737856e-8
-4.5002242295126375e-8
-4.3849483326167536e-8
-4.1759594808018134e-8
-3.98932327882839e-8
-3.819016962263833e-8
-3.585072727594535e-8
-3.4392651375704356e-8
-3.299192888665449e-8
-3.096827564062612e-8
-2.9015582656965685e-8
-2.713266981331493e-8
-2.533824549890487e-8
-2.365944413878317e-8
-2.2119838970999234e-8
-2.030297736211955e-8
-1.874850030777982e-8
-1.742344565018057e-8
-1.628532162567392e-8
-1.506501104355809e-8
-1.401022670063819e-8
-1.3072094196653361e-8
-1.2217273635133031e-8
-1.1278372990340307e-8
-1.0564795800356459e-8
-9.675563621796556e-9
-9.014001608087101e-9
-8.345234153465793e-9
-7.690398795261232e-9
-7.19359487726633e-9
-6.63745339700031e-9
-6.203621384860624e-9
-5.76921675035461e-9
-5.346854702139647e-9
-4.983646676920006e-9
6.092566945546772e-9
-9.274025517783215e-7
-9.541777315283856e-7
-8.858186486808514e-7
-8.394427795663066e-7
-8.190558296932244e-7
-8.127069493992842e-7
-8.107061615727802e-7
-8.076216256013489e-7
-8.011253405236451e-7
-7.906708819161363e-7
-7.765741065836839e-7
-7.59481217703202e-7
-7.401005007231982e-7
-7.190876861226761e-7
-6.970102402187023e-7
-6.743463994435915e-7
-6.514957180008186e-7
-6.287906130722356e-7
-6.065053204611042e-7
-5.640347364843802e-7
-5.441531307482138e-7
-5.25305353013007e-7
-4.908808939622929e-7
-4.753111123074077e-7
-4.4729275200912276e-7
-4.230298476330085e-7
-4.1212110360319693e-7
-3.9235069386321415e-7
-3.747965919370156e-7
-3.589040667029785e-7
-3.371971597680211e-7
-3.2365644859305065e-7
-3.105932119591784e-7
-2.9162016208538724e-7
-2.732629346530635e-7
-2.5558662178346455e-7
-2.387821983435782e-7
-2.2306896483260758e-7
-2.0862411939872147e-7
-1.9149150683773047e-7
-1.7676176524562695e-7
-1.6419973066156818e-7
-1.5344796235628104e-7
-1.4196873891896944e-7
-1.3205320392822833e-7
-1.2321372077562394e-7
-1.151531787702867e-7
-1.063185695783666e-7
-9.961402339916528e-8
-9.123796163210524e-8
-8.4977750086906e-8
-7.864480573372751e-8
-7.246964918430951e-8
-6.779455105543148e-8
-6.254296117781233e-8
-5.843819662876657e-8
-5.43432087025238e-8
-5.036770009963538e-8
-4.692931216203735e-8
3.855291047566915e-7
-4.0066118814265624e-7
-4.3222711402799683e-7
-3.8868362804112127e-7
-3.592537380227304e-7
-3.469335787572787e-7
-3.4378447468349593e-7
-3.4364207845804513e-7
-3.432024835906272e-7
-3.4112235084095694e-7
-3.3711845728041545e-7
-3.3138198706325605e-7
-3.2426031260176634e-7
-3.161092059733163e-7
-3.072385235441466e-7
-2.9790235637068794e-7
-2.8830622918109194e-7
-2.7861786751286493e-7
-2.689760882373108e-7
-2.594965067835474e-7
-2.4138688545764597e-7
-2.328920183929898e-7
-2.2483110197975523e-7
-2.10095634624681e-7
-2.034283688142325e-7
-1.9143035240267358e-7
-1.8104223388325897e-7
-1.763722166042258e-7
-1.6790907528345588e-7
-1.603956027352857e-7
-1.5359573676708703e-7
-1.4431687632876147e-7
-1.3853619223908108e-7
-1.3296468388519031e-7
-1.2487819946178187e-7
-1.1705360770001832e-7
-1.0951238826242685e-7
-1.0233365933831802e-7
-9.561204349497137e-8
-8.942590705359892e-8
-8.208134487254577e-8
-7.576179862353938e-8
-7.03697164735179e-8
-6.575437854395997e-8
-6.082968576452984e-8
-5.6581433916978835e-8
-5.279921504069233e-8
-4.935219157961475e-8
-4.557229864313328e-8
-4.270067307698087e-8
-3.9109412074709387e-8
-3.642380919013678e-8
-3.370679519164737e-8
-3.105782037125881e-8
-2.9052881836408673e-8
-2.6801740993697437e-8
-2.504280760075028e-8
-2.3287801634464073e-8
-2.158308212742162e-8
-2.010802690515328e-8
5.33019518513435e-7
-9.753367988729793e-8
-1.1775242973940483e-7
-8.050096220725891e-8
-5.436384570915784e-8
-4.157763882817222e-8
-3.6520913936148e-8
-3.491455055655756e-8
-3.446193802587046e-8
-3.416637636136232e-8
-3.37054795474951e-8
-3.304569849564384e-8
-3.224442659539504e-8
-3.1365151120141494e-8
-3.045112638124901e-8
-2.952468383407646e-8
-2.85947483187164e-8
-2.766459132825477e-8
-2.6737042676876796e-8
-2.5816894949103933e-8
-2.402850457681925e-8
-2.3177386716288902e-8
-2.2365463915646584e-8
-2.0879849689455114e-8
-2.0210774955493308e-8
-1.9016167605792928e-8
-1.7991447387595397e-8
-1.7532324335599045e-8
-1.6699208376476462e-8
-1.595509834423882e-8
-1.5276894259881938e-8
-1.4347840820228508e-8
-1.377056226702711e-8
-1.3216983915151854e-8
-1.2417856475131324e-8
-1.1645963944771735e-8
-1.0899703672441933e-8
-1.0186071222253229e-8
-9.515945055861531e-9
-8.899125694423585e-9
-8.168412556977402e-9
-7.541090704720053e-9
-7.005457540599844e-9
-6.54554130883633e-9
-6.0535490251806585e-9
-5.629800768534759e-9
-5.2540839047480594e-9
-4.912296367101492e-9
-4.536764518409802e-9
-4.2506999133954685e-9
-3.892887743218573e-9
-3.6257794969442977e-9
-3.3555611124977816e-9
-3.091457300180182e-9
-2.8914278510757008e-9
-2.667512369908547e-9
-2.492927595760854e-9
-2.3184476754378094e-9
-2.1486756818528443e-9
-2.001780106367956e-9
6.298263363972144e-7
1.6707641268998866e-7
1.7039695113136268e-7
2.1321488172237488e-7
2.4456649891213174e-7
2.6314240002709646e-7
2.732172087773507e-7
2.780450148107239e-7
2.7949034576684715e-7
2.785419042553963e-7
2.7574701327749925e-7
2.7146300537705684e-7
2.659764942768488e-7
2.5954824288673406e-7
2.524227788723578e-7
2.448248727759495e-7
2.3695367264256787e-7
2.2897877476558539e-7
2.210391909559156e-7
2.132447418411757e-7
1.9840283172301674e-7
1.9145825588629342e-7
1.8487169477705486e-7
1.7281791546494638e-7
1.6735005529801148e-7
1.5747964105419068e-7
1.4890519084885446e-7
1.4504642949757755e-7
1.38057938898292e-7
1.3186936644122352e-7
1.2628676825584628e-7
1.1869086185662796e-7
1.139626459744652e-7
1.0940292365654411e-7
1.0277783502639993e-7
9.636241674544177e-8
9.017866869553184e-8
8.429127431163947e-8
7.87741743281673e-8
7.368829767273379e-8
6.76358114448556e-8
6.24170629660555e-8
5.796204955946074e-8
5.4152834955790874e-8
5.00955198978692e-8
4.659977098935355e-8
4.348836268084169e-8
4.065314812847903e-8
3.754505497509044e-8
3.518321014923091e-8
3.2225397068093346e-8
3.000953748687173e-8
2.776656966929138e-8
2.5582065309831045e-8
2.3930349973273022e-8
2.2075514470140078e-8
2.0625790074788438e-8
1.9179772177917282e-8
1.7775012196339536e-8
1.6558345174962923e-8
1.2579899560139918e-6
1.0620654486319935e-6
1.1731549136641641e-6
1.2895309761093628e-6
1.377860735898173e-6
1.4393135996174851e-6
1.478755356235577e-6
1.500314598837987e-6
1.507162857563633e-6
1.5018367321389477e-6
1.486487660090659e-6
1.4630129048596804e-6
1.4331106883240338e-6
1.3982986502411136e-6
1.359919030917661e-6
1.3191419143464022e-6
1.2769708162623554e-6
1.2342514047196499e-6
1.191682724775389e-6
1.1498299453769232e-6
1.0699437491238935e-6
1.0324914847154266e-6
9.969428607107601e-7
9.318653523446227e-7
9.023534913019595e-7
8.491147948643991e-7
8.029031548409889e-7
7.821124360948375e-7
7.444551688404998e-7
7.110932891506477e-7
6.809851350679741e-7
6.400202895835565e-7
6.145380152864554e-7
5.899818215340628e-7
5.543260532274042e-7
5.198024087944054e-7
4.865072702314323e-7
4.54782514301269e-7
4.2503260730953175e-7
3.9759615553605474e-7
3.649376775215923e-7
3.367734297694121e-7
3.1272565016904254e-7
2.9215992172380937e-7
2.702571459625741e-7
2.513972100349834e-7
2.3462208789035854e-7
2.1933946975774287e-7
2.0258089351566727e-7
1.8984044542387904e-7
1.7388103842322655e-7
1.6192333156423225e-7
1.4981664450656467e-7
1.3802313702134707e-7
1.291082063066096e-7
1.1910214695840279e-7
1.1128170368490495e-7
1.0347720959436703e-7
9.58937000986143e-8
8.932797473841975e-8
2.6541906897955535e-5
2.5726209859779284e-5
2.743798584743744e-5
2.9964330091120066e-5
3.259630228177748e-5
3.505170644421153e-5
3.720340363749745e-5
3.899426915336397e-5
4.040739447464324e-5
4.145131976516837e-5
4.2150101734298484e-5
4.253607723612059e-5
4.2644857382024366e-5
4.2512200258008414e-5
4.2172309621928284e-5
4.165708765481374e-5
4.099593916147298e-5
4.021583447647837e-5
3.934144867890922e-5
3.8395284094492784e-5
3.6367167333184126e-5
3.531982943825079e-5
3.426995826742421e-5
3.220947238800478e-5
3.121746927131252e-5
2.9343203119696335e-5
2.764172146914527e-5
2.6860939113964064e-5
2.5440791372825222e-5
2.420248204558649e-5
2.3130510099319135e-5
2.178699767938141e-5
2.1031289894170957e-5
2.0357542144297607e-5
1.944767276778389e-5
1.8596992692417928e-5
1.7754587844724236e-5
1.6892049169260928e-5
1.600201039953269e-5
1.509358927461196e-5
1.3888231796792064e-5
1.2741131323689133e-5
1.1701724950019974e-5
1.080121977258372e-5
9.882815088773655e-6
9.169773266938059e-6
8.608017403287061e-6
8.13601252854096e-6
7.618136415614879e-6
7.194347869713042e-6
6.603460089190333e-6
6.117945805803791e-6
5.6075517935358324e-6
5.12188874367238e-6
4.7785350581453195e-6
4.416493558712176e-6
4.136307622958237e-6
3.844342347516752e-6
3.5455949397174318e-6
3.28287165821477e-6
0.00012065442260174051
0.00011488703387682059
0.00011191603878684745
0.00011018467810454158
0.00010908250178219365
0.00010834196141486586
0.00010777991479599324
0.00010725464665418961
0.00010666438216317632
0.00010594474440615553
0.00010506131598607632
0.00010400065325760312
0.00010276246463923826
0.0001013540113096379
9.978667216809722e-5
9.807412665480146e-5
9.623152894694165e-5
9.427516357223971e-5
9.222224708554064e-5
9.009070044243936e-5
8.566495446407892e-5
8.340694594773661e-5
8.114186190077306e-5
7.665255125894311e-5
7.445561295214351e-5
7.021298895485273e-5
6.622723584220249e-5
6.434568231823722e-5
6.082356644192767e-5
5.7634276152804695e-5
5.477877608469814e-5
5.109421041971096e-5
4.900354076054859e-5
4.7169588617777175e-5
4.4820944231667506e-5
4.2840933070850195e-5
4.1105961059386506e-5
3.950851611973166e-5
3.7964580812932435e-5
3.641672804541821e-5
3.429635996130901e-5
3.210504132425152e-5
2.988566045902526e-5
2.7711534009600363e-5
2.5178258436994527e-5
2.296334074451686e-5
2.1125694628059183e-5
1.9654915567548783e-5
1.8284541930939885e-5
1.7367843918940123e-5
1.6257360383745937e-5
1.535238465885434e-5
1.4285153654281433e-5
1.3066732091668791e-5
1.2066953196803317e-5
1.0961117878552064e-5
1.0170187883567498e-5
9.453592854260864e-6
8.786193991085435e-6
8.183882292568221e-6
2.4009265603280587e-5
2.036362433607681e-5
1.945394657171533e-5
1.9665692563409547e-5
2.0384727077952146e-5
2.1342282736617515e-5
2.238489758282042e-5
2.341430599770564e-5
2.4369178726645534e-5
2.5215132404964422e-5
2.5936473815506307e-5
2.652932465264118e-5
2.6996489191488726e-5
2.734407246026074e-5
2.7579534080064257e-5
2.7710744059492964e-5
2.7745635905528893e-5
2.7692149644996886e-5
2.7558266893295614e-5
2.735203289991315e-5
2.6754777730153697e-5
2.6379654443928164e-5
2.5963738359784323e-5
2.5037784983363065e-5
2.45406149296932e-5
2.3505910157462028e-5
2.2448373886423435e-5
2.1920786379333663e-5
2.0883614829856203e-5
1.988692815929737e-5
1.8945920312974966e-5
1.7660549336713037e-5
1.689535924440077e-5
1.6204830994852732e-5
1.5303278747533474e-5
1.4546960506339364e-5
1.3912050507934635e-5
1.3371922686632954e-5
1.2899991176921566e-5
1.247156074027169e-5
1.193139239619263e-5
1.1391775656594152e-5
1.0829766020644913e-5
1.0238974310131971e-5
9.472628717233464e-6
8.707636587489865e-6
7.98373538367057e-6
7.334020359998336e-6
6.67920543266228e-6
6.2419719534141296e-6
5.7742378349437475e-6
5.469699214973467e-6
5.171541285955945e-6
4.846243259721049e-6
4.549189856411135e-6
4.1550664648564305e-6
3.819129393025768e-6
3.4884078884271373e-6
3.1972252179220385e-6
2.9760361509852903e-6
-5.656159053590339e-6
-8.079941206418659e-6
-8.178835476695812e-6
-7.507125335411613e-6
-6.595269941877133e-6
-5.652584662559148e-6
-4.764879927996036e-6
-3.964413755118407e-6
-3.258871894042302e-6
-2.644707080269032e-6
-2.1136665205085987e-6
-1.6560495197637457e-6
-1.2622919770813054e-6
-9.236683644777068e-7
-6.325299627774532e-7
-3.82309829937022e-7
-1.6742242473567843e-7
1.6872707864063095e-8
1.7460779660178295e-7
3.092284404826952e-7
5.205641380008199e-7
6.0205404316485e-7
6.700958780263969e-7
7.723689362782459e-7
8.093692913015684e-7
8.608037539075987e-7
8.882597149612256e-7
8.949071329007114e-7
8.971598335430522e-7
8.881137455538696e-7
8.71166612244222e-7
8.367216527544655e-7
8.106933036129615e-7
7.839620718049681e-7
7.447838728797371e-7
7.086622210312639e-7
6.767624682296396e-7
6.494467731870647e-7
6.265256749399139e-7
6.074321195449112e-7
5.865028593771105e-7
5.68688985406074e-7
5.518119632431331e-7
5.341191195162184e-7
5.092396085022171e-7
4.807581849882316e-7
4.4939956117610586e-7
4.1674292905013185e-7
3.7850538461034383e-7
3.494516067528029e-7
3.153739175206552e-7
2.9295856595038895e-7
2.7378914859647875e-7
2.580840434038954e-7
2.4672632960174593e-7
2.3197334630125356e-7
2.173091485723668e-7
1.9949638083152984e-7
1.8032113528410875e-7
1.642128610900273e-7
-5.2125853173795003e-8
-2.280034338691913e-6
-2.5203249642835864e-6
-2.2385961200849345e-6
-1.8525259491366618e-6
-1.4908053338607426e-6
-1.1877975664152464e-6
-9.455699694976263e-7
-7.559806989525233e-7
-6.088347430666004e-7
-4.947627909712303e-7
-4.060367494210286e-7
-3.36597974748836e-7
-2.8182012797181366e-7
-2.3821773954873516e-7
-2.031797137192269e-7
-1.7475117962967748e-7
-1.5146452293517617e-7
-1.322124667851114e-7
-1.1615435252706915e-7
-9.119709735792403e-8
-8.141937791157138e-8
-7.301464657193663e-8
-5.943012482284117e-8
-5.391438025652094e-8
-4.482890878655457e-8
-3.7771602654544645e-8
-3.484344766202919e-8
-2.99519019744984e-8
-2.610650663477675e-8
-2.3081230930720088e-8
-1.9709018188321034e-8
-1.8047149492436683e-8
-1.6734900496863146e-8
-1.524925409076796e-8
-1.4158353386740044e-8
-1.3305734919535027e-8
-1.2579977949356182e-8
-1.1906437418921774e-8
-1.1240346417434937e-8
-1.0329496771126871e-8
-9.390427669080764e-9
-8.44954072125161e-9
-7.546725746743904e-9
-6.53169219049053e-9
-5.694415020420497e-9
-5.057275126661142e-9
-4.608498559145789e-9
-4.266281014934894e-9
-4.0881621166223685e-9
-3.9103231128279835e-9
-3.761517685812376e-9
-3.549350887495198e-9
-3.249542116856233e-9
-2.9620884104951236e-9
-2.611208405129662e-9
-2.3545132055384537e-9
-2.143666542748475e-9
-1.9922027426907768e-9
-1.8926559269145276e-9
1.4246874880814291e-6
-7.028616913415913e-7
-1.0444360085943335e-6
-9.79978255847279e-7
-8.472210687222307e-7
-7.314110748675908e-7
-6.472998072976784e-7
-5.906231307431902e-7
-5.536611603728399e-7
-5.29653199493983e-7
-5.136496863626995e-7
-5.023094302139231e-7
-4.934803577508094e-7
-4.858216426576154e-7
-4.785235885016726e-7
-4.711172500895486e-7
-4.633507134004967e-7
-4.551102840733284e-7
-4.463703049376753e-7
-4.3716068515449783e-7
-4.1760724927451683e-7
-4.0743842665123097e-7
-3.9713234796696164e-7
-3.7646208942778767e-7
-3.662560338193315e-7
-3.4642736240218583e-7
-3.2769745994347876e-7
-3.1883117103117496e-7
-3.022008708225999e-7
-2.871054526388917e-7
-2.735508094982069e-7
-2.5596212920205946e-7
-2.4589036571483327e-7
-2.3695991727212528e-7
-2.253183141161809e-7
-2.1524803094233016e-7
-2.0620009035624344e-7
-1.9772630704400215e-7
-1.895022272206194e-7
-1.8132814595676937e-7
-1.7036735796478255e-7
-1.5937423784714366e-7
-1.4855267704153017e-7
-1.3818303406321016e-7
-1.262630372203605e-7
-1.1583243818154302e-7
-1.0700879167036948e-7
-9.968026463313818e-8
-9.248621032911197e-8
-8.745195096203978e-8
-8.129662781387268e-8
-7.647423278392851e-8
-7.11325239631284e-8
-6.536217607564604e-8
-6.070984981381686e-8
-5.5436876061392255e-8
-5.1455799442952505e-8
-4.766892763339024e-8
-4.410775858188384e-8
-4.101441011284091e-8
1.865434830827127e-6
-1.0101859865529866e-7
-4.199662555408316e-7
-4.0432304355886343e-7
-3.38673210835395e-7
-2.8516420454701906e-7
-2.5113101003731435e-7
-2.3183437085947605e-7
-2.216608502779685e-7
-2.165270543530502e-7
-2.1390273458215653e-7
-2.1234768501192158e-7
-2.1108524019137871e-7
-2.097124006207907e-7
-2.0802820748683965e-7
-2.0594074607818353e-7
-2.0341962477007767e-7
-2.004720301604894e-7
-1.971297852969783e-7
-1.934410586424007e-7
-1.8526135058602512e-7
-1.8089610284852257e-7
-1.764279934917507e-7
-1.6739303096475366e-7
-1.6291342326719387e-7
-1.54194592908604e-7
-1.459439769253824e-7
-1.420316683827928e-7
-1.3467701590215635e-7
-1.2797835416234924e-7
-1.2194393968052322e-7
-1.1409246943742339e-7
-1.0959218572884796e-7
-1.0560373575607575e-7
-1.0041122618856848e-7
-9.592638783927182e-8
-9.190066347841553e-8
-8.813336501305564e-8
-8.448137366382445e-8
-8.085696555019658e-8
-7.600327608887725e-8
-7.113552888307326e-8
-6.633612061866407e-8
-6.172555719096693e-8
-5.641044448729143e-8
-5.174769706741671e-8
-4.779643020089389e-8
-4.451096412694687e-8
-4.128489149959277e-8
-3.9030402114696574e-8
-3.628293907171062e-8
-3.413797698168834e-8
-3.176470867636139e-8
-2.9197334462525263e-8
-2.7122359915026093e-8
-2.4765294004747247e-8
-2.298280451234735e-8
-2.1286645291124708e-8
-1.9693804925201017e-8
-1.831304009086651e-8
1.9559127291987106e-6
1.3093483537524294e-7
-1.4942743488322814e-7
-1.4392328732141083e-7
-9.934109218370226e-8
-6.45148447508318e-8
-4.371922410656698e-8
-3.2698145942480904e-8
-2.7219845957406924e-8
-2.454311771858272e-8
-2.317640144117049e-8
-2.239813330152589e-8
-2.1889861147415978e-8
-2.1517010840360263e-8
-2.1217350249021836e-8
-2.0953088404767536e-8
-2.0695048079492024e-8
-2.0420129831677823e-8
-2.0112463453771326e-8
-1.9764226950498885e-8
-1.8950395231914452e-8
-1.849910635505142e-8
-1.803144841532282e-8
-1.7084924615212678e-8
-1.662068707834022e-8
-1.5731470274890542e-8
-1.4903870801659355e-8
-1.4513244480290954e-8
-1.3776109256580263e-8
-1.309642195818747e-8
-1.2475462626404938e-8
-1.1659511963323491e-8
-1.1192657915888844e-8
-1.0782585617280842e-8
-1.0255483996347318e-8
-9.803521624614155e-9
-9.39550958075126e-9
-9.009602125263042e-9
-8.633544911863813e-9
-8.26150981990941e-9
-7.767561867876168e-9
-7.275131279971173e-9
-6.788510363404636e-9
-6.317881345177359e-9
-5.772275177769739e-9
-5.293605258747308e-9
-4.889436489768448e-9
-4.55377958111444e-9
-4.222948288342344e-9
-3.990951364706358e-9
-3.709261010903982e-9
-3.4909778391742605e-9
-3.2497026842387448e-9
-2.9872757356906947e-9
-2.774587556924397e-9
-2.533512710849171e-9
-2.3512960077237133e-9
-2.1772800398260993e-9
-2.0138247366357766e-9
-1.8727900023249893e-9
1.9731480327916132e-6
2.8050203836002906e-7
4.41610196251973e-8
5.5693774851543665e-8
9.691088893305469e-8
1.286077653662298e-7
1.485844378678889e-7
1.6069551420795446e-7
1.682408955036602e-7
1.7315181755901407e-7
1.7638171703397608e-7
1.783604074145939e-7
1.7929075354392736e-7
1.793009437606759e-7
1.7850604786704313e-7
1.770233802545161e-7
1.7496941827739907e-7
1.724526705051681e-7
1.6956845926819345e-7
1.663970440739002e-7
1.5944513068775063e-7
1.557644273561272e-7
1.520016516646519e-7
1.4436698384680293e-7
1.4055665056722952e-7
1.330855312510154e-7
1.2596244994616006e-7
1.2257514932848844e-7
1.1620654177901097e-7
1.104180005664327e-7
1.0521786799658415e-7
9.846166386469634e-8
9.458267335773554e-8
9.113428717286903e-8
8.66294049281224e-8
8.273624494106788e-8
7.925637601206866e-8
7.601970914404603e-8
7.289526374560925e-8
6.979705821213164e-8
6.564054952472859e-8
6.146180389545602e-8
5.7336510432614695e-8
5.337083275937662e-8
4.879157006266744e-8
4.476007947976339e-8
4.133015940149187e-8
3.8472365430104824e-8
3.566991948102912e-8
3.3718268585300756e-8
3.134727179215924e-8
2.9499459086407736e-8
2.745721433489536e-8
2.5248463504658002e-8
2.3459384284659403e-8
2.141890290164531e-8
1.9872000416720276e-8
1.840148673889902e-8
1.702339876301855e-8
1.582986657950957e-8
2.28658817806712e-6
7.70961586004715e-7
6.197931820803337e-7
6.808091544221238e-7
7.595659965586235e-7
8.236810874915296e-7
8.721224388134045e-7
9.08479861867968e-7
9.35714208963516e-7
9.5566730022411e-7
9.694430457309672e-7
9.777747907673274e-7
9.812424879558408e-7
9.8037236723638e-7
9.756702327510614e-7
9.676249260714704e-7
9.567023111980354e-7
9.433390007069073e-7
9.279387932776372e-7
9.108718782907462e-7
8.730576162370656e-7
8.528952064623689e-7
8.322395732963617e-7
7.903242319529423e-7
7.694410610975379e-7
7.285899578854725e-7
6.897259405586534e-7
6.712516894261987e-7
6.364887869278803e-7
6.04825779393478e-7
5.763154801030485e-7
5.392108986178557e-7
5.179094613342906e-7
4.989957812111811e-7
4.7433296959086934e-7
4.530465317667753e-7
4.340144975834953e-7
4.1629697887347857e-7
3.9919025532426543e-7
3.822406376518495e-7
3.5953134517078063e-7
3.367157664423981e-7
3.141765796415289e-7
2.9247863516045394e-7
2.6738840239175326e-7
2.452840412198096e-7
2.2647633851194243e-7
2.108028195746748e-7
1.9542525091306777e-7
1.8471626005587094e-7
1.717240381401576e-7
1.6161729071001873e-7
1.5045149370937375e-7
1.3836240017413986e-7
1.2856063444377054e-7
1.1737830847723415e-7
1.0889757152878661e-7
1.0082994293303067e-7
9.327143046572759e-8
8.673502648102856e-8
-1.2775861834316173e-5
-1.2923567881696767e-5
-1.1371671349561453e-5
-9.524984128332567e-6
-7.799222677363447e-6
-6.303979243685505e-6
-5.0474083796643976e-6
-4.005014960641671e-6
-3.1444710680243355e-6
-2.434617269338714e-6
-1.848387237170391e-6
-1.3633420018768188e-6
-9.612986031284988e-7
-6.276724030206048e-7
-3.507913033600122e-7
-1.2128298238524742e-7
6.843367613406606e-8
2.2455263910523858e-7
3.521925959920639e-7
4.5563297249609025e-7
6.038494252871391e-7
6.54360935036272e-7
6.92314776410288e-7
7.38230248375936e-7
7.494159780929159e-7
7.547830487385507e-7
7.442806841309075e-7
7.351277981383162e-7
7.121556029812333e-7
6.861108923698257e-7
6.597660275634597e-7
6.234873085672975e-7
6.028239041781078e-7
5.853572352910276e-7
5.648147841070128e-7
5.497172591920656e-7
5.380184338811776e-7
5.275931885873582e-7
5.166083400449046e-7
5.037346878968023e-7
4.824331846057108e-7
4.5630954239951544e-7
4.2655870736613274e-7
3.9520022329683053e-7
3.571045196155254e-7
3.2350555326804647e-7
2.9633433087538064e-7
2.7576593047010587e-7
2.581214785349265e-7
2.471190183866365e-7
2.3373969623038283e-7
2.21845395817448e-7
2.0639991383646496e-7
1.8763420647301902e-7
1.7209427456282554e-7
1.5551629570186745e-7
1.4440421308048801e-7
1.3480521964406066e-7
1.2571568050465526e-7
1.1694797553551253e-7
2.3951122267868906e-5
2.033588540408893e-5
1.9440437077585178e-5
1.9659190192257433e-5
2.0381763480064184e-5
2.13411094289096e-5
2.2384610799110032e-5
2.341443487555187e-5
2.4369479442581817e-5
2.5215481363739255e-5
2.593681108119625e-5
2.6529623719127917e-5
2.699674081228215e-5
2.7344276035799244e-5
2.7579693104625934e-5
2.7710863736833363e-5
2.774572191489065e-5
2.7692207514406725e-5
2.7558301694219336e-5
2.7352049114383874e-5
2.6754767724770426e-5
2.6379635629445328e-5
2.5963712914136882e-5
2.503775115698638e-5
2.4540578700245753e-5
2.350587151572283e-5
2.244833499233566e-5
2.1920747903070286e-5
2.0883577924418905e-5
1.9886893466939328e-5
1.8945888161321546e-5
1.7660521101727107e-5
1.6895333461122434e-5
1.6204807437039765e-5
1.5303258064863474e-5
1.4546942207650093e-5
1.3912034217235226e-5
1.337190811452161e-5
1.2899978074391805e-5
1.247154887652705e-5
1.1931381872005405e-5
1.1391766219761035e-5
1.082975754657097e-5
1.0238966754613553e-5
9.472622258779809e-6
8.707631111073408e-6
7.983730737038138e-6
7.334016414606236e-6
6.679202212338107e-6
6.241969244291106e-6
5.774235655217814e-6
5.469697317055191e-6
5.171539608512247e-6
4.846241816803859e-6
4.549188612381855e-6
4.155065408242543e-6
3.819128462819019e-6
3.48840713139742e-6
3.1972246508139397e-6
2.9760356558277878e-6
8.557868235094196e-5
7.942680261364848e-5
7.623178174702517e-5
7.42198001590657e-5
7.279387461191073e-5
7.17991820467235e-5
7.112047499837425e-5
7.063891136770457e-5
7.025363963838675e-5
6.989425221682451e-5
6.951902306510423e-5
6.91065716963387e-5
6.864709133134713e-5
6.813593508390882e-5
6.757004546472085e-5
6.694661788796314e-5
6.626310001439873e-5
6.551774646869007e-5
6.471020680900553e-5
6.384188002352316e-5
6.193722223164318e-5
6.0911624301746e-5
5.984586209642108e-5
5.7621757548312094e-5
5.647696347293908e-5
5.4152572923166604e-5
5.181671502001868e-5
5.065585258265369e-5
4.8367852657364446e-5
4.614784341553397e-5
4.4020183699712575e-5
4.104486475508099e-5
3.922585197940594e-5
3.754748230371533e-5
3.529595504198349e-5
3.3350964599214744e-5
3.1685198202970006e-5
3.0263695185532446e-5
2.9048098635027555e-5
2.799850895049248e-5
2.6787545191116844e-5
2.5707848156252316e-5
2.4679888674514065e-5
2.3645800595447086e-5
2.2298405385038518e-5
2.0882934767271764e-5
1.942968218903634e-5
1.7989951054422963e-5
1.635983047030685e-5
1.514092596682111e-5
1.3710313410244013e-5
1.2750833306606291e-5
1.1897784985176878e-5
1.1161246769877541e-5
1.0618781522536928e-5
9.943605661001223e-6
9.3111809575367e-6
8.568429236693515e-6
7.774940865945116e-6
7.098070738896227e-6
2.4525018540570775e-5
1.9594313505580043e-5
1.7569155449300165e-5
1.6747429893586682e-5
1.6524254741299723e-5
1.6650845592569843e-5
1.698490353201425e-5
1.7429765937463104e-5
1.791917175859968e-5
1.8410170918957625e-5
1.8876892090818947e-5
1.9304891218942124e-5
1.9686678796390456e-5
2.001864539930873e-5
2.0299222739940106e-5
2.0527944445368634e-5
2.0705060073336333e-5
2.0831426684263098e-5
2.0908495456911806e-5
2.0938294136521842e-5
2.08666708281953e-5
2.0771444965043857e-5
2.0641075013573384e-5
2.0288468220493413e-5
2.0072763834851168e-5
1.95776301868622e-5
1.9015459297317203e-5
1.8715320866004034e-5
1.8087877666314267e-5
1.7437452596893756e-5
1.677843727832638e-5
1.5800804041249258e-5
1.5170962910893431e-5
1.4567542344636572e-5
1.3722965845397601e-5
1.2959619242830078e-5
1.228093736154607e-5
1.1685521581491326e-5
1.1168521167049868e-5
1.0722426641790995e-5
1.0221155759694225e-5
9.802544985756829e-6
9.43947411799787e-6
9.107200656486558e-6
8.705018095627851e-6
8.292839254521186e-6
7.857230143610096e-6
7.397250299398175e-6
6.826864540821308e-6
6.355585632013748e-6
5.738253655045372e-6
5.2748551165815655e-6
4.828004975521378e-6
4.439297144254001e-6
4.187450112815574e-6
3.940942849736081e-6
3.7508337997499452e-6
3.5307276303783095e-6
3.263476717279883e-6
2.987743908224754e-6
-3.0425791452655544e-7
-4.23428529558627e-6
-5.3950538274371e-6
-5.5309081672369595e-6
-5.233913624528452e-6
-4.749942188769421e-6
-4.197082718994218e-6
-3.6363992718660726e-6
-3.0995080039818468e-6
-2.6015381017091585e-6
-2.1482164872309395e-6
-1.740075591433684e-6
-1.3749992405563632e-6
-1.0497205684022783e-6
-7.606486449115526e-7
-5.042786364044351e-7
-2.773599653847299e-7
-7.693750576804301e-8
9.966335759426625e-8
2.548683708011139e-7
5.097193270243763e-7
6.131989401725941e-7
7.029725383203959e-7
8.471685362704734e-7
9.040852734206134e-7
9.927510369358644e-7
1.0534427791805684e-6
1.0750536023902166e-6
1.1037214494075214e-6
1.1163032598182076e-6
1.1162631008501439e-6
1.0988965737218738e-6
1.0792793644841012e-6
1.0554684318582917e-6
1.0150419406077372e-6
9.72139892285845e-7
9.292952255642497e-7
8.882588987247939e-7
8.502172532226421e-7
8.158769624400237e-7
7.762506412444862e-7
7.432573959044411e-7
7.157651560789792e-7
6.923552327663813e-7
6.667310797857713e-7
6.429394789399177e-7
6.189927036420227e-7
5.93420944380205e-7
5.596365369999214e-7
5.291585062209718e-7
4.848491737129661e-7
4.476074340953411e-7
4.0756950393808294e-7
3.686736575226e-7
3.4168617937702653e-7
3.161826816299193e-7
2.9992092641688566e-7
2.851022564761714e-7
2.6919281180334947e-7
2.5191590650367625e-7
2.445829356740448e-6
-1.1262006089623065e-6
-2.111434599811546e-6
-2.26734680976539e-6
-2.1319576920167314e-6
-1.905171628450088e-6
-1.6665471133748012e-6
-1.4469071508119613e-6
-1.2561525644090631e-6
-1.0951827103917018e-6
-9.612775160081103e-7
-8.505619250302944e-7
-7.591049706635409e-7
-6.833672685356509e-7
-6.203401204619427e-7
-5.675449595667882e-7
-5.229761813136433e-7
-4.850272958285469e-7
-4.524185049067305e-7
-4.2413288242653085e-7
-3.774679794315323e-7
-3.5793830496300645e-7
-3.4036904657191797e-7
-3.098879862676605e-7
-2.965145134924675e-7
-2.7267459378343655e-7
-2.5196004778528213e-7
-2.4257069697236494e-7
-2.254433197959534e-7
-2.1024493685608277e-7
-1.967305931161433e-7
-1.7922317234862235e-7
-1.6918595915806982e-7
-1.603135348438838e-7
-1.4894700695125777e-7
-1.3959722133326348e-7
-1.3192573791567246e-7
-1.2560977476354258e-7
-1.2034664473612824e-7
-1.1585980373776396e-7
-1.1066747948398359e-7
-1.0594863845074194e-7
-1.0135609995452156e-7
-9.667415190927738e-8
-9.056352687192156e-8
-8.420785929935238e-8
-7.780153684243157e-8
-7.160773664970608e-8
-6.480791488860326e-8
-5.987989188659455e-8
-5.425762762510324e-8
-5.056273655857352e-8
-4.729045693168472e-8
-4.441509221583813e-8
-4.222787490711207e-8
-3.944541672224711e-8
-3.685661030987332e-8
-3.388703776106195e-8
-3.076785148042208e-8
-2.8087375057241344e-8
3.7009585521834417e-6
3.5963524188310983e-7
-5.162185871230554e-7
-6.893499725420736e-7
-6.48291767823028e-7
-5.528716684837942e-7
-4.568815647125296e-7
-3.7635986011988156e-7
-3.136870022635283e-7
-2.666897126939672e-7
-2.3212089866979744e-7
-2.069165881271711e-7
-1.8856544305400781e-7
-1.7513807827703862e-7
-1.6520255938407054e-7
-1.577169782446844e-7
-1.519322364266548e-7
-1.4731407108778468e-7
-1.4348401041082718e-7
-1.40175955745509e-7
-1.3444313063949228e-7
-1.318058843553165e-7
-1.2923730583827513e-7
-1.2418252097869138e-7
-1.216666973220605e-7
-1.1664101887244722e-7
-1.1164561406889698e-7
-1.0917398565397946e-7
-1.0431708931265443e-7
-9.961964600886629e-8
-9.512904469407909e-8
-8.886242730554897e-8
-8.503499048573363e-8
-8.150389570849366e-8
-7.676594722722642e-8
-7.267144009099305e-8
-6.916122865005708e-8
-6.615616340387221e-8
-6.356715826370536e-8
-6.13025806728283e-8
-5.8635537902316363e-8
-5.620083077696961e-8
-5.385017616674047e-8
-5.1484868114617274e-8
-4.843997761091316e-8
-4.530431734528722e-8
-4.215211648001405e-8
-3.908938431360002e-8
-3.567971233370081e-8
-3.3153900190827465e-8
-3.017840230480041e-8
-2.813620923383294e-8
-2.624144395189923e-8
-2.4510989649893318e-8
-2.3197855962134376e-8
-2.1602089262346286e-8
-2.0196334652047033e-8
-1.863867215205296e-8
-1.702517472041088e-8
-1.562823900176252e-8
3.871415556351901e-6
7.100740012209604e-7
-6.997084786056005e-8
-2.3084567220832887e-7
-2.2120884251814738e-7
-1.7360139261685477e-7
-1.2706350130413604e-7
-9.088595509110731e-8
-6.516051942703282e-8
-4.765753050418638e-8
-3.6034787405698685e-8
-2.8423782776222303e-8
-2.3478464112183035e-8
-2.027525079387052e-8
-1.8196431957670185e-8
-1.6834778663721588e-8
-1.5924422076657828e-8
-1.5293393901131217e-8
-1.4831782373519485e-8
-1.447049582055866e-8
-1.389612296072274e-8
-1.3643002803978531e-8
-1.3399511174427538e-8
-1.2925525280692169e-8
-1.2691118026722864e-8
-1.2222466227406413e-8
-1.1750477540509099e-8
-1.1512758030035129e-8
-1.1035288717042057e-8
-1.0560042471973344e-8
-1.0095276652437486e-8
-9.436691517114335e-9
-9.0329992695642e-9
-8.661617279781799e-9
-8.165461467694933e-9
-7.736819047375686e-9
-7.3667721255915545e-9
-7.046767285427846e-9
-6.769199156910514e-9
-6.526502889133478e-9
-6.242815383386144e-9
-5.985963867605299e-9
-5.738104187373442e-9
-5.487571639856789e-9
-5.1640796465389205e-9
-4.831491614454475e-9
-4.497992352249812e-9
-4.173662317343308e-9
-3.810855569678207e-9
-3.5407434051063e-9
-3.221871710824112e-9
-3.003146836532609e-9
-2.800195677340444e-9
-2.6145881954401826e-9
-2.47413166698169e-9
-2.30464385154511e-9
-2.1557535259151612e-9
-1.9902400004356574e-9
-1.818184378401838e-9
-1.668956932810563e-9
3.821429413731138e-6
8.124495089913993e-7
1.1871788297642742e-7
-1.7953692811682915e-8
-1.3368841880572525e-8
1.9174726018685858e-8
4.974738574410207e-8
7.261997036189719e-8
8.854588616629016e-8
9.942662112303525e-8
1.0688569225515461e-7
1.120462890374432e-7
1.156266837853235e-7
1.1807635533597272e-7
1.1968105602044226e-7
1.206300501670991e-7
1.21055257390011e-7
1.2105298263484125e-7
1.2069596646500867e-7
1.200404468129452e-7
1.1800254688958628e-7
1.1668544447332493e-7
1.1520481734844336e-7
1.1184144266079677e-7
1.0999883605189724e-7
1.0608389728960173e-7
1.0197414943883243e-7
9.988402227043206e-8
9.569832315789665e-8
9.157725869298846e-8
8.758988222374e-8
8.196735005811986e-8
7.85056596015081e-8
7.529526704185782e-8
7.09643321008051e-8
6.720272859583319e-8
6.396710066161749e-8
6.119166437472684e-8
5.879807103045118e-8
5.6703723530520965e-8
5.423865629815905e-8
5.199343635076887e-8
4.98333114855219e-8
4.766669738052578e-8
4.4882126888522777e-8
4.2012211064000794e-8
3.911967954482816e-8
3.630000233862624e-8
3.314876568087175e-8
3.0804781457794074e-8
2.8030966094419203e-8
2.611937804744596e-8
2.4343662682557957e-8
2.272786601504785e-8
2.151051377240334e-8
2.0040545495669587e-8
1.8748715425654236e-8
1.731457694333129e-8
1.5821470650380065e-8
1.4520933076459408e-8
3.9545310599403185e-6
1.0903622019628414e-6
4.932850799778215e-7
4.0457855320938457e-7
4.339753362593291e-7
4.826700833940037e-7
5.269139441732581e-7
5.629164762667757e-7
5.915857197793325e-7
6.144185273433611e-7
6.325969589791104e-7
6.469372429550647e-7
6.580030198040308e-7
6.662063091607696e-7
6.718698265651942e-7
6.752605275591217e-7
6.766072310424949e-7
6.761107905098529e-7
6.739510464931872e-7
6.702921911309731e-7
6.590796574140473e-7
6.518080933010744e-7
6.436044755944773e-7
6.249024555339037e-7
6.146398257679204e-7
5.928303059863707e-7
5.699410894674018e-7
5.58300381378188e-7
5.349798704978212e-7
5.119983401302678e-7
4.897382262392914e-7
4.583174841829261e-7
4.389632680128179e-7
4.210138596565036e-7
3.9680149481353007e-7
3.7576776440840776e-7
3.5766229667702354e-7
3.421179428538629e-7
3.2870543631368684e-7
3.1697347954089584e-7
3.0318307626936514e-7
2.906450438141445e-7
2.7859562581148586e-7
2.6651420880826323e-7
2.5098810286197815e-7
2.3498695932949946e-7
2.1885593441252337e-7
2.0311854133017771e-7
1.855058623073998e-7
1.723857525389662e-7
1.5684207513244499e-7
1.4612321295840194e-7
1.3616505746864133e-7
1.2710985855580983e-7
1.2030062877761583e-7
1.1209737471679003e-7
1.0489396777705957e-7
9.688860583377541e-8
8.854009130704928e-8
8.12585655209009e-8
-2.831117069520167e-6
-3.538146131036026e-6
-3.025470499293144e-6
-2.392956866037718e-6
-1.870813669874641e-6
-1.4823216191011505e-6
-1.203029891080015e-6
-1.0033620006532782e-6
-8.591405080464439e-7
-7.528316565510996e-7
-6.723657761012194e-7
-6.096351479460272e-7
-5.592465860219866e-7
-5.17615874796016e-7
-4.823499657501116e-7
-4.5183857134263537e-7
-4.249879019579579e-7
-4.0104732190903325e-7
-3.794956192174431e-7
-3.5996537666681093e-7
-3.2597852926100486e-7
-3.1117247438201305e-7
-2.976489004632127e-7
-2.7402812783138953e-7
-2.63741721368003e-7
-2.457775756453591e-7
-2.3074203817291738e-7
-2.2412883909891225e-7
-2.1236058108532985e-7
-2.0212680312434342e-7
-1.93011909539028e-7
-1.807410907100748e-7
-1.7316122102167743e-7
-1.6588553780150656e-7
-1.5536456645472535e-7
-1.452266722660428e-7
-1.355023042210484e-7
-1.2629598250824568e-7
-1.1772745031694199e-7
-1.0989095215748571e-7
-1.0065574335991492e-7
-9.277578493078388e-8
-8.610420781267697e-8
-8.043014336322494e-8
-7.440410384592963e-8
-6.921602258605543e-8
-6.459391844784253e-8
-6.037378427433018e-8
-5.5737009574308096e-8
-5.220910660817102e-8
-4.779249440726351e-8
-4.448856466421708e-8
-4.114986365547078e-8
-3.790673086672899e-8
-3.5465365042840366e-8
-3.2738461865446606e-8
-3.0613150185119136e-8
-2.8489556820708354e-8
-2.6418142490916263e-8
-2.4618987894211223e-8
-5.734602333236638e-6
-8.103867603448078e-6
-8.18267127295461e-6
-7.503915567504923e-6
-6.590110825005114e-6
-5.64743036117146e-6
-4.760396562672968e-6
-3.960742862623524e-6
-3.255955304379906e-6
-2.6424250789964936e-6
-2.1118941605827032e-6
-1.654676957030897e-6
-1.2612294401694974e-6
-9.22845063402108e-7
-6.318910522224536e-7
-3.8181314688460344e-7
-1.6703562919716218e-7
1.717443581307613e-8
1.7484353855705158e-7
3.094128938592799e-7
5.206774443761085e-7
6.021429194498932e-7
6.701655576974312e-7
7.724114794111756e-7
8.094022950026145e-7
8.608230451383256e-7
8.882701945390542e-7
8.949144716623003e-7
8.971626756563944e-7
8.88113792841484e-7
8.711649859459195e-7
8.367187755160279e-7
8.106900669706825e-7
7.839586783788288e-7
7.447804547657159e-7
7.086589230358676e-7
6.767593796505127e-7
6.494439434256609e-7
6.265231132435777e-7
6.074298024740544e-7
5.865008074949308e-7
5.6868713993649e-7
5.518102972848118e-7
5.341176273588831e-7
5.092383238131284e-7
4.807570772775813e-7
4.4939859375526065e-7
4.167420802300318e-7
3.7850467144421845e-7
3.4945100128965374e-7
3.1537343412252137e-7
2.929581528643633e-7
2.737887942885496e-7
2.580837501581348e-7
2.467260822595326e-7
2.3197313333854537e-7
2.1730895399505001e-7
1.994962168985195e-7
1.803210104093493e-7
1.6421275340689988e-7
2.4473688271021222e-5
1.9566206483497074e-5
1.7553264984541016e-5
1.6738332620634525e-5
1.651905810911927e-5
1.6647925396121313e-5
1.6983320058817834e-5
1.7428965997830477e-5
1.7918826419951363e-5
1.8410083529793283e-5
1.8876944877965194e-5
1.9305013828038848e-5
1.9686829581597838e-5
2.0018800207885306e-5
2.02993681320702e-5
2.052807355184943e-5
2.0705170032325983e-5
2.083151703335213e-5
2.0908567112744173e-5
2.0938348743899998e-5
2.0866697280164438e-5
2.0771460280918416e-5
2.064108095595565e-5
2.028845989490696e-5
2.0072750218621025e-5
1.957760882978576e-5
1.9015433126816815e-5
1.8715293137667402e-5
1.808784814354329e-5
1.7437422637463766e-5
1.677840783012852e-5
1.580077641176114e-5
1.517093682962951e-5
1.4567517886192302e-5
1.372294377693109e-5
1.2959599420399077e-5
1.2280919625178059e-5
1.1685505760019566e-5
1.116850705506284e-5
1.0722413996908813e-5
1.0221144681538173e-5
9.802535105221691e-6
9.439465201958255e-6
9.107192580893824e-6
8.705010953835014e-6
8.292832905253874e-6
7.857224452286999e-6
7.397245194833562e-6
6.826860135026367e-6
6.355581808268483e-6
5.738250554921678e-6
5.274852497463386e-6
4.828002795625642e-6
4.4392953928972106e-6
4.187448660000729e-6
3.940941611858598e-6
3.750832655311036e-6
3.5307266236684526e-6
3.26347589971324e-6
2.9877431857792822e-6
6.88148941638026e-5
6.224302992527823e-5
5.8933806668467605e-5
5.682959357683198e-5
5.525952096212178e-5
5.410414572711934e-5
5.3283977479296355e-5
5.269945197209196e-5
5.225801900734556e-5
5.1892728333333826e-5
5.156359452418756e-5
5.125019699032417e-5
5.0942877157606486e-5
5.063609482744089e-5
5.032475450439559e-5
5.0002953285889985e-5
4.966419779881595e-5
4.930222937068562e-5
4.8911870411382286e-5
4.848958798167096e-5
4.754418654372147e-5
4.702247047191743e-5
4.6470861806095685e-5
4.528943953805521e-5
4.4665495853517534e-5
4.336436596991642e-5
4.200692147572243e-5
4.1311932795327773e-5
3.989871015538533e-5
3.8467519124769975e-5
3.7035044460596975e-5
3.492102236164542e-5
3.355726822140651e-5
3.2244392012920035e-5
3.0388589054907145e-5
2.8683239262114596e-5
2.7135375897336377e-5
2.5746334107136347e-5
2.4513668362886636e-5
2.3430949151828776e-5
2.220073297890177e-5
2.1178696557466952e-5
2.031876588374758e-5
1.95747939311626e-5
1.874627546487408e-5
1.7970597340302123e-5
1.7198187091178064e-5
1.63956527721199e-5
1.5374717821694492e-5
1.4485283682695572e-5
1.3229690280647153e-5
1.2197955998536026e-5
1.1104850345435775e-5
1.0052462657281106e-5
9.32261485103876e-6
8.625773908602541e-6
8.173199280916326e-6
7.756615585919245e-6
7.313403190487419e-6
6.840352985270721e-6
2.616666718822351e-5
2.02263289968934e-5
1.7607065660333615e-5
1.6256997479724647e-5
1.549566971155625e-5
1.5118413733243012e-5
1.5010458972438547e-5
1.5077558436449445e-5
1.5245535609713822e-5
1.546329378904134e-5
1.5699922875824135e-5
1.593865779278674e-5
1.617088420720905e-5
1.6391753285202613e-5
1.6597664111958396e-5
1.6785222540214927e-5
1.6951107479326092e-5
1.709234561794884e-5
1.7206654506388713e-5
1.7292673349005232e-5
1.7379208977824524e-5
1.738142857243534e-5
1.7358327529456158e-5
1.72436559885241e-5
1.71557788675199e-5
1.6927069509597973e-5
1.6636597314704898e-5
1.6471069827725994e-5
1.6104797657808708e-5
1.5698968829626656e-5
1.526301206619394e-5
1.4573727412104597e-5
1.4103765184106244e-5
1.3634287223516235e-5
1.2943326021943498e-5
1.228021870735419e-5
1.1654305013430666e-5
1.1072427031358437e-5
1.053969544502515e-5
1.0059131331838621e-5
9.499740652868877e-6
9.026931440102286e-6
8.628476636553806e-6
8.290253229359045e-6
7.931745316256155e-6
7.62237971668044e-6
7.33960782356233e-6
7.0628932565508355e-6
6.717615432128072e-6
6.410836308739881e-6
5.955410167153986e-6
5.553496569385833e-6
5.091415708437992e-6
4.600412336907251e-6
4.225735383018694e-6
3.838479482019558e-6
3.580943184248784e-6
3.366088297394962e-6
3.183659390609995e-6
3.023505856161275e-6
4.077362697141439e-6
-1.0964895526618317e-6
-3.049906539311623e-6
-3.7865270519094e-6
-3.962093181361473e-6
-3.854016343300821e-6
-3.599989760972515e-6
-3.2750670551989073e-6
-2.9220512244434125e-6
-2.5656026930342603e-6
-2.219679105097089e-6
-1.8918083714871545e-6
-1.5856588517048428e-6
-1.302611552961852e-6
-1.0427201223015398e-6
-8.052901021548423e-7
-5.892231867928674e-7
-3.932193206978882e-7
-2.158949884710737e-7
-5.5853271974674394e-8
2.1779718235778023e-7
3.339565659831543e-7
4.3790748950011004e-7
6.133652862260266e-7
6.867422128053806e-7
8.088464423324167e-7
9.02645564890372e-7
9.404145487984273e-7
1.0002301268710224e-6
1.0420176281707611e-6
1.0688621786979196e-6
1.086829905857254e-6
1.0871605227781714e-6
1.0803263272958567e-6
1.0599221458785106e-6
1.0309843085524603e-6
9.967827516200958e-7
9.598724500848203e-7
9.222299673821351e-7
8.853331251473241e-7
8.390357217070609e-7
7.973199387656308e-7
7.607642008982626e-7
7.293631273306177e-7
6.967523711950836e-7
6.70282410662964e-7
6.482468832221312e-7
6.287855537570786e-7
6.06427152303637e-7
5.870840009337009e-7
5.573511110674041e-7
5.289435397605897e-7
4.929432923209917e-7
4.5015072478807413e-7
4.138105487066883e-7
3.720301730578312e-7
3.414642530585591e-7
3.1498221373545273e-7
2.941840245536346e-7
2.7965452681451466e-7
5.322960217744052e-6
4.771813333141758e-7
-1.1776415061350395e-6
-1.740477195335585e-6
-1.858607516740014e-6
-1.7869351359318217e-6
-1.6386231412428423e-6
-1.4666437437861133e-6
-1.2959017888582717e-6
-1.1375235309231235e-6
-9.957257847120212e-7
-8.712811942612722e-7
-7.633140845746846e-7
-6.702402205894528e-7
-5.902548867255953e-7
-5.215787851189357e-7
-4.625733554426322e-7
-4.1178607575891125e-7
-3.6795897980166154e-7
-3.300187277969706e-7
-2.6831608665797625e-7
-2.431545244952347e-7
-2.2104104910594232e-7
-1.8425135540234038e-7
-1.6889118801540178e-7
-1.429220114412663e-7
-1.2198245202380127e-7
-1.1301719734093938e-7
-9.752150298122349e-8
-8.468994318556747e-8
-7.398498808578434e-8
-6.106201681763009e-8
-5.411479460507357e-8
-4.824536783629021e-8
-4.109471513687299e-8
-3.553253950863322e-8
-3.121264632753422e-8
-2.7869913579203978e-8
-2.52985386899621e-8
-2.3334530620002755e-8
-2.1429869563689423e-8
-2.010114879700312e-8
-1.9134692285658616e-8
-1.8365420841170984e-8
-1.750262147731212e-8
-1.6612286455058987e-8
-1.5612368057279378e-8
-1.4474367754278387e-8
-1.2953970910738772e-8
-1.1625219263955053e-8
-9.825428464087356e-9
-8.470684216205369e-9
-7.219417682566314e-9
-6.271267331791617e-9
-5.829810609574598e-9
-5.649734726127507e-9
-5.666282722529782e-9
-5.666337527979039e-9
-5.481036735031446e-9
-5.069062736276234e-9
6.172078751907181e-6
1.5314979690205378e-6
5.696441622354004e-8
-4.245223741665543e-7
-5.41838339082247e-7
-5.219812789328984e-7
-4.555539496716894e-7
-3.797746442648924e-7
-3.0931821557680657e-7
-2.490512235516694e-7
-1.9963033164275105e-7
-1.6003872972881049e-7
-1.287355053541384e-7
-1.0415754148268402e-7
-8.491682195093266e-8
-6.98569010622524e-8
-5.8047706681217047e-8
-4.8756713036863776e-8
-4.1414214326224e-8
-3.558040251611484e-8
-2.7164594891379058e-8
-2.4123530100697822e-8
-2.1640520518942485e-8
-1.7902402196830882e-8
-1.64847353944342e-8
-1.4271286665330413e-8
-1.2641171505519525e-8
-1.1979921664533922e-8
-1.0877976163028503e-8
-9.991189707878572e-9
-9.25462826577633e-9
-8.344246383799406e-9
-7.831618928533974e-9
-7.377287103453068e-9
-6.7859446706914715e-9
-6.285365695008012e-9
-5.861171099658865e-9
-5.501720418831887e-9
-5.197073471433178e-9
-4.938704892029979e-9
-4.653614079158234e-9
-4.422562343705021e-9
-4.231881092997903e-9
-4.0691836676835165e-9
-3.88895032007757e-9
-3.7193242350831208e-9
-3.5493410351743372e-9
-3.3731783085581488e-9
-3.151990989604585e-9
-2.9624994295120166e-9
-2.6995093471633066e-9
-2.4869210867197727e-9
-2.265169662762619e-9
-2.054931649197168e-9
-1.9099702316885723e-9
-1.7696026575789662e-9
-1.675118396165962e-9
-1.5852091470369308e-9
-1.489116694434263e-9
-1.3891648267684593e-9
6.19387270495565e-6
1.7177396783922337e-6
3.8757972597063024e-7
-2.583864454478107e-8
-1.3002019183582075e-7
-1.2822261822660827e-7
-9.449661650002835e-8
-5.60428462324057e-8
-2.2048912404294427e-8
5.268829915852111e-9
2.624268282403996e-8
4.196952008235584e-8
5.361852036758475e-8
6.219463906154055e-8
6.848747826990167e-8
7.308942901317726e-8
7.643397270952343e-8
7.883452100524703e-8
8.051705755758596e-8
8.164527150789352e-8
8.26870123267926e-8
8.275654038676135e-8
8.259899136495807e-8
8.175455688720041e-8
8.112462614681615e-8
7.955281648539412e-8
7.766341039571155e-8
7.662828476536662e-8
7.442237362913128e-8
7.208621984520174e-8
6.967325515010855e-8
6.601090821942388e-8
6.359804024870138e-8
6.124532910764019e-8
5.788049719554933e-8
5.47605139302877e-8
5.191612849557763e-8
4.9359196837073675e-8
4.7087573044416393e-8
4.508800376966234e-8
4.2805234433125116e-8
4.0893470260060984e-8
3.926902735572029e-8
3.784765707240669e-8
3.624138942428008e-8
3.471297094864183e-8
3.317651580525453e-8
3.158314201939433e-8
2.9581320069976656e-8
2.7864788483698357e-8
2.5477849893916604e-8
2.3540312433521747e-8
2.1504870346067352e-8
1.955277762072205e-8
1.8186773605668914e-8
1.6839564147518418e-8
1.5916621463423205e-8
1.5035489790552035e-8
1.4107214200240642e-8
1.3159439462906321e-8
6.211858515142842e-6
1.8722475184394503e-6
6.704495417205877e-7
3.2700861771942196e-7
2.5302970812369104e-7
2.641704583445506e-7
2.9821472026352025e-7
3.3421655332182305e-7
3.6585053765383156e-7
3.9193571037550766e-7
4.1295311352369227e-7
4.297744736066369e-7
4.432277944351004e-7
4.539787584512626e-7
4.625259660738078e-7
4.692315282659059e-7
4.743572462453825e-7
4.780960017399167e-7
4.805956740883243e-7
4.81975866315704e-7
4.817755297480669e-7
4.803699782461195e-7
4.782000783784937e-7
4.718538999766513e-7
4.6780897266829384e-7
4.582701804556984e-7
4.471471854336095e-7
4.4111036119477395e-7
4.283027274336868e-7
4.1478368969487523e-7
4.00849854400711e-7
3.7974490426290784e-7
3.658623252729879e-7
3.5233675466310675e-7
3.3299992788551633e-7
3.150654920844047e-7
2.987031234529857e-7
2.839819999522039e-7
2.7089476028895414e-7
2.593702808168196e-7
2.4621131409593737e-7
2.3519119652792086e-7
2.2582928035438147e-7
2.1764231041401194e-7
2.0840193134002338e-7
1.99625932936252e-7
1.9081821217547863e-7
1.8169162144055233e-7
1.7022479648474725e-7
1.6038564427415486e-7
1.4668871988165471e-7
1.3555466732075656e-7
1.238390404970466e-7
1.1258160273927088e-7
1.0469118561038724e-7
9.690364313521328e-8
9.157425527122266e-8
8.650180055617601e-8
8.117660337428823e-8
7.574709251579379e-8
-1.1466057272103606e-7
-9.557365071485378e-7
-8.025905607669394e-7
-5.59550250831023e-7
-3.7658729889316353e-7
-2.594635203688908e-7
-1.891265227370994e-7
-1.478350504434973e-7
-1.2342440910724444e-7
-1.0848118174490888e-7
-9.877209732813794e-8
-9.19732415240354e-8
-8.683234930926117e-8
-8.267157350296945e-8
-7.911335099421223e-8
-7.593805024215326e-8
-7.30133221095336e-8
-7.025948480829932e-8
-6.763155944866866e-8
-6.51084017364173e-8
-6.036507461984069e-8
-5.815793965477058e-8
-5.6072552396063684e-8
-5.229128546759247e-8
-5.059798328471603e-8
-4.758379414891246e-8
-4.5004891765882254e-8
-4.3851047754644203e-8
-4.1759414039888915e-8
-3.9892378327293675e-8
-3.8189657120801284e-8
-3.585149888818404e-8
-3.439403314378495e-8
-3.2993427925571043e-8
-3.096918325628829e-8
-2.9015659414961904e-8
-2.7132327740357187e-8
-2.5338037587307334e-8
-2.3659645207277734e-8
-2.212035726298274e-8
-2.030347500325948e-8
-1.8748637343263706e-8
-1.74233000888679e-8
-1.6285186447433848e-8
-1.5065128281408827e-8
-1.4010474058633669e-8
-1.3072222346394977e-8
-1.2217225136433589e-8
-1.1278297804558673e-8
-1.0564829311689527e-8
-9.675683951661737e-9
-9.014049800625016e-9
-8.345186035432473e-9
-7.69038765165101e-9
-7.193652252587992e-9
-6.637485000978228e-9
-6.203594212420815e-9
-5.769206568389476e-9
-5.346890628437729e-9
-4.98365513524098e-9
-1.175231428422225e-7
-2.2821006342842326e-6
-2.50684866719695e-6
-2.2239046681883314e-6
-1.8403996683076187e-6
-1.4817043871203414e-6
-1.1812464842396894e-6
-9.409438996523686e-7
-7.527393944635958e-7
-6.065673498598209e-7
-4.931737466319368e-7
-4.0491888184755823e-7
-3.3580769027559755e-7
-2.812582375991114e-7
-2.3781568985549952e-7
-2.0289002299433892e-7
-1.7454087990483338e-7
-1.5131066964391197e-7
-1.320990510405641e-7
-1.1607016595886816e-7
-9.114998947063719e-8
-8.138398859320325e-8
-7.298804712266197e-8
-5.94151443938031e-8
-5.390316082097755e-8
-4.4822607352343505e-8
-3.7768009585217344e-8
-3.484071093745327e-8
-2.99503090096115e-8
-2.6105639049530582e-8
-2.3080883080255765e-8
-1.970920480486974e-8
-1.8047539571958792e-8
-1.673537912015089e-8
-1.524970925027859e-8
-1.415871213188744e-8
-1.3306026696165838e-8
-1.2580263513047286e-8
-1.1906749809473465e-8
-1.1240674684390209e-8
-1.03297907606614e-8
-9.390645055731212e-9
-8.449694348032869e-9
-7.546857902888552e-9
-6.531834511203376e-9
-5.694555438147571e-9
-5.0573829780840654e-9
-4.608568702314915e-9
-4.266334764183144e-9
-4.088222656451607e-9
-3.910386440113712e-9
-3.761564352385794e-9
-3.549377701492016e-9
-3.249568342623879e-9
-2.962120144851837e-9
-2.6112322388594577e-9
-2.3545259026478917e-9
-2.143679007390531e-9
-1.992219096322737e-9
-1.8926667697953838e-9
-3.84857026661468e-7
-4.267901699192793e-6
-5.407685869842306e-6
-5.5339872066966925e-6
-5.232767316833956e-6
-4.747123866443874e-6
-4.19380937555452e-6
-3.6332261575478432e-6
-3.0966616606669514e-6
-2.5990850591348696e-6
-2.1461492454990632e-6
-1.7383559771500348e-6
-1.3735796421955358e-6
-1.0485537727137051e-6
-7.596919191579375e-7
-5.03495010850718e-7
-2.767182350794348e-7
-7.641170909772644e-8
1.0009462323402171e-7
2.5522263690241007e-7
5.099597746847634e-7
6.133976677428989e-7
7.031371277628411e-7
8.472820246890895e-7
9.041796790836706e-7
9.92816428288493e-7
1.0534879785509932e-6
1.0750911105120895e-6
1.103747141132919e-6
1.1163207015908652e-6
1.1162747987666466e-6
1.0989027387617346e-6
1.0792831583860985e-6
1.0554705243345483e-6
1.0150423196716773e-6
9.721392412658586e-7
9.292940148454277e-7
8.882574443520608e-7
8.502157390741638e-7
8.158754692500644e-7
7.762492007130133e-7
7.432560040276837e-7
7.157638272911494e-7
6.923539955583884e-7
6.66729974678954e-7
6.429384807000254e-7
6.189917727823868e-7
5.934200673750255e-7
5.596357453686542e-7
5.291578033280719e-7
4.848485848445114e-7
4.4760691617764674e-7
4.0756905651672647e-7
3.6867330026665104e-7
3.416858945231477e-7
3.1618244804566e-7
2.9992071268132116e-7
2.851020727639489e-7
2.6919266493977455e-7
2.519157683765122e-7
2.6122345654028544e-5
2.0199771909882392e-5
1.759060712753175e-5
1.62466161386731e-5
1.5489069657511693e-5
1.511421227669664e-5
1.5007796915660271e-5
1.5075891419759387e-5
1.5244514123650374e-5
1.5462691121102037e-5
1.569959071808294e-5
1.593849845817868e-5
1.6170833047160838e-5
1.639176745180807e-5
1.6597715295493996e-5
1.6785292213427656e-5
1.6951183735761165e-5
1.7092421036829728e-5
1.720672469051175e-5
1.7292735913801753e-5
1.7379253911955288e-5
1.738146482046591e-5
1.7358355622093827e-5
1.7243669826412707e-5
1.715578665827065e-5
1.6927067254818687e-5
1.6636587478286854e-5
1.6471057018236028e-5
1.6104780325958584e-5
1.5698948588568004e-5
1.5262990183878868e-5
1.457370473036117e-5
1.4103742675844295e-5
1.3634265218905332e-5
1.2943305133933821e-5
1.2280199193870456e-5
1.1654287036853073e-5
1.1072410669950491e-5
1.0539680672101696e-5
1.0059118019547473e-5
9.499728991631681e-6
9.026921101888967e-6
8.628467394650162e-6
8.290244946617995e-6
7.931738067525991e-6
7.622373277778041e-6
7.339601975388301e-6
7.062887875941961e-6
6.717610596780165e-6
6.410831946787004e-6
5.955406414362607e-6
5.5534932390418e-6
5.091412818529019e-6
4.6004099811858565e-6
4.225733468248655e-6
3.83847794627653e-6
3.580941844312171e-6
3.366087180916046e-6
3.183658508565794e-6
3.0235050285065604e-6
5.934167566935901e-5
5.2221296402482765e-5
4.870979334297129e-5
4.650360527947416e-5
4.4871873782756265e-5
4.365652294199931e-5
4.2768911262808296e-5
4.2116328358549404e-5
4.1616613037497714e-5
4.1210774875541776e-5
4.086306494447827e-5
4.055440543900702e-5
4.027489570233248e-5
4.001820524540032e-5
3.977847078840294e-5
3.954922065319102e-5
3.9323528129945195e-5
3.9094676981546175e-5
3.885685137147107e-5
3.8605597701677405e-5
3.8052508671320276e-5
3.774880777220839e-5
3.742732537522169e-5
3.673479070690763e-5
3.6365868076984666e-5
3.558732485947069e-5
3.475910134155675e-5
3.432784180109182e-5
3.343436714461148e-5
3.2505548573466385e-5
3.155047484185942e-5
3.009198450420498e-5
2.9117983577911987e-5
2.8153568944453676e-5
2.6740711704250822e-5
2.538431550197644e-5
2.409779792021817e-5
2.2891990852012467e-5
2.1775729653180538e-5
2.0754928110211353e-5
1.9545046794718792e-5
1.850105974545066e-5
1.7607036440236963e-5
1.6843252782799055e-5
1.604098876669718e-5
1.5371279655396004e-5
1.4793022464102898e-5
1.4265290498778227e-5
1.365001573763747e-5
1.3125096830343454e-5
1.2350757828780628e-5
1.1649412442914374e-5
1.0802511670704339e-5
9.837620206459826e-6
9.043046027630246e-6
8.149627052361394e-6
7.502877310004081e-6
6.93763966278428e-6
6.479839302534492e-6
6.1457585980078525e-6
2.74210167420372e-5
2.056956881019575e-5
1.747272883450956e-5
1.576206483473868e-5
1.4688670639415094e-5
1.4027173906589282e-5
1.3657170964922295e-5
1.3484043535786799e-5
1.3434611709807205e-5
1.3458604090140555e-5
1.3525303557375222e-5
1.3617512570425134e-5
1.3725725639839091e-5
1.3843926209878966e-5
1.3967211151784913e-5
1.4090841083407254e-5
1.4210156193902307e-5
1.4320872576864618e-5
1.4419431764742119e-5
1.4503231956690825e-5
1.4621134614453003e-5
1.4654639148026286e-5
1.4671760464849818e-5
1.4660246629951425e-5
1.4633389135462513e-5
1.4541227398778512e-5
1.4401447167331461e-5
1.4314807862456672e-5
1.4110269436354777e-5
1.3867757084447904e-5
1.3592799945785424e-5
1.3133604228022291e-5
1.2805694540546647e-5
1.2466985983220033e-5
1.194839972868332e-5
1.142735293864773e-5
1.0913004622129521e-5
1.0413513742027164e-5
9.936391175677902e-6
9.487859193831144e-6
8.94113446911717e-6
8.455927914580318e-6
8.03044134230601e-6
7.660415349632481e-6
7.268301693044823e-6
6.943962137853745e-6
6.6732383352173094e-6
6.439538810298618e-6
6.185631519650285e-6
5.981715729216989e-6
5.691863487826758e-6
5.43035349784511e-6
5.104856331972042e-6
4.7114292901066995e-6
4.3642953909938656e-6
3.942823330318168e-6
3.6109820584977633e-6
3.297457090914428e-6
3.028879481237344e-6
2.83781204301232e-6
8.181977099166722e-6
1.8010972569594819e-6
-8.00690542962885e-7
-1.995317235292226e-6
-2.531621507025256e-6
-2.7158621076765676e-6
-2.699733734157167e-6
-2.5683279826910066e-6
-2.372575420461795e-6
-2.143715281878153e-6
-1.9009525108419052e-6
-1.6560022755579395e-6
-1.415929693126765e-6
-1.1849362608932436e-6
-9.654643784244337e-7
-7.588626917981853e-7
-5.657782380783515e-7
-3.863871307346061e-7
-2.205354218649799e-7
-6.783289326884702e-8
2.0046067923588336e-7
3.1744592425320833e-7
4.239831541947452e-7
6.086501084467977e-7
6.881575327499798e-7
8.245963617166989e-7
9.344497822305848e-7
9.805633382940943e-7
1.0571852697376213e-6
1.115417837218898e-6
1.157908445704324e-6
1.1972829162609709e-6
1.2102958628780834e-6
1.2147667220757275e-6
1.208598076143779e-6
1.1905079414522923e-6
1.1637627613601602e-6
1.1310975848743237e-6
1.0948321688448977e-6
1.056877874587501e-6
1.0061447473506882e-6
9.573840987480356e-7
9.11974664901312e-7
8.70661436931554e-7
8.253224708251878e-7
7.870493203588675e-7
7.552363639971432e-7
7.286877361222236e-7
7.017226389459168e-7
6.81711512846396e-7
6.551640802416983e-7
6.32066919769483e-7
6.030769236241302e-7
5.662954810052952e-7
5.314758277169235e-7
4.854919603973156e-7
4.4597278499564313e-7
4.0553904616603285e-7
3.6794460981275626e-7
3.392553523472122e-7
8.30383741176957e-6
2.141999638123902e-6
-1.663474851107842e-7
-1.1286039623159332e-6
-1.509828850200344e-6
-1.6150954425959645e-6
-1.5850409479000526e-6
-1.4901282774053528e-6
-1.3673199512568406e-6
-1.2363646883652056e-6
-1.107726758693784e-6
-9.867089487230446e-7
-8.757016037350155e-7
-7.754530506161534e-7
-6.858048877006949e-7
-6.061237038950274e-7
-5.355554518328893e-7
-4.731738486360731e-7
-4.180644813047992e-7
-3.6936964891138905e-7
-2.881879351588092e-7
-2.543928344336297e-7
-2.2438864089618402e-7
-1.7395077028932335e-7
-1.527612795941263e-7
-1.1690925629832927e-7
-8.815723022636467e-8
-7.595421321863244e-8
-5.512166831703886e-8
-3.823693261032287e-8
-2.4518424147910853e-8
-8.589803197072687e-9
-4.167076608677239e-10
6.203249017161308e-9
1.3800245037571372e-8
1.921692985509112e-8
2.2987526843146358e-8
2.5513225560757686e-8
2.709755337999474e-8
2.797375465719603e-8
2.8351625721262426e-8
2.8128006583351095e-8
2.7550426172444703e-8
2.679316030435416e-8
2.5763843806664357e-8
2.4760934574308668e-8
2.3853475383509454e-8
2.3074383856463317e-8
2.231458996016139e-8
2.180294016519823e-8
2.119784157371862e-8
2.0710844334011004e-8
2.0107145073023e-8
1.930261191559341e-8
1.8462101092603124e-8
1.7198660728842213e-8
1.597085113150231e-8
1.4590345153963337e-8
1.3180360534325693e-8
1.1984675563012571e-8
8.901440534152485e-6
2.8840001665168098e-6
7.803409216111423e-7
-4.297861897950378e-8
-3.5633262853311784e-7
-4.48837001164963e-7
-4.4427264999288426e-7
-3.994849872360464e-7
-3.4132815534077796e-7
-2.8235789374372047e-7
-2.2808329570441735e-7
-1.8051351152622139e-7
-1.3995449486733307e-7
-1.0593415715977868e-7
-7.767738203967358e-8
-5.434360044808823e-8
-3.5138335873272523e-8
-1.935852671256431e-8
-6.404123172121736e-9
4.226401634680364e-9
2.009806468523072e-8
2.59568327471229e-8
3.0750485542063565e-8
3.7850185055689724e-8
4.0431677778687984e-8
4.416919707604589e-8
4.6487898725110766e-8
4.7249709454595045e-8
4.816989650154709e-8
4.84705821073367e-8
4.831624415440463e-8
4.7484016145273485e-8
4.665088409644309e-8
4.56680420094048e-8
4.4014272700003916e-8
4.2249559807013254e-8
4.0460408158722166e-8
3.8708517395472504e-8
3.7036945938474986e-8
3.547384196740135e-8
3.3584264808981524e-8
3.192536625915346e-8
3.048654270908587e-8
2.92447668267377e-8
2.792473089912201e-8
2.6802994227996828e-8
2.581306296235316e-8
2.4891560416785057e-8
2.3803207043927534e-8
2.2870818978674614e-8
2.149861806064546e-8
2.0265648300095532e-8
1.87959440708193e-8
1.7148876822927988e-8
1.580930402923504e-8
1.43109329685358e-8
1.3224364357707921e-8
1.226463973484908e-8
1.1460811237212528e-8
1.0835311598489238e-8
8.970634750571278e-6
3.0607957957714912e-6
1.1211543889603188e-6
4.0863204618362603e-7
1.5300359959209142e-7
8.100133561401184e-8
8.314193052732026e-8
1.1279858895343472e-7
1.4979946975404933e-7
1.857136614825756e-7
2.1742895035863474e-7
2.4420790124362266e-7
2.663058069528112e-7
2.843241784465929e-7
2.989202444678822e-7
3.1068952034591607e-7
3.2013040719349704e-7
3.2764496871159096e-7
3.3355310513144835e-7
3.3810937109271696e-7
3.439443747886785e-7
3.4552428562857396e-7
3.4636956904479425e-7
3.462112968374645e-7
3.453486610385944e-7
3.423255858210254e-7
3.378410751462472e-7
3.3513318453142637e-7
3.2892605787304783e-7
3.218345249309999e-7
3.1405342773278025e-7
3.0148783047581366e-7
2.927545935525862e-7
2.8390085577030396e-7
2.706412144650879e-7
2.576711116329832e-7
2.4521764950603333e-7
2.3345205346944323e-7
2.2249985596751215e-7
2.124412505731475e-7
2.0047128091323557e-7
1.9010713788239058e-7
1.8121355949943605e-7
1.736030879413972e-7
1.6557727322389515e-7
1.5881126114058198e-7
1.5288157778827134e-7
1.4738987640251117e-7
1.4092329238110995e-7
1.3538967849447284e-7
1.272470453305317e-7
1.1992678957052734e-7
1.11191010040203e-7
1.0138631344399564e-7
9.340513370714285e-8
8.44802945600297e-8
7.801707930481118e-8
7.232222905822964e-8
6.757680290085423e-8
6.391442238500044e-8
2.8193560586106343e-8
-8.82072820283144e-7
-9.244727049196269e-7
-8.697380226558e-7
-8.315199411803719e-7
-8.154034634662184e-7
-8.111107198709947e-7
-8.100406654887317e-7
-8.073629142734286e-7
-8.010472495501674e-7
-7.906801971864171e-7
-7.766305641297461e-7
-7.59563331417303e-7
-7.401934425990995e-7
-7.191802734439797e-7
-6.970947524633153e-7
-6.744186509405869e-7
-6.515546539349215e-7
-6.288374734355431e-7
-6.065426427515729e-7
-5.640614838008456e-7
-5.441778968057043e-7
-5.253293290143665e-7
-4.909041296263398e-7
-4.753335156360061e-7
-4.4731191496421223e-7
-4.2304445462512034e-7
-4.1213343313281343e-7
-3.9235931058130223e-7
-3.7480310351714456e-7
-3.589099179111337e-7
-3.372032662784397e-7
-3.2366261173984196e-7
-3.1059896602525746e-7
-2.9162457003374274e-7
-2.732658599558128e-7
-2.555886389880588e-7
-2.387840158179218e-7
-2.2307095423090678e-7
-2.0862622272432097e-7
-1.914933175587086e-7
-1.7676295435404908e-7
-1.6420043183893524e-7
-1.5344854162104688e-7
-1.419694720761847e-7
-1.320539828352597e-7
-1.2321428725691276e-7
-1.151534847252602e-7
-1.0631878529534006e-7
-9.961431889009818e-8
-9.123830622273049e-8
-8.497798222843517e-8
-7.864490131387808e-8
-7.246975862676917e-8
-6.77947168995032e-8
-6.2543080080001e-8
-5.843823907374498e-8
-5.434325776768144e-8
-5.03677870861569e-8
-4.6929362079434775e-8
1.3792841059626404e-6
-6.86045736561013e-7
-1.0203251489427671e-6
-9.607820786215132e-7
-8.340786126518777e-7
-7.229696439258631e-7
-6.42046737937993e-7
-5.874099966217719e-7
-5.517190960154755e-7
-5.284952979206678e-7
-5.129747613406522e-7
-5.019320143421379e-7
-4.932854726442293e-7
-4.857372546398234e-7
-4.785042624147971e-7
-4.7113443012888717e-7
-4.633867851374101e-7
-4.5515478260669495e-7
-4.4641738203040136e-7
-4.3720736883146704e-7
-4.1765014672159307e-7
-4.0747918750092846e-7
-3.9717102900054467e-7
-3.7649659795598426e-7
-3.6628832800315594e-7
-3.464549265823922e-7
-3.277202474002452e-7
-3.1885173970249576e-7
-3.022176457719273e-7
-2.8711944844444915e-7
-2.735629320538706e-7
-2.5597245131013474e-7
-2.4589971041284466e-7
-2.369682609143814e-7
-2.2532509711755634e-7
-2.1525341805842408e-7
-2.062044876405792e-7
-1.9773013788122786e-7
-1.8950574233599496e-7
-1.813313889482381e-7
-1.7037012287846695e-7
-1.5937644391534213e-7
-1.4855442714826892e-7
-1.381845233240915e-7
-1.2626437643755955e-7
-1.1583362058788358e-7
-1.070097390483667e-7
-9.968098536417915e-8
-9.248678768372184e-8
-8.745249649144711e-8
-8.129712309265188e-8
-7.647463193611974e-8
-7.11328195609729e-8
-6.53624351635113e-8
-6.071010095963143e-8
-5.543707402993115e-8
-5.1455942976524415e-8
-4.766905270008241e-8
-4.410787841785969e-8
-4.101450267873114e-8
2.3570840764700797e-6
-1.1499410020435983e-6
-2.111803052694819e-6
-2.260173153643967e-6
-2.123320052411747e-6
-1.8972781667731001e-6
-1.660035184730877e-6
-1.4417962551426668e-6
-1.2522484506744992e-6
-1.092245624701783e-6
-9.590868409837237e-7
-8.489357720724174e-7
-7.579012208969217e-7
-6.824779932040476e-7
-6.196845514079197e-7
-5.67063043914725e-7
-5.22623338291225e-7
-4.847703971963814e-7
-4.5223288740457566e-7
-4.240001579999211e-7
-3.7740339525460647e-7
-3.5789508664812114e-7
-3.403415646286257e-7
-3.0988058773794943e-7
-2.9651335841732954e-7
-2.7268132728780467e-7
-2.519708304318184e-7
-2.425825964520245e-7
-2.2545626219099346e-7
-2.1025786776456822e-7
-1.9674290748180289e-7
-1.7923408390145996e-7
-1.6919589154910425e-7
-1.6032256445895745e-7
-1.4895487282672481e-7
-1.3960410706125118e-7
-1.3193175415573704e-7
-1.2561500073487332e-7
-1.2035117168712824e-7
-1.1586374596654458e-7
-1.1067082562825593e-7
-1.0595154712212956e-7
-1.0135865098095619e-7
-9.667637589920884e-8
-9.056538103933823e-8
-8.420941701275949e-8
-7.780287635081284e-8
-7.160890315129175e-8
-6.480888827332578e-8
-5.98807129945776e-8
-5.4258280693816716e-8
-5.056329751538031e-8
-4.7290940628481404e-8
-4.4415488432416534e-8
-4.222820245533159e-8
-3.944569351038063e-8
-3.685686149058574e-8
-3.3887247073045356e-8
-3.0768009565703614e-8
-2.808751389887204e-8
3.992121012636234e-6
-1.1391998014721182e-6
-3.0711628642825553e-6
-3.7965222634547148e-6
-3.966100460516132e-6
-3.854877237156124e-6
-3.5992634531089986e-6
-3.2736108652434087e-6
-2.920331000981446e-6
-2.563864410777086e-6
-2.2180454519396005e-6
-1.890333559134621e-6
-1.5843597747676577e-6
-1.301485457424898e-6
-1.041754563906088e-6
-8.044685027768189e-7
-5.885278825639186e-7
-3.926331831056426e-7
-2.154022338913702e-7
-5.543980969939101e-8
2.180872737663305e-7
3.3419927571654644e-7
4.381104162225814e-7
6.135067238436548e-7
6.868600214815151e-7
8.089275506815079e-7
9.027005375797281e-7
9.404594277678351e-7
1.0002593383161778e-6
1.042035782162815e-6
1.068872587826731e-6
1.0868328785621694e-6
1.0871603733177257e-6
1.0803240114157179e-6
1.0599177882121194e-6
1.0309788819034562e-6
9.967769060509463e-7
9.598666102728485e-7
9.22224374283304e-7
8.853278778220555e-7
8.390309455510426e-7
7.97315590541782e-7
7.607602558550501e-7
7.293595813767599e-7
6.967492951883247e-7
6.702797170004251e-7
6.482444683808623e-7
6.287833571938167e-7
6.064252070371597e-7
5.870822674355033e-7
5.573496329559255e-7
5.289422218938651e-7
4.929421324827634e-7
4.5014976278451337e-7
4.138097539854695e-7
3.720295215546032e-7
3.414636798435643e-7
3.1498174090688254e-7
2.941836624208051e-7
2.79654199235521e-7
2.737316544074136e-5
2.053966884990884e-5
1.7453314622072492e-5
1.5749137591347886e-5
1.4679915922339275e-5
1.4021172717782439e-5
1.3653020557007757e-5
1.3481154978586606e-5
1.3432593421691041e-5
1.345719152381621e-5
1.3524315443280686e-5
1.3616823132416065e-5
1.3725246675574184e-5
1.384359536123654e-5
1.3966984101901699e-5
1.409068627044214e-5
1.4210051159318297e-5
1.4320801394752337e-5
1.4419383203097032e-5
1.4503198147743254e-5
1.462111559883175e-5
1.4654623062263566e-5
1.4671745561158088e-5
1.4660230994447523e-5
1.463337227899934e-5
1.4541207444548896e-5
1.4401424054386459e-5
1.4314783338887292e-5
1.4110242629733938e-5
1.38677288035399e-5
1.3592770958039738e-5
1.3133575292240318e-5
1.2805666128448839e-5
1.2466958323123292e-5
1.1948373453621981e-5
1.142732826541269e-5
1.0912981730856453e-5
1.0413492751435575e-5
9.936372094292923e-6
9.487841910535405e-6
8.941119283597305e-6
8.455914479441786e-6
8.030429412197804e-6
7.660404768716159e-6
7.2682925881972004e-6
6.943954201911147e-6
6.673231251124344e-6
6.439532371947403e-6
6.185625766768396e-6
5.981710521689885e-6
5.6918589257509985e-6
5.430349342285027e-6
5.1048525886546264e-6
4.711426092080335e-6
4.364292685283007e-6
3.942821093143437e-6
3.610980114902228e-6
3.2974555155282994e-6
3.0288783040811064e-6
2.8378110115383453e-6
5.3575629130084605e-5
4.558429113716118e-5
4.1985481803497644e-5
3.976191243932847e-5
3.8014677835879635e-5
3.6689309741294605e-5
3.5745562246312846e-5
3.507842290653835e-5
3.457709272727181e-5
3.416316076607403e-5
3.37961139181161e-5
3.34623968545589e-5
3.316149126757082e-5
3.2895478188843865e-5
3.266358710386824e-5
3.246080466795566e-5
3.22788951473098e-5
3.210834536465124e-5
3.1940228890605053e-5
3.176748086778778e-5
3.1391860478178475e-5
3.1186301126230175e-5
3.096961254773951e-5
3.050852031212903e-5
3.0266664486217086e-5
2.976328669937648e-5
2.9232152953208158e-5
2.8954650871638874e-5
2.837296068191393e-5
2.7754922813773353e-5
2.7104154658938807e-5
2.608395365883076e-5
2.5387859288878448e-5
2.468812485973674e-5
2.3642602471400634e-5
2.2610259853000878e-5
2.1597817188682398e-5
2.0614124071614588e-5
1.9670952255171403e-5
1.8780127379886386e-5
1.7687620948270838e-5
1.6708857939247697e-5
1.5838722088650846e-5
1.506911951780536e-5
1.4239249706124563e-5
1.3545950363228175e-5
1.2970577121007836e-5
1.2484801871739676e-5
1.1977810469832672e-5
1.1591239066352002e-5
1.1074333195973944e-5
1.063157604066994e-5
1.0089522182396654e-5
9.420562951099155e-6
8.805941842951684e-6
8.021409043094831e-6
7.364683836614067e-6
6.698645582876304e-6
6.081869712622874e-6
5.617779778563107e-6
2.936071168713827e-5
2.1464921845498465e-5
1.7949582498137416e-5
1.5967641243748115e-5
1.465322623773123e-5
1.3778423711010569e-5
1.3224419468138983e-5
1.289045335082372e-5
1.26956945126959e-5
1.2585007301787829e-5
1.2526256425721824e-5
1.2503090562489804e-5
1.2507621641012204e-5
1.2535146453118045e-5
1.2581272910853015e-5
1.2640930628298042e-5
1.2708507725942423e-5
1.2778453659169257e-5
1.2845904585512649e-5
1.2907103306642585e-5
1.3001910956042385e-5
1.303378903484138e-5
1.3055405159637976e-5
1.3070099121534641e-5
1.3064319917148273e-5
1.302822191822702e-5
1.2959670852258924e-5
1.2912975956884384e-5
1.2794401769108855e-5
1.2643053071527683e-5
1.2461775697371971e-5
1.2143801304556678e-5
1.1908511120249064e-5
1.1659754341057102e-5
1.1268330783420228e-5
1.086151471064813e-5
1.0445351406047387e-5
1.0026530932922881e-5
9.612728464109662e-6
9.211399815304205e-6
8.705343622321522e-6
8.238713578073668e-6
7.813206546475449e-6
7.428604899660772e-6
7.005466029808706e-6
6.64582758830369e-6
6.344816616109364e-6
6.092260755223717e-6
5.8360702606024115e-6
5.649578181923419e-6
5.4144199264567785e-6
5.2242474582813436e-6
4.999277492517419e-6
4.722660144328681e-6
4.461949999762875e-6
4.113064874116909e-6
3.802890933432438e-6
3.468067798091432e-6
3.135359927460421e-6
2.8648822950675442e-6
1.2242190244219787e-5
4.606534064778823e-6
1.3925059865062245e-6
-2.0483365783277235e-7
-1.046102559107284e-6
-1.4763257580137645e-6
-1.6639604456707794e-6
-1.7030276586182491e-6
-1.650212661404219e-6
-1.5410316936763584e-6
-1.398152064664679e-6
-1.2362127608114656e-6
-1.064790139180706e-6
-8.902515677993546e-7
-7.169044040111033e-7
-5.476970079944917e-7
-3.846427884587883e-7
-2.2908047045352142e-7
-8.184236122621432e-8
5.6626856695995705e-8
3.0688021364272906e-7
4.189574560713403e-7
5.227331321337277e-7
7.069250039904651e-7
7.881516364079845e-7
9.308274296878392e-7
1.049522247419247e-6
1.1006985694038531e-6
1.1882185668250346e-6
1.2578540461211592e-6
1.311764892273504e-6
1.367538171211292e-6
1.390637181102954e-6
1.4043215718778415e-6
1.4101136153281802e-6
1.4015863691687828e-6
1.381941275973059e-6
1.3539396321978434e-6
1.3199936922796624e-6
1.2821639358648782e-6
1.2285394549263107e-6
1.1739576438065243e-6
1.1204986157890244e-6
1.069625109707815e-6
1.0112132219434958e-6
9.596269521330734e-7
9.151296513073118e-7
8.772206239239614e-7
8.391237100229932e-7
8.12328544035424e-7
7.802995982939078e-7
7.559516230502672e-7
7.286422447527884e-7
6.961656887117568e-7
6.65352213661231e-7
6.222311954728524e-7
5.813977277696386e-7
5.345540551043661e-7
4.847934716202322e-7
4.4094744250352744e-7
1.1443188246030609e-5
3.903063178007592e-6
9.483356573437766e-7
-4.019440775001915e-7
-1.0436961284304215e-6
-1.3320885914259946e-6
-1.4325643305170406e-6
-1.4304585723585177e-6
-1.3727575407859432e-6
-1.286388071841505e-6
-1.187104935922915e-6
-1.0841641867576621e-6
-9.829317904850298e-7
-8.864054864858675e-7
-7.961311569270289e-7
-7.127666908941157e-7
-6.364337727647839e-7
-5.669390169012352e-7
-5.039132627825383e-7
-4.468990249884537e-7
-3.489384869819929e-7
-3.07026362585254e-7
-2.6922440209955713e-7
-2.0434968834571282e-7
-1.7656665256060328e-7
-1.2879101476933038e-7
-8.973370040494838e-8
-7.294622219278596e-8
-4.39880646193152e-8
-2.023762536071735e-8
-7.572525707405935e-10
2.2061335820169657e-8
3.384420118051961e-8
4.341103989789754e-8
5.43716274732642e-8
6.209212715497296e-8
6.730468136826188e-8
7.058531080304408e-8
7.239415937554787e-8
7.309903288732715e-8
7.281516927736121e-8
7.159803860363719e-8
6.981673265179196e-8
6.773414788199818e-8
6.498755655337741e-8
6.230343780248126e-8
5.981793594959101e-8
5.758698403933242e-8
5.524933548921126e-8
5.355281155218901e-8
5.147407083001066e-8
4.986852829674347e-8
4.807179029567686e-8
4.5980366914003074e-8
4.404658103186562e-8
4.139163703051166e-8
3.89005012181442e-8
3.6041439182582044e-8
3.29679067007671e-8
3.0183974668685256e-8
1.1979462501397786e-5
4.4794511545064e-6
1.7136643458028603e-6
5.27008412930647e-7
-3.821521940440236e-9
-2.2978905532251344e-7
-3.0618038328657196e-7
-3.084424139373011e-7
-2.752935583349793e-7
-2.2710617751648607e-7
-1.745886282965371e-7
-1.2320798044300936e-7
-7.556281637587457e-8
-3.269551334517314e-8
5.1733453438524966e-9
3.823549003068866e-8
6.687049900794271e-8
9.152628191555014e-8
1.126580563899405e-7
1.306989849026905e-7
1.5906162630080995e-7
1.7006028925727672e-7
1.7932244791150026e-7
1.9357155357456677e-7
1.9894310772901937e-7
2.0692921334195606e-7
2.119741335363849e-7
2.136053409276876e-7
2.1540223234731155e-7
2.1557540121019723e-7
2.144495766728285e-7
2.1089973605081905e-7
2.0760668265735006e-7
2.037758125962903e-7
1.9731499959283083e-7
1.9030593986357857e-7
1.8301660823025456e-7
1.7566139330959342e-7
1.6841849157177284e-7
1.6143123246888023e-7
1.5268709997229502e-7
1.4471900758997458e-7
1.3757285823763054e-7
1.3124080456528023e-7
1.2441695522678986e-7
1.1869850114677022e-7
1.1391195020678128e-7
1.0983337645298702e-7
1.0554710728708055e-7
1.0224969445544846e-7
9.775497591582716e-8
9.381556197915401e-8
8.89508344459444e-8
8.299225952723638e-8
7.757025461328532e-8
7.067943200562332e-8
6.49476832364329e-8
5.921652586617841e-8
5.397022407483528e-8
4.9974892976263885e-8
4.2238472898681324e-7
-3.534151339892488e-7
-4.043992711934683e-7
-3.747623772118619e-7
-3.529015305602945e-7
-3.4423883313867493e-7
-3.4270526201989966e-7
-3.4322109028838757e-7
-3.4303495293589537e-7
-3.41055772311805e-7
-3.3710139982963903e-7
-3.313963854756798e-7
-3.24295818281623e-7
-3.161562658390032e-7
-3.072882730823551e-7
-2.9794795155576857e-7
-2.8834366597711535e-7
-2.786459341856654e-7
-2.689957019597013e-7
-2.59509807811606e-7
-2.413948313722358e-7
-2.329000363196243e-7
-2.2484007900393949e-7
-2.1010667699879725e-7
-2.0343972984705986e-7
-1.9144043248184814e-7
-1.8104936529663117e-7
-1.7637775828554867e-7
-1.6791205919729624e-7
-1.6039736439924493e-7
-1.5359749639457465e-7
-1.4431959934642553e-7
-1.3853934437080093e-7
-1.3296776376463823e-7
-1.248803952180073e-7
-1.1705471599163661e-7
-1.0951289316783871e-7
-1.0233418160215591e-7
-9.561289606294335e-8
-8.942700718115143e-8
-8.208232456024436e-8
-7.576231928725646e-8
-7.036987821036865e-8
-6.575450293429506e-8
-6.083002746472563e-8
-5.658187483635473e-8
-5.2799502677661255e-8
-4.935227245839979e-8
-4.5572329935714724e-8
-4.270080200148236e-8
-3.910961342642037e-8
-3.642392422093677e-8
-3.370680011093134e-8
-3.105785344939169e-8
-2.9052978192255183e-8
-2.6801804142731134e-8
-2.5042806313955044e-8
-2.328781329727004e-8
-2.1583136168662553e-8
-2.0108050409594478e-8
1.8481520114213545e-6
-6.577619833087445e-8
-3.8763275109527375e-7
-3.825753553340055e-7
-3.255346241668605e-7
-2.7761646688093365e-7
-2.468969103574949e-7
-2.294790189936773e-7
-2.2035273496924538e-7
-2.1580475113006264e-7
-2.1351378035901212e-7
-2.121519984612684e-7
-2.1100209330710891e-7
-2.096930715604474e-7
-2.0804238177694236e-7
-2.059696724913704e-7
-2.034523383779753e-7
-2.0050290581366375e-7
-1.9715671530501987e-7
-1.9346402524745456e-7
-1.85279605371577e-7
-1.809136560802171e-7
-1.764454685571628e-7
-1.6741054976047255e-7
-1.6293049189945428e-7
-1.5420941470248973e-7
-1.4595540159744499e-7
-1.4204135515610204e-7
-1.3468382578466413e-7
-1.279834993525636e-7
-1.2194854039878417e-7
-1.140972446644997e-7
-1.0959699851230207e-7
-1.0560822181328907e-7
-1.0041464222223484e-7
-9.592862751460123e-8
-9.190219417233983e-8
-8.813476512155861e-8
-8.448294784965172e-8
-8.08586647648167e-8
-7.600476871909974e-8
-7.113653060334075e-8
-6.633672940101792e-8
-6.172606762142094e-8
-5.6411079847006454e-8
-5.174836407081134e-8
-4.779691256222277e-8
-4.45112227559736e-8
-4.128507144794871e-8
-3.9030649515347436e-8
-3.62832304970704e-8
-3.4138175920370295e-8
-3.1764794102248484e-8
-2.9197432535766493e-8
-2.7122505633436297e-8
-2.476539880401131e-8
-2.298284332224217e-8
-2.1286689106989593e-8
-1.9693880843767336e-8
-1.8313084454431214e-8
3.6272383784779373e-6
3.5621850512547885e-7
-5.013450073172176e-7
-6.726040932033803e-7
-6.34289025955798e-7
-5.423251903549267e-7
-4.493233599793309e-7
-3.7108587711976077e-7
-3.100617746228145e-7
-2.642189436029241e-7
-2.304451332123542e-7
-2.0578353194087205e-7
-1.8780141716444822e-7
-1.7462471748514296e-7
-1.6485953283386932e-7
-1.5748979607929562e-7
-1.5178387925179872e-7
-1.472193273229311e-7
-1.4342566887724192e-7
-1.4014224621707838e-7
-1.3443705971167423e-7
-1.318071061022882e-7
-1.2924324577096688e-7
-1.2419319136666877e-7
-1.2167832365884358e-7
-1.1665308862692835e-7
-1.1165710856429823e-7
-1.091850148813808e-7
-1.0432705127380019e-7
-9.96285154944139e-8
-9.513689338280382e-8
-8.886894672593479e-8
-8.504075720016433e-8
-8.150900278509653e-8
-7.677021431599398e-8
-7.267502321627693e-8
-6.916426435040614e-8
-6.615876638423089e-8
-6.356941689670831e-8
-6.130455774039814e-8
-5.86372057407612e-8
-5.620224605510699e-8
-5.385138836731748e-8
-5.1485920027300755e-8
-4.8440871704762725e-8
-4.530507992821876e-8
-4.215276334244301e-8
-3.9089931912743595e-8
-3.568016485044833e-8
-3.3154290036098096e-8
-3.0178720228477084e-8
-2.813647651909963e-8
-2.6241665402066377e-8
-2.451117346402959e-8
-2.3198014318412448e-8
-2.160222159363783e-8
-2.019644941762189e-8
-1.863876910659939e-8
-1.7025252303020445e-8
-1.5628304739377872e-8
5.227230316414606e-6
4.4142450270078426e-7
-1.187653752379847e-6
-1.7395753577035791e-6
-1.8535019752838668e-6
-1.7806874335881077e-6
-1.6325748608724e-6
-1.4613142523629309e-6
-1.291424588077697e-6
-1.1338616961985725e-6
-9.927774189910737e-7
-8.689292460195722e-7
-7.614481329811912e-7
-6.687644704827778e-7
-5.89089711596925e-7
-5.206595305797806e-7
-4.618482112143783e-7
-4.1121383871393754e-7
-3.6750703667462467e-7
-3.296613520656708e-7
-2.6809150441464726e-7
-2.429759857064217e-7
-2.2089885863755443e-7
-1.8416084117907548e-7
-1.6881895224846918e-7
-1.4287623877957167e-7
-1.2195391904457932e-7
-1.1299490061001624e-7
-9.750830440126723e-8
-8.468260863602124e-8
-7.398136964555403e-8
-6.106153589561128e-8
-5.411547471675338e-8
-4.824679977351982e-8
-4.1096820140438244e-8
-3.553496063512988e-8
-3.121512223675273e-8
-2.7872264442500065e-8
-2.530067820216504e-8
-2.3336454035050267e-8
-2.143156839945938e-8
-2.0102690170455582e-8
-1.9136090697922156e-8
-1.836665904315864e-8
-1.7503654602762173e-8
-1.661316027397625e-8
-1.5613142982755364e-8
-1.4475071278824396e-8
-1.2954578493488443e-8
-1.1625737402751299e-8
-9.825845785074621e-9
-8.471051636830796e-9
-7.219741807661877e-9
-6.271528726755361e-9
-5.830018977738395e-9
-5.649908629594592e-9
-5.666443518777175e-9
-5.666471374510509e-9
-5.481136615341802e-9
-5.069154404394823e-9
8.101427694655336e-6
1.7569080047345145e-6
-8.252176144860291e-7
-2.0087088687352656e-6
-2.538561529938781e-6
-2.7190431692197834e-6
-2.7007429520669586e-6
-2.5681126376420133e-6
-2.3717032504366876e-6
-2.142525550531528e-6
-1.8996457421657357e-6
-1.6546943480629575e-6
-1.4146847774595477e-6
-1.1837870271908518e-6
-9.644244713303888e-7
-7.579344724436456e-7
-5.649576064066769e-7
-3.856665310161941e-7
-2.1990570650709695e-7
-6.728446186678877e-8
2.008740786595004e-7
3.1780419294435773e-7
4.2429343923421306e-7
6.088825623003015e-7
6.883586364124835e-7
8.247467212327664e-7
9.345619967351674e-7
9.806601967563257e-7
1.0572572875575526e-6
1.115471213949317e-6
1.1579478350114431e-6
1.1973075455314767e-6
1.210313581567575e-6
1.2147791825397193e-6
1.2086048883534134e-6
1.1905110119433818e-6
1.163763415151462e-6
1.1310967400088992e-6
1.0948304354097184e-6
1.0568756333917153e-6
1.0061421653832324e-6
9.573813956652265e-7
9.119719884472051e-7
8.706588948475995e-7
8.253201711552584e-7
7.870472529455707e-7
7.552344733235133e-7
7.286859852037988e-7
7.017210546403179e-7
6.81710072550865e-7
6.551628088016761e-7
6.320657448664976e-7
6.030758424460422e-7
5.662945363880246e-7
5.314750125856439e-7
4.854912664716749e-7
4.4597216848606927e-7
4.0553853843389306e-7
3.6794422791132823e-7
3.392550233563118e-7
2.932846755934812e-5
2.1443052938327554e-5
1.7934319736757183e-5
1.5956821579290048e-5
1.4645481773019322e-5
1.37728426129281e-5
1.3220377081909358e-5
1.2887514902807532e-5
1.269355393462713e-5
1.2583446990830374e-5
1.2525120206645413e-5
1.2502265334588736e-5
1.2507024836004597e-5
1.2534717398996581e-5
1.2580966822494639e-5
1.2640714367737454e-5
1.2708356762750699e-5
1.2778349855569316e-5
1.284583455969837e-5
1.2907057211455829e-5
1.3001892971455582e-5
1.3033778586150535e-5
1.3055399419857431e-5
1.3070097194807131e-5
1.3064318088335362e-5
1.3028218299933954e-5
1.2959664160591986e-5
1.29129675912454e-5
1.2794390196360037e-5
1.2643038774442096e-5
1.2461759293056863e-5
1.214378281657593e-5
1.1908491808162534e-5
1.165973453602462e-5
1.1268310716661464e-5
1.0861494863472393e-5
1.0445332201903251e-5
1.0026512706796432e-5
9.612711414161878e-6
9.211383994057745e-6
8.70532934942759e-6
8.23870069211227e-6
7.813194937780608e-6
7.428594509857395e-6
7.005457048232309e-6
6.645819774086948e-6
6.344809682709387e-6
6.0922544993673644e-6
5.8360647102083405e-6
5.649573172840761e-6
5.4144155271434496e-6
5.224243409934088e-6
4.99927376802093e-6
4.722656850433592e-6
4.461947107528178e-6
4.1130623703192824e-6
3.8028886914198927e-6
3.4680659279687563e-6
3.1353585006049512e-6
2.8648810873934675e-6
5.0972362011260215e-5
4.204536241242018e-5
3.8039664389341075e-5
3.5622006397256415e-5
3.380931924129347e-5
3.245354708905276e-5
3.147357491738932e-5
3.076031340132398e-5
3.0211530430734684e-5
2.975676513757668e-5
2.9358933836581145e-5
2.9004127218858043e-5
2.8689720576591782e-5
2.841564147746639e-5
2.8179822646655643e-5
2.797700170911288e-5
2.7799496783005716e-5
2.763874066366638e-5
2.7486756301548888e-5
2.7337161480995763e-5
2.702966897971783e-5
2.6868548322067026e-5
2.6702444401598765e-5
2.635815046307633e-5
2.6181223113260535e-5
2.5818365621160496e-5
2.5440034324167552e-5
2.5243051180203906e-5
2.4829722767936117e-5
2.438815851283567e-5
2.3919289641822082e-5
2.317496540979595e-5
2.266009573371575e-5
2.213632176308934e-5
2.134096530702675e-5
2.053909678486954e-5
1.973532297860646e-5
1.893678462042177e-5
1.8153615636087546e-5
1.7396509491755003e-5
1.644153601721403e-5
1.5557186460335277e-5
1.4744856466396513e-5
1.4003901297329265e-5
1.3179483711961047e-5
1.2469659529059028e-5
1.1868395324062684e-5
1.1359962616874997e-5
1.0845152636179346e-5
1.0476538147778472e-5
1.0028174324236759e-5
9.684186091792216e-6
9.297452136872387e-6
8.839214143273846e-6
8.411944797207237e-6
7.832508137369727e-6
7.2993942252842995e-6
6.6966978352957505e-6
6.06421633665671e-6
5.518094551610158e-6
3.196366546130916e-5
2.288893426667692e-5
1.886556377596571e-5
1.658971820995063e-5
1.507583293748537e-5
1.4042470858167664e-5
1.3348166754538851e-5
1.288463236107942e-5
1.2569660229117454e-5
1.2348430703479791e-5
1.2189063480785856e-5
1.2074998492408731e-5
1.199779769486953e-5
1.1952095283952837e-5
1.1932891586174622e-5
1.1934635440185047e-5
1.1951358056584404e-5
1.1977233389446196e-5
1.2007151698761902e-5
1.2037097286489481e-5
1.2087011220951056e-5
1.2104534211677202e-5
1.211666843907477e-5
1.2125434432761617e-5
1.2122461699984651e-5
1.2101868210492786e-5
1.2060169144883387e-5
1.2030554822288718e-5
1.1952370345375215e-5
1.1848326286696333e-5
1.1719602182590135e-5
1.148671345046148e-5
1.1310103246107776e-5
1.1120072270015752e-5
1.0814616715326556e-5
1.0488993963244954e-5
1.0147434189710772e-5
9.795246569981231e-6
9.439001145016955e-6
9.085368441716364e-6
8.627058897797825e-6
8.190737574540131e-6
7.780099808198776e-6
7.397617969044903e-6
6.963365975882659e-6
6.581881885948454e-6
6.252956586725721e-6
5.971204943019132e-6
5.684888740306257e-6
5.481943222985832e-6
5.241794938067437e-6
5.0656745899539e-6
4.877525602308861e-6
4.664785368093157e-6
4.4709140633397014e-6
4.2070428946764436e-6
3.957388161378665e-6
3.6629525727890466e-6
3.337401681586461e-6
3.0391187763062454e-6
1.6306198358625433e-5
7.276636736294185e-6
3.4539486022129813e-6
1.486161452780742e-6
3.6689198691065023e-7
-2.836241044456971e-7
-6.484310405678461e-7
-8.328252222666582e-7
-9.023697207761725e-7
-8.985427815874177e-7
-8.474132079937445e-7
-7.653458989528961e-7
-6.628485804695531e-7
-5.470366255421577e-7
-4.230840042875838e-7
-2.9499039821226157e-7
-1.659374536781814e-7
-3.843423613534697e-8
8.561958915752421e-8
2.0488282938554672e-7
4.2604085607869323e-7
5.273476872306831e-7
6.22491300437509e-7
7.9508543663946e-7
8.730188034946522e-7
1.0132631442978287e-6
1.1338171582877797e-6
1.1870645803929207e-6
1.2801971219496382e-6
1.3566098625757432e-6
1.417877809136833e-6
1.4852681151085505e-6
1.5163859140010706e-6
1.5382019655152933e-6
1.5559900586478546e-6
1.5584626476494082e-6
1.548069561706262e-6
1.5272096006681007e-6
1.4983506710599877e-6
1.4638341854485066e-6
1.4123247928948373e-6
1.3574664589078107e-6
1.3013564652968189e-6
1.2455943733254548e-6
1.1786530750885319e-6
1.1170593839937507e-6
1.0621171836448707e-6
1.0138609990110475e-6
9.639489558845184e-7
9.283794965884404e-7
8.868628724875364e-7
8.575382589550781e-7
8.277936845720208e-7
7.959411770901817e-7
7.679683211145134e-7
7.304758638457249e-7
6.944265318048422e-7
6.500011069690504e-7
5.979845155634842e-7
5.47495916331398e-7
1.4964681323945862e-5
5.8972035939656005e-6
2.258756273276745e-6
5.12771732525974e-7
-3.9197939941426675e-7
-8.66356684516285e-7
-1.1017882379519653e-6
-1.1986536966675003e-6
-1.2137644898601359e-6
-1.1807959792501012e-6
-1.1202463181134698e-6
-1.0447794955716852e-6
-9.622849421257032e-7
-8.776971696292493e-7
-7.940981035693756e-7
-7.133902762357574e-7
-6.367105771773974e-7
-5.646877890179473e-7
-4.976069717854254e-7
-4.355185959779016e-7
-3.2578323299325065e-7
-2.776510497210579e-7
-2.3361294877093896e-7
-1.565702792176317e-7
-1.2296814387944772e-7
-6.426190279610273e-8
-1.537124717091882e-8
5.881525677959868e-9
4.2828002692543255e-8
7.33139965665751e-8
9.834234899271993e-8
1.2751161273515605e-7
1.424072622988193e-7
1.543296894274416e-7
1.6760300267718469e-7
1.7637336947915593e-7
1.8156406850918256e-7
1.8394880160603192e-7
1.8419908296862384e-7
1.8288183101448107e-7
1.7944462968957662e-7
1.7475351415141634e-7
1.6929954785823963e-7
1.634480022006636e-7
1.5604979749504883e-7
1.490121987478908e-7
1.4261213923200027e-7
1.3690574199989e-7
1.3088639063047284e-7
1.2647993158343515e-7
1.21134130341736e-7
1.1715441417190946e-7
1.1288239619914464e-7
1.0805921765854086e-7
1.0370572475776569e-7
9.789131914606485e-8
9.24917975984888e-8
8.616658929594725e-8
7.914746060564137e-8
7.265781941031809e-8
5.747427820158952e-7
-5.3987225018328166e-8
-9.379199664920696e-8
-6.912051951100065e-8
-4.941514751062978e-8
-3.957245958915125e-8
-3.5741931765940664e-8
-3.4600684328368077e-8
-3.43129310912024e-8
-3.408049625091591e-8
-3.3654260616922036e-8
-3.302107251049328e-8
-3.224053422918001e-8
-3.1374712797428086e-8
-3.0466574587683463e-8
-2.9539878255938115e-8
-2.86059095159866e-8
-2.7670334974420995e-8
-2.6737827683768305e-8
-2.5814249147844987e-8
-2.4024405572802544e-8
-2.3174566951981148e-8
-2.2364496632731392e-8
-2.0882291346752665e-8
-2.0214156977568002e-8
-1.9019582897468406e-8
-1.799326182815374e-8
-1.7533172904455657e-8
-1.6698531428996643e-8
-1.595388318927166e-8
-1.5276055972578018e-8
-1.4348233164383598e-8
-1.3771534933786936e-8
-1.321808750333249e-8
-1.2418468489829364e-8
-1.1645872569681206e-8
-1.0899270906517036e-8
-1.0185777196187494e-8
-9.51602339116487e-9
-8.899491550374959e-9
-8.168773799030597e-9
-7.541153039072561e-9
-7.005287346517084e-9
-6.54538763485727e-9
-6.053617015631476e-9
-5.6299839424148394e-9
-5.254170129351362e-9
-4.912236979789031e-9
-4.536686035743764e-9
-4.250714814250628e-9
-3.8929776255586286e-9
-3.6258106819721082e-9
-3.355513559875629e-9
-3.09144193981355e-9
-2.891470339215819e-9
-2.6675343719105957e-9
-2.4929015435539196e-9
-2.318436278286822e-9
-2.1487029374871805e-9
-2.0017850657021943e-9
1.9639958122250687e-6
1.7960522926869527e-7
-1.1262293960403475e-7
-1.2171511680673189e-7
-8.710407023259818e-8
-5.807240782509192e-8
-4.0385663509193125e-8
-3.096088014421053e-8
-2.629128976006552e-8
-2.4033106848513996e-8
-2.2894815787241495e-8
-2.224898854696742e-8
-2.181982996811483e-8
-2.149279921636529e-8
-2.121670697912732e-8
-2.0961368639294666e-8
-2.0703555611290428e-8
-2.042478472885362e-8
-2.0112441909768906e-8
-1.976064158715109e-8
-1.8945449324611596e-8
-1.8495857383256885e-8
-1.8030621039846855e-8
-1.7088587586918608e-8
-1.6625604779224432e-8
-1.5736431513830982e-8
-1.490663630478707e-8
-1.4514669130069177e-8
-1.3775384298873072e-8
-1.3094900908590336e-8
-1.2474430693417454e-8
-1.166018370608875e-8
-1.1194144332820937e-8
-1.0784252571090026e-8
-1.0256434122782194e-8
-9.80344198362403e-9
-9.394921826515507e-9
-9.009209644276442e-9
-8.633696102095532e-9
-8.262084347297844e-9
-7.768128691819998e-9
-7.275250624821932e-9
-6.788278363981204e-9
-6.3176704264164305e-9
-5.772394594990219e-9
-5.293896292382714e-9
-4.889578342333593e-9
-4.553697891582297e-9
-4.222835417736146e-9
-3.990980185295886e-9
-3.7094040398712525e-9
-3.491030355765514e-9
-3.249633478335702e-9
-2.9872555221770622e-9
-2.7746562757150956e-9
-2.5335492540198963e-9
-2.351257664074221e-9
-2.1772640848567587e-9
-2.01386860893782e-9
-1.872799004936213e-9
3.817885307648772e-6
7.255906732739983e-7
-4.364066525551409e-8
-2.0846276210579178e-7
-2.0506195617722577e-7
-1.6272179949243878e-7
-1.199744871727692e-7
-8.634444287020177e-8
-6.227426272160914e-8
-4.582909465062306e-8
-3.4877632310404274e-8
-2.76917954579915e-8
-2.3015771848356597e-8
-1.9983074337127267e-8
-1.8012014868806376e-8
-1.6718208189753848e-8
-1.5850386952681544e-8
-1.5245970182681465e-8
-1.4801077159162579e-8
-1.4450452027940408e-8
-1.3887839352079088e-8
-1.3638094124517966e-8
-1.3397048373408668e-8
-1.2926055842741341e-8
-1.2692428183827138e-8
-1.2224307302999964e-8
-1.1752008763839888e-8
-1.1514009821179048e-8
-1.1036023214674165e-8
-1.0560514123651756e-8
-1.0095766782437847e-8
-9.437450419897613e-9
-9.033880230945856e-9
-8.662482189798333e-9
-8.166080270162015e-9
-7.737126060859035e-9
-7.366902950360107e-9
-7.046904782697319e-9
-6.769439696645884e-9
-6.526824322910676e-9
-6.243107999993313e-9
-5.9861204162055495e-9
-5.738152362973166e-9
-5.487610776975772e-9
-5.164190819071162e-9
-4.831636535507195e-9
-4.498088079598728e-9
-4.1736900507687936e-9
-3.8108662957663496e-9
-3.540786253372994e-9
-3.221938739887421e-9
-3.003184904905935e-9
-2.800196600027647e-9
-2.6145990066842316e-9
-2.4741645171200466e-9
-2.3046656813883745e-9
-2.155753263283301e-9
-1.9902443132567514e-9
-1.8182034918025697e-9
-1.6689653283646835e-9
6.080833657924825e-6
1.5108762352319713e-6
6.116344838138422e-8
-4.129541561062512e-7
-5.295172171287287e-7
-5.112037395033466e-7
-4.468721737939544e-7
-3.730717488158375e-7
-3.0426441639280473e-7
-2.45291395999436e-7
-1.9685300777510857e-7
-1.5799375140706792e-7
-1.2723100047867437e-7
-1.0305006284611684e-7
-8.410058972171791e-8
-6.925439969934579e-8
-5.7602222295565754e-8
-4.842670793289825e-8
-4.11692049439591e-8
-3.539797949042886e-8
-2.70622632263858e-8
-2.404630307112181e-8
-2.158190218917848e-8
-1.7868077667428855e-8
-1.6458316620495205e-8
-1.42556183474618e-8
-1.2632028733434804e-8
-1.1973024182235304e-8
-1.087417966041053e-8
-9.989190795255347e-9
-9.253599364993302e-9
-8.343851658991218e-9
-7.83141964758866e-9
-7.3772374056408466e-9
-6.786102935011582e-9
-6.28568382000589e-9
-5.861549651469695e-9
-5.502061881046571e-9
-5.197331649158303e-9
-4.938891510145882e-9
-4.653770244069107e-9
-4.422740026662838e-9
-4.2320733049986885e-9
-4.069352895790042e-9
-3.889061837015422e-9
-3.719399496655977e-9
-3.549418247101893e-9
-3.373267901682015e-9
-3.152071819859969e-9
-2.962556136709486e-9
-2.6995433330199005e-9
-2.486957690006093e-9
-2.2652125805037156e-9
-2.054962707186737e-9
-1.9099869299578962e-9
-1.7696184881956461e-9
-1.6751397597394063e-9
-1.5852254562687594e-9
-1.4891237174666969e-9
-1.3891741912201747e-9
8.205906949164087e-6
2.098226615802372e-6
-1.8413459640927316e-7
-1.1336798845647547e-6
-1.508822993974722e-6
-1.6114123010664768e-6
-1.580427325246971e-6
-1.485454614562359e-6
-1.36299024028107e-6
-1.2325373079085046e-6
-1.104434577488111e-6
-9.839244254145028e-7
-8.733715498420823e-7
-7.735166715002595e-7
-6.842026895521266e-7
-6.04801495671517e-7
-5.344657816020251e-7
-4.7227615128560337e-7
-4.173246217326382e-7
-3.687592184735925e-7
-2.8777022116396106e-7
-2.5404614707019174e-7
-2.241001908611888e-7
-1.737495747963364e-7
-1.5259263390238693e-7
-1.1678997336316217e-7
-8.807217311075937e-8
-7.588217601590497e-8
-5.5069674335981466e-8
-3.81990571291091e-8
-2.4490548688761796e-8
-8.571865541039619e-9
-4.032042454709675e-10
6.213457229245735e-9
1.3806961341390176e-8
1.9221336095345978e-8
2.2990424351373862e-8
2.5515158080794338e-8
2.7098867998044615e-8
2.79746543228645e-8
2.835214038666763e-8
2.8128253742953334e-8
2.7550505076336767e-8
2.679315659687768e-8
2.5763808166290627e-8
2.4760884080284005e-8
2.3853399934741664e-8
2.307428570017645e-8
2.2314489802409443e-8
2.1802854827185966e-8
2.119777151010269e-8
2.0710771530974338e-8
2.0107067446850128e-8
1.9302545480792687e-8
1.8462048922212523e-8
1.719861312527572e-8
1.5970802375336195e-8
1.459030515549112e-8
1.3180333810571936e-8
1.1984650153580151e-8
1.2177962260219747e-5
4.568293783158769e-6
1.369346659621988e-6
-2.1878956132677402e-7
-1.0543070697072311e-6
-1.4809027989583677e-6
-1.666249996805335e-6
-1.7038868897720452e-6
-1.6501939116524755e-6
-1.5404918558038765e-6
-1.3973214365113555e-6
-1.2352390596333233e-6
-1.0637669501662527e-6
-8.892368932370411e-7
-7.159328502960319e-7
-5.46787847875857e-7
-3.8380532651498426e-7
-2.2831762984239345e-7
-8.115308630032168e-8
5.7245993431835214e-8
3.073738722102448e-7
4.1939653305635435e-7
5.231229944585449e-7
7.072313144135786e-7
7.884228366439791e-7
9.310397251951983e-7
1.049688244817401e-6
1.1008453217569346e-6
1.188333248133714e-6
1.2579436729294578e-6
1.3118349484071884e-6
1.3675865492056162e-6
1.390674901506363e-6
1.4043508807992306e-6
1.410133472691969e-6
1.4015995605519175e-6
1.3819497906322792e-6
1.3539448933032058e-6
1.3199967017815307e-6
1.282165383613436e-6
1.2285395264312573e-6
1.1739568686585543e-6
1.1204973556151341e-6
1.0696236189490797e-6
1.0112116602690582e-6
9.596254213820094e-7
9.151281713378299e-7
8.772192031962902e-7
8.391223895594699e-7
8.123273244564323e-7
7.802984973074854e-7
7.559505807502594e-7
7.286412532700995e-7
6.961647844648429e-7
6.653513989044148e-7
6.222304610503579e-7
5.813970467273881e-7
5.345534697276819e-7
4.847930129408069e-7
4.4094704875382314e-7
3.193478427138535e-5
2.28687311565467e-5
1.8851023511900963e-5
1.6579083971571953e-5
1.5067974310547574e-5
1.4036618342224146e-5
1.3343781235258743e-5
1.288132984457618e-5
1.2567163910295891e-5
1.2346538888624872e-5
1.2187627658760458e-5
1.2073908210993522e-5
1.1996970070293106e-5
1.1951467667627316e-5
1.1932416376689265e-5
1.1934276352877314e-5
1.195108739035832e-5
1.1977029986945487e-5
1.2006999400652082e-5
1.20369837484473e-5
1.2086949096862704e-5
1.2104488627106112e-5
1.2116635116088333e-5
1.2125416467685394e-5
1.212244816217165e-5
1.2101859343250913e-5
1.2060161447085899e-5
1.2030546954549902e-5
1.1952361368680727e-5
1.1848315794320248e-5
1.1719590188481282e-5
1.1486699566324008e-5
1.1310088373841169e-5
1.1120056604360132e-5
1.0814600203028557e-5
1.0488977036759024e-5
1.0147417301055022e-5
9.795230120158909e-6
9.438985408774639e-6
9.08535354490742e-6
8.627045132779638e-6
8.190724886753517e-6
7.780088186921836e-6
7.39760744195703e-6
6.963356789862912e-6
6.5818738573686855e-6
6.252949457332959e-6
5.9711985278475835e-6
5.684883092650435e-6
5.4819381710057095e-6
5.241790547556284e-6
5.065670560511265e-6
4.877521880695378e-6
4.66478204434239e-6
4.470911100450164e-6
4.207040245200014e-6
3.957385707139153e-6
3.6629504508579833e-6
3.337399999581958e-6
3.039117320772181e-6
4.992633233533168e-5
3.9804520969088324e-5
3.5384780660518805e-5
3.277742557336452e-5
3.0853620622418356e-5
2.9428769683304203e-5
2.840481991142231e-5
2.766048101367208e-5
2.7085553514933845e-5
2.6605830396004214e-5
2.6183601189064222e-5
2.5805975160301702e-5
2.5471779820330252e-5
2.5182108641152705e-5
2.4935504336853395e-5
2.4726789362546675e-5
2.4548016355592573e-5
2.4390204426950013e-5
2.424497648859795e-5
2.4105659514002008e-5
2.382880841212356e-5
2.3688076081330114e-5
2.354583453848075e-5
2.325986376991328e-5
2.311733240838104e-5
2.2833036842864266e-5
2.2544710241939856e-5
2.2396325627270503e-5
2.2086008570447335e-5
2.1753618366674346e-5
2.1398538503103116e-5
2.083087159545374e-5
2.0436107015935534e-5
2.0032904392813027e-5
1.9416417620487964e-5
1.878713413441355e-5
1.8145872216997957e-5
1.7497038456499556e-5
1.6849089146600865e-5
1.6211816135556e-5
1.5392009623162162e-5
1.4614705982509e-5
1.3882394849858076e-5
1.3196816251072901e-5
1.2412241241594161e-5
1.1716739124513668e-5
1.111170353095797e-5
1.0588465338211221e-5
1.0051275925763623e-5
9.668295584446518e-6
9.21785160435939e-6
8.89515706484282e-6
8.562587381149525e-6
8.202390731217847e-6
7.886478219536088e-6
7.468915160278526e-6
7.075892789751575e-6
6.601492448179219e-6
6.05689043217664e-6
5.538003669461127e-6
3.445914316354037e-5
2.3992625035665325e-5
1.9499097920924486e-5
1.6976467431799625e-5
1.5255353198162765e-5
1.4057955565123245e-5
1.3245556987063713e-5
1.2695426388910046e-5
1.230795188913612e-5
1.201695642620644e-5
1.1786651443578313e-5
1.1601645145258338e-5
1.1456707057359253e-5
1.1349489420249105e-5
1.1276730571223973e-5
1.1233160749788662e-5
1.1211988910393198e-5
1.1206002718705973e-5
1.1208639435451185e-5
1.1214705553921915e-5
1.1224546062645667e-5
1.1225633717488065e-5
1.1224018340421422e-5
1.1214625087478779e-5
1.120767901706572e-5
1.1189311426460176e-5
1.1161683117091296e-5
1.1142592815353843e-5
1.109045611838874e-5
1.1017107089809503e-5
1.0922339972050267e-5
1.0745745391908864e-5
1.061027039987311e-5
1.0464019005873578e-5
1.0227554097776028e-5
9.971552590056605e-6
9.696543586393612e-6
9.405505472090856e-6
9.104307601179276e-6
8.799867018061915e-6
8.398500142097328e-6
8.008698724383775e-6
7.632852074145432e-6
7.272936370528306e-6
6.851644605567134e-6
6.470595502597864e-6
6.13386408900545e-6
5.838627983548039e-6
5.531364758613589e-6
5.310243005978133e-6
5.050467128155272e-6
4.867626020990945e-6
4.685188520578428e-6
4.495956502859296e-6
4.336929118585312e-6
4.134542050672839e-6
3.9465101266012264e-6
3.714753611194189e-6
3.4387189557108182e-6
3.1655343371339815e-6
2.0450071159279118e-5
9.882637717094926e-6
5.429093201144578e-6
3.1019299456176475e-6
1.721741559372083e-6
8.708496853627202e-7
3.5043398953032724e-7
4.184901943987481e-8
-1.3131697535943885e-7
-2.1762981510187126e-7
-2.467742742548673e-7
-2.364348820219821e-7
-1.9737425711598378e-7
-1.3677280987463185e-7
-6.01229494882523e-8
2.789784123073519e-8
1.2316135516296794e-7
2.2210760414470813e-7
3.218379600375441e-7
4.2017140284716084e-7
6.073230997894318e-7
6.948621425651024e-7
7.781592070011746e-7
9.324863297964584e-7
1.0038378467655311e-6
1.1354217842129134e-6
1.2521786456510109e-6
1.304872654193331e-6
1.3987015182867571e-6
1.4773312800900711e-6
1.5417075956410793e-6
1.6149911366165113e-6
1.650831383316486e-6
1.677946838949333e-6
1.704342242132046e-6
1.7153353510923536e-6
1.7124622697987122e-6
1.6976667720256287e-6
1.6734613924465552e-6
1.6424763409697685e-6
1.5942965341637326e-6
1.5411208354391381e-6
1.4846177567641497e-6
1.426172251542682e-6
1.3531795408284244e-6
1.2837728567082344e-6
1.2202874189038977e-6
1.163071629860097e-6
1.1019067106555732e-6
1.0569442890919704e-6
1.0036267253754635e-6
9.664141380759761e-7
9.301991022416457e-7
8.940117675556584e-7
8.6487324594467e-7
8.295055390597632e-7
7.974665667249961e-7
7.573661550639165e-7
7.080438394193779e-7
6.576244295914591e-7
6.696741375655146e-7
2.0378893260238126e-7
1.8974247592096186e-7
2.2215650109714254e-7
2.484023448511116e-7
2.647153903494512e-7
2.738727645301907e-7
2.7835857507552456e-7
2.7968032478970876e-7
2.786787377395854e-7
2.758492696130419e-7
2.715363071893577e-7
2.6602604401478126e-7
2.5958073645344106e-7
2.524451178200024e-7
2.4484270132677914e-7
2.3697064612358952e-7
2.289965654902409e-7
2.210579496296877e-7
2.132637202154204e-7
1.9841913438196136e-7
1.9147209875468184e-7
1.8488285643885763e-7
1.7282444507826668e-7
1.6735504496232634e-7
1.5748323898560224e-7
1.4890892720667575e-7
1.4505044707639554e-7
1.380623553333402e-7
1.318735960410885e-7
1.2629024665694713e-7
1.1869288149501509e-7
1.1396395049289013e-7
1.0940389216774721e-7
1.0277887322945371e-7
9.636373917698286e-8
9.018005210183601e-8
8.429239910460386e-8
7.877489554187508e-8
7.368869913196417e-8
6.763609793579672e-8
6.241747452369904e-8
5.7962556754107244e-8
5.4153270659005545e-8
5.0095735585734446e-8
4.6599858117423775e-8
4.3488486123300404e-8
4.065335041920079e-8
3.754524451728861e-8
3.518331306478898e-8
3.222542422567247e-8
3.0009593439724146e-8
2.7766670148148257e-8
2.558213021284142e-8
2.3930363969926688e-8
2.207553536342995e-8
2.0625841033761894e-8
1.9179807018834924e-8
1.7775013045404552e-8
1.6558359350096505e-8
2.003648817754612e-6
3.38909106560844e-7
8.326406067784726e-8
7.75062177333768e-8
1.081374363786085e-7
1.3415912090471493e-7
1.513174983969062e-7
1.6209307424561033e-7
1.690115003440381e-7
1.7361301564679664e-7
1.7667207910688646e-7
1.785444323666352e-7
1.7940485286861588e-7
1.7937053174077668e-7
1.7855037141097405e-7
1.7705630189212197e-7
1.7499961267681243e-7
1.724842908655974e-7
1.6960229006608673e-7
1.6643183350669794e-7
1.5947567911160754e-7
1.5579046552632098e-7
1.5202260815058599e-7
1.4437895943340422e-7
1.4056562761932853e-7
1.330919173391541e-7
1.2596939465596053e-7
1.2258281001469807e-7
1.1621525685303261e-7
1.1042646051952514e-7
1.0522479449001234e-7
9.846548354778738e-8
9.458495924115325e-8
9.113587382223925e-8
8.663122805164964e-8
8.273879448617914e-8
7.925914607166958e-8
7.602196246875055e-8
7.289665493041833e-8
6.979776711749509e-8
6.564105260396252e-8
6.146264470473848e-8
5.733760838947469e-8
5.337178514883169e-8
4.879201975728141e-8
4.476023246343108e-8
4.133040233978759e-8
3.847279967682902e-8
3.567032949621331e-8
3.3718477669350443e-8
3.1347307874276635e-8
2.9499570608766068e-8
2.745743896273689e-8
2.5248607345587722e-8
2.3459407827320246e-8
2.1418944685658497e-8
1.987211585755419e-8
1.840156437974789e-8
1.7023395477435894e-8
1.5829896704909342e-8
3.7902805616747118e-6
8.446860469167559e-7
1.5346956661021685e-7
7.631789037639829e-9
3.357295022416448e-9
2.9558255129630277e-8
5.6050386879026956e-8
7.642435394296232e-8
9.08533999118623e-8
1.0084166929678106e-7
1.0776533278951678e-7
1.126010969331418e-7
1.1598239693379574e-7
1.1830952361265756e-7
1.1983907693747428e-7
1.20742421811251e-7
1.2114010061074914e-7
1.2112105320397538e-7
1.207532941306878e-7
1.200901531640659e-7
1.1804063800125358e-7
1.1671846887672603e-7
1.1523318634279836e-7
1.1186220868138942e-7
1.1001683480671956e-7
1.0609836605745747e-7
1.019869989169224e-7
9.989641150091404e-8
9.570986922731808e-8
9.158762587954743e-8
8.75986735267098e-8
8.197365219943717e-8
7.851067550416006e-8
7.529946835722256e-8
7.096804851402908e-8
6.72063237395859e-8
6.397043357146072e-8
6.11944541511668e-8
5.880020473349149e-8
5.6705330957491784e-8
5.423995997955339e-8
5.199475251623964e-8
4.983463535625599e-8
4.766785150189151e-8
4.488292861780685e-8
4.2012780160872504e-8
3.9120224910601434e-8
3.630058621730675e-8
3.314927621959686e-8
3.0805144657078467e-8
2.8031189168151884e-8
2.611960721394448e-8
2.4343922101768634e-8
2.2728058287047226e-8
2.151062580792272e-8
2.0040651877118808e-8
1.8748851308906292e-8
1.7314681519656623e-8
1.5821518895220277e-8
1.4520991675948068e-8
6.115912929373565e-6
1.7147748288805111e-6
4.0497831071395446e-7
-6.06139955724958e-9
-1.1320175355869286e-7
-1.1533335554190339e-7
-8.510027683835448e-8
-4.937327774266914e-8
-1.7381445757679804e-8
8.514390984957762e-9
2.849710213847757e-8
4.353980567096164e-8
5.471839177772888e-8
6.297094369559958e-8
6.90405170461643e-8
7.348765191224799e-8
7.672421906236482e-8
7.904899708912516e-8
8.067803269341395e-8
8.176822514202244e-8
8.276309113978412e-8
8.281825960622468e-8
8.265006643417038e-8
8.179140636465137e-8
8.115659544942e-8
7.957762337127009e-8
7.768324027706152e-8
7.664617206535885e-8
7.443716351666613e-8
7.20986984029813e-8
6.968397153605459e-8
6.601963720465545e-8
6.360571526403034e-8
6.125209189535152e-8
5.7886100359750535e-8
5.476518082989991e-8
5.1920060230593434e-8
4.9362557229187334e-8
4.709047981487789e-8
4.509053545088323e-8
4.2807349451946515e-8
4.089524706172868e-8
3.9270538201001117e-8
3.7848962806268466e-8
3.6242497472806655e-8
3.471391989270533e-8
3.317733150365389e-8
3.158384724909223e-8
2.958191774878357e-8
2.786531089972554e-8
2.5478282017209965e-8
2.3540680402260062e-8
2.15051774875721e-8
1.95530274268552e-8
1.8186981782630104e-8
1.683973446723207e-8
1.591677012343151e-8
1.503561566688733e-8
1.4107315162117005e-8
1.3159528663955691e-8
8.801133959603785e-6
2.8508550548572413e-6
7.750226179063859e-7
-3.7283465074574246e-8
-3.470446911383045e-7
-4.391964615868369e-7
-4.355833713806566e-7
-3.921524186289602e-7
-3.3535764692979907e-7
-2.775956374127858e-7
-2.2433020011682465e-7
-1.7757574469971965e-7
-1.3766288606767538e-7
-1.0414889692775772e-7
-7.628634429087257e-8
-5.325837947321026e-8
-3.428989602465334e-8
-1.869324948358237e-8
-5.8804970358683025e-9
4.640443805301762e-9
2.0361411001424373e-8
2.6168956551565598e-8
3.0922594513594505e-8
3.796603656631366e-8
4.05277653242193e-8
4.423664580400861e-8
4.6536456537887634e-8
4.729129766562356e-8
4.820101404397076e-8
4.849453923586673e-8
4.833524227286544e-8
4.749810584538365e-8
4.666270131941154e-8
4.567806003339175e-8
4.4022181031685766e-8
4.2255885287250106e-8
4.0465576619015764e-8
3.871285732636136e-8
3.704067434360121e-8
3.547707881129795e-8
3.358693952043575e-8
3.192756312573993e-8
3.0488366459768053e-8
2.9246324801541375e-8
2.792605847182493e-8
2.6804134886281194e-8
2.581403031416377e-8
2.489238041525181e-8
2.380390183629084e-8
2.2871441320739264e-8
2.1499151093372946e-8
2.0266104595922007e-8
1.87963234038334e-8
1.714919346679787e-8
1.5809576572795824e-8
1.4311153077024383e-8
1.3224547573655857e-8
1.2264792495798466e-8
1.1460935420642264e-8
1.0835418206122736e-8
1.1358652924846544e-5
3.860954712191935e-6
9.283004322778028e-7
-4.100999390600109e-7
-1.0454637123245424e-6
-1.330533531808904e-6
-1.4294176364128776e-6
-1.4266915711764192e-6
-1.3689024740308945e-6
-1.282722577852873e-6
-1.1837599610558617e-6
-1.0811875452371831e-6
-9.80325616690452e-7
-8.841481942563429e-7
-7.941901772804015e-7
-7.111057228593309e-7
-6.35016778950586e-7
-5.657322985007007e-7
-5.028864121489609e-7
-4.460252328863399e-7
-3.4830432313587825e-7
-3.064850419992571e-7
-2.6876154512156995e-7
-2.04009312396843e-7
-1.7627384832262973e-7
-1.2857289946680346e-7
-8.956973142117443e-8
-7.28035499960732e-8
-4.387924924220238e-8
-2.0153787000371763e-8
-6.919864277518134e-10
2.2107025747017655e-8
3.388065513434877e-8
4.344037859825785e-8
5.439313031315213e-8
6.210816124984373e-8
6.731684866324976e-8
7.059470923151832e-8
7.240154211008936e-8
7.310491715684301e-8
7.281959798407733e-8
7.160143376224863e-8
6.981938761885815e-8
6.773627058961019e-8
6.498920912442535e-8
6.230475572064289e-8
5.981900528390392e-8
5.758786733805658e-8
5.5250056824515714e-8
5.355343214917988e-8
5.14745807193429e-8
4.986896223083505e-8
4.807215309682809e-8
4.5980664102595164e-8
4.4046829410931224e-8
4.1391835237022346e-8
3.8900666270639724e-8
3.6041571923980886e-8
3.296800790000069e-8
3.018405996763743e-8
1.624753175248105e-5
7.239782365063312e-6
3.4303003199534135e-6
1.4709357536220453e-6
3.5717933475703267e-7
-2.8968145801034395e-7
-6.520518097183665e-7
-8.348219722699496e-7
-9.032898356128875e-7
-8.987574582666005e-7
-8.47175126689655e-7
-7.648272527216507e-7
-6.621664799882433e-7
-5.462702526942924e-7
-4.2228630638055083e-7
-2.9419613189589973e-7
-1.6516876333288128e-7
-3.770454954347739e-8
8.630282596817502e-8
2.0551622661204838e-7
4.265742546563191e-7
5.278337606916595e-7
6.229328208161489e-7
7.954472253770951e-7
8.733454977254734e-7
1.0135286811398132e-6
1.134032403771332e-6
1.1872582645727409e-6
1.2803538787418906e-6
1.3567367476363715e-6
1.4179805831793228e-6
1.4853431501400114e-6
1.5164467943118101e-6
1.5382513589687055e-6
1.5560261071898452e-6
1.5584888828718693e-6
1.5480885884408882e-6
1.5272233424745546e-6
1.498360533583368e-6
1.4638411826206614e-6
1.4123290694719461e-6
1.3574688866341155e-6
1.3013576596169333e-6
1.245594778102105e-6
1.1786529054379666e-6
1.1170588964286294e-6
1.062116504705654e-6
1.013860210729568e-6
9.639481312323987e-7
9.283786949904054e-7
8.868621121337659e-7
8.575375062453033e-7
8.277929321345501e-7
7.959404614922034e-7
7.679676538372965e-7
7.304752242952193e-7
6.944259020437204e-7
6.500005346017058e-7
5.97984041949903e-7
5.474954895390788e-7
3.443432892575479e-5
2.39747057504765e-5
1.94858218439571e-5
1.696649271469703e-5
1.5247791305602503e-5
1.4052183208889878e-5
1.3241125319762523e-5
1.2692007788234111e-5
1.2305304850918472e-5
1.2014901200615866e-5
1.1785052878737574e-5
1.1600400591407284e-5
1.1455737838844091e-5
1.1348734794583874e-5
1.1276143399629234e-5
1.123270433753403e-5
1.1211634650138134e-5
1.120572829502215e-5
1.1208427433682361e-5
1.121454237146415e-5
1.1224450873516246e-5
1.122556176306893e-5
1.1223964409548698e-5
1.1214595623319957e-5
1.1207657507732902e-5
1.1189299995735589e-5
1.1161676532810991e-5
1.1142587399592582e-5
1.1090451510996118e-5
1.1017102120868465e-5
1.092233411850848e-5
1.0745737902313306e-5
1.0610261794630696e-5
1.0464009327047935e-5
1.0227542980917517e-5
9.971540380527753e-6
9.696530739557609e-6
9.405492440208056e-6
9.104294725329362e-6
8.799854487666064e-6
8.398488172740511e-6
8.008687358181236e-6
7.632841401370009e-6
7.2729265178646485e-6
6.851635864516515e-6
6.470587770759216e-6
6.133857156017095e-6
5.838621703674156e-6
5.531359224217424e-6
5.310238079362111e-6
5.050462887016681e-6
4.867622145045698e-6
4.685184943668521e-6
4.495953314740522e-6
4.336926275276267e-6
4.134539463872606e-6
3.946507665673432e-6
3.714751425259346e-6
3.4387171715302608e-6
3.165532732379713e-6
4.9949821782846246e-5
3.838634270357337e-5
3.354318333016214e-5
3.0749231517960476e-5
2.8666942212482585e-5
2.7127824097852506e-5
2.6042580890377774e-5
2.5273292541278545e-5
2.4687644885117555e-5
2.419643307149792e-5
2.375645353004345e-5
2.3356044339628413e-5
2.299814365393093e-5
2.268792961145026e-5
2.2426519955322398e-5
2.2209495107298676e-5
2.2028242448361083e-5
2.187235183806712e-5
2.1731879978094715e-5
2.159889341305033e-5
2.1337032182586493e-5
2.1205028726405302e-5
2.107294976288608e-5
2.0814000388817645e-5
2.068926527826413e-5
2.044999249182685e-5
2.0218130698536648e-5
2.0101382116220287e-5
1.9859105728783663e-5
1.9598978817445957e-5
1.9318966157262505e-5
1.8868669953581438e-5
1.8555625956692283e-5
1.8236806913626885e-5
1.775013532321256e-5
1.7250630753449433e-5
1.6734592805030998e-5
1.6203440536398177e-5
1.5664574702785867e-5
1.512787719572816e-5
1.4429120397353037e-5
1.3756752807937209e-5
1.3111026023767919e-5
1.2492498961182218e-5
1.1766164017319536e-5
1.1105952546135212e-5
1.051907313788358e-5
1.0000667782992603e-5
9.455779615145406e-6
9.059752341614637e-6
8.591243627360466e-6
8.261644063046842e-6
7.936933475003866e-6
7.609478042379162e-6
7.344259830519945e-6
7.020517998187974e-6
6.728903622072086e-6
6.371341126460294e-6
5.940563013815313e-6
5.5054063036864376e-6
3.751943994953411e-5
2.5501707185035468e-5
2.0442867753804896e-5
1.7631190850988883e-5
1.5703152140214803e-5
1.4352534446462703e-5
1.3429677264260212e-5
1.2797338024573845e-5
1.234227935193097e-5
1.1989485202690302e-5
1.169941998931421e-5
1.1456420893802502e-5
1.1256549205465013e-5
1.1098902177028661e-5
1.0981089691944937e-5
1.0897964692589269e-5
1.084226254071253e-5
1.080598059956277e-5
1.0781719474520092e-5
1.0763594074662026e-5
1.0731607844077981e-5
1.0714850505372789e-5
1.069755201313153e-5
1.0663900222410408e-5
1.0648587660471773e-5
1.0620926793238996e-5
1.0592889797138378e-5
1.057636252902404e-5
1.0533700699603384e-5
1.047436269604478e-5
1.0397182886563577e-5
1.0252809579882268e-5
1.0142435282749009e-5
1.0023830289498954e-5
9.83234578888486e-6
9.62326898294458e-6
9.394702267638248e-6
9.148020432251627e-6
8.8884184576675e-6
8.622657869831798e-6
8.268040134185381e-6
7.918462664820073e-6
7.5748723463452984e-6
7.238428548809712e-6
6.834773785571569e-6
6.460742447570855e-6
6.122979656607322e-6
5.8202965513769134e-6
5.497344918576035e-6
5.259576661018592e-6
4.975898906886841e-6
4.776195480545397e-6
4.5815581841112335e-6
4.390088012210895e-6
4.240290689957243e-6
4.065216659615146e-6
3.913256357532464e-6
3.7288489291334044e-6
3.504806100915343e-6
3.2739941606724733e-6
1.2971942100184793e-6
1.0939815756679753e-6
1.1899896334789434e-6
1.2977224714728762e-6
1.3818197430576505e-6
1.4413344584206695e-6
1.4799175640704327e-6
1.5010896281556802e-6
1.5077428060399849e-6
1.5022964763465952e-6
1.4868585000891611e-6
1.4633125193206077e-6
1.4333532318967364e-6
1.3984968948747385e-6
1.360084037979711e-6
1.3192824540909966e-6
1.2770932023351175e-6
1.2343597642017013e-6
1.1917795201948625e-6
1.1499165564134176e-6
1.0700122053648663e-6
1.0325517877868606e-6
9.969957490049902e-7
9.319060579508036e-7
9.023895023580418e-7
8.49143900437118e-7
8.029277701044136e-7
7.82135346330813e-7
7.444751717050069e-7
7.111106296489988e-7
6.809999171963011e-7
6.4003168866853e-7
6.145476762502589e-7
5.89990209856997e-7
5.543332198475811e-7
5.198087614482813e-7
4.865128442017827e-7
4.547872318588368e-7
4.2503648075114955e-7
3.975993346187355e-7
3.6494026330325705e-7
3.3677569642767724e-7
3.1272766139113293e-7
2.921616261752481e-7
2.702584452961751e-7
2.5139822662613603e-7
2.3462298063002033e-7
2.193402994548567e-7
2.0258159915829548e-7
1.8984100997475836e-7
1.7388145813322382e-7
1.6192371106511404e-7
1.498170000957217e-7
1.3802341514054417e-7
1.2910841034658508e-7
1.1910232114332997e-7
1.1128187807485266e-7
1.0347734915247804e-7
9.589379022026008e-8
8.93280618097209e-8
2.341853514939996e-6
8.398176006531079e-7
6.623944882886521e-7
7.037375546284156e-7
7.712785296204553e-7
8.296444694847912e-7
8.753135888046903e-7
9.103684969206262e-7
9.369718839699938e-7
9.565834335966538e-7
9.701420138185668e-7
9.783175808186017e-7
9.816682329928618e-7
9.8071197759516e-7
9.759490830181374e-7
9.678625430015243e-7
9.569121547106307e-7
9.435290903669307e-7
9.281129905065205e-7
9.110313960938087e-7
8.731873449051741e-7
8.530099589093099e-7
8.323400584734414e-7
7.904006267423476e-7
7.695082795397917e-7
7.286444143488407e-7
6.89773042979722e-7
6.712961937998668e-7
6.365286960220859e-7
6.048608048732592e-7
5.763451389401699e-7
5.39232893478021e-7
5.179275382929701e-7
4.99011199677056e-7
4.7434630860314004e-7
4.5305881926895314e-7
4.3402558842149213e-7
4.1630638898585813e-7
3.9919783686712225e-7
3.8224673736975444e-7
3.5953638701940973e-7
3.3672047441062557e-7
3.141809885222126e-7
2.924824174898131e-7
2.673911701514674e-7
2.452861039237073e-7
2.2647817971541328e-7
2.1080461084261406e-7
1.9542678264305256e-7
1.8471742694060543e-7
1.717248554737234e-7
1.6161807853398424e-7
1.5045230037931904e-7
1.383630243027184e-7
1.2856105748991184e-7
1.1737867868292601e-7
1.0889797406494916e-7
1.0083025745356963e-7
9.327160927449282e-8
8.673521601922957e-8
3.953414757818224e-6
1.1417975461443363e-6
5.375341682997292e-7
4.3433513713144464e-7
4.523820735092493e-7
4.937330458751252e-7
5.335809612869366e-7
5.670377634818275e-7
5.942385708754358e-7
6.162074031704287e-7
6.338583893137648e-7
6.478625662963489e-7
6.587060842746614e-7
6.667586711327544e-7
6.723184337735426e-7
6.756366979444415e-7
6.769316134756633e-7
6.763965494755829e-7
6.742062090424252e-7
6.705214798411384e-7
6.592647631303482e-7
6.519737222119241e-7
6.437523439215834e-7
6.250205743032473e-7
6.147460943255199e-7
5.929183652217585e-7
5.700164614339097e-7
5.583707068310926e-7
5.350414140520658e-7
5.120518599433474e-7
4.897841229359859e-7
4.58353277680807e-7
4.389937349932573e-7
4.2104027068209466e-7
3.9682377187584424e-7
3.757872050154105e-7
3.576792156832789e-7
3.4213230498560177e-7
3.2871738287517527e-7
3.169834711950411e-7
3.031914011112994e-7
2.9065246625838335e-7
2.786023229617103e-7
2.6652002812983615e-7
2.509927338005045e-7
2.3499070741455572e-7
2.1885922503973046e-7
2.031215442414826e-7
1.8550839492479343e-7
1.7238779923551752e-7
1.568436144123136e-7
1.4612458059409976e-7
1.3616631371397027e-7
1.2711085940833216e-7
1.203013947811297e-7
1.1209803738489805e-7
1.0489462072156263e-7
9.688913952811894e-8
8.854045515688844e-8
8.125890572532266e-8
6.160054585413618e-6
1.8921327255267478e-6
7.026634809705994e-7
3.553096527464781e-7
2.743902808823115e-7
2.793348541386171e-7
3.086964447163314e-7
3.413983926843835e-7
3.7078454379432675e-7
3.953625384520978e-7
4.153741402051765e-7
4.315223312416709e-7
4.44521254759558e-7
4.5496155628040377e-7
4.632929313877373e-7
4.698457031573905e-7
4.748609492905686e-7
4.785179567158361e-7
4.809556209881769e-7
4.822875684326592e-7
4.820173549878146e-7
4.805856734172934e-7
4.783936766567605e-7
4.7201223164524947e-7
4.679530779612166e-7
4.5839088038356244e-7
4.472495753676601e-7
4.4120503322859545e-7
4.283841367145467e-7
4.148540719272095e-7
4.0091091714996443e-7
3.7979454360347636e-7
3.659057908855123e-7
3.523750275311402e-7
3.3303191359677157e-7
3.150925307142933e-7
2.9872612867888167e-7
2.840016267368486e-7
2.709115526536853e-7
2.5938474159167377e-7
2.4622336605954067e-7
2.3520145385996435e-7
2.2583812203167586e-7
2.1764995304724724e-7
2.0840830932806158e-7
1.9963132875529136e-7
1.908228876652352e-7
1.81695733071371e-7
1.7022829539101547e-7
1.6038866021796387e-7
1.4669117609085794e-7
1.3555678222538472e-7
1.2384084270977932e-7
1.1258305702114151e-7
1.0469237039548139e-7
9.690461851653505e-8
9.157512820557928e-8
8.650253426077099e-8
8.117717433744792e-8
7.574760615305161e-8
8.887234426183384e-6
3.0488343178121e-6
1.1332881020917956e-6
4.26920859499109e-7
1.7078780018369868e-7
9.612077173003073e-8
9.523597901252506e-8
1.2217407584033326e-7
1.5695161632904514e-7
1.9113232101067282e-7
2.215310298415511e-7
2.4732405772271823e-7
2.686884427602899e-7
2.861618690959122e-7
3.003522952895708e-7
3.1181835898030524e-7
3.21031319730452e-7
3.2837341792885747e-7
3.3415009702962703e-7
3.3860534341532093e-7
3.443006238689637e-7
3.4583187655853966e-7
3.4663808953478446e-7
3.464217503119082e-7
3.4553713218837296e-7
3.424794370663799e-7
3.3796901423042046e-7
3.3525051780596134e-7
3.290257176239346e-7
3.2192015847241945e-7
3.141277328996422e-7
3.015487425989473e-7
2.928083063887706e-7
2.839484014481563e-7
2.706810465067332e-7
2.5770472082488675e-7
2.452462311403647e-7
2.3347655072492902e-7
2.2252099660492816e-7
2.1245959671061813e-7
2.0048658333587462e-7
1.9012002001093673e-7
1.8122451598743705e-7
1.7361250026831933e-7
1.6558515238886926e-7
1.5881793931384752e-7
1.5288731388184352e-7
1.4739486438889216e-7
1.4092754934644675e-7
1.3539341733098996e-7
1.2725018014310979e-7
1.199295165322954e-7
1.1119334611865568e-7
1.0138824293013665e-7
9.340674436403369e-8
8.448160768556176e-8
7.801821387114482e-8
7.232316557989064e-8
6.757753007012727e-8
6.391506341614287e-8
1.1898666037056033e-5
4.450370290575059e-6
1.707946365273401e-6
5.316791697157609e-7
4.967141862092851e-9
-2.1994054533954704e-7
-2.96708606781874e-7
-2.9995236654796546e-7
-2.679690333760547e-7
-2.2092686661973345e-7
-1.694447058412875e-7
-1.1895930849223604e-7
-7.206816993533387e-8
-2.982575944552148e-8
7.530440638474887e-9
4.017462917919819e-8
6.847013768083182e-8
9.285065055396946e-8
1.1375932850916674e-7
1.3161931845962342e-7
1.5971525722308596e-7
1.7061610799281652e-7
1.7979803646739292e-7
1.9392632106656693e-7
1.9925234237212409e-7
2.0716833241260328e-7
2.1216316256886402e-7
2.13774709577376e-7
2.1554014309703093e-7
2.1568963732012734e-7
2.145456248464978e-7
2.109755262789645e-7
2.0767222901432094e-7
2.0383297671320792e-7
1.9736217829454652e-7
1.9034540051954595e-7
1.8304997509962897e-7
1.7568985570303876e-7
1.6844294549443993e-7
1.6145237788055544e-7
1.5270469227804633e-7
1.4473380841969362e-7
1.3758543232380228e-7
1.3125156527603774e-7
1.2442588825731182e-7
1.1870600708728922e-7
1.1391835921251615e-7
1.098389289685856e-7
1.0555182499403668e-7
1.022538229469898e-7
9.775843845750744e-8
9.381859915852246e-8
8.895347590371935e-8
8.299447850772433e-8
7.75721335200373e-8
7.068099242054999e-8
6.494904516591493e-8
5.921764949481894e-8
5.3971085395648135e-8
4.997563547603901e-8
1.4896807896592822e-5
5.861057351443341e-6
2.240198556715856e-6
5.043660042065397e-7
-3.944986891265496e-7
-8.655303450370714e-7
-1.0991517990196238e-6
-1.1951357802743667e-6
-1.2099206849350387e-6
-1.1769507475405975e-6
-1.1165807711820558e-6
-1.0413863103997665e-6
-9.592029318797888e-7
-8.749330933867909e-7
-7.916403995465647e-7
-7.112176522105078e-7
-6.347973148288499e-7
-5.630069473644764e-7
-4.96132251458081e-7
-4.3422535636228084e-7
-3.2478778889679995e-7
-2.7677652474428326e-7
-2.328436165150045e-7
-1.559718839989987e-7
-1.2243885912313436e-7
-6.38451021317563e-8
-1.503995835492414e-8
6.177949391604002e-9
4.306704518444094e-8
7.350861009473986e-8
9.850225923914174e-8
1.276327105944927e-7
1.4250895209207487e-7
1.5441578941195397e-7
1.6767108006420874e-7
1.7642807538279277e-7
1.816086451300302e-7
1.8398555033091433e-7
1.8422968845312351e-7
1.829075694579508e-7
1.7946537587065565e-7
1.7477051803180868e-7
1.6931367286884148e-7
1.6345984448743548e-7
1.5605939644810215e-7
1.4902009688786904e-7
1.426187681720177e-7
1.3691140279397446e-7
1.3089112313595244e-7
1.2648401997016642e-7
1.2113751184191982e-7
1.1715736339650581e-7
1.1288495736357355e-7
1.0806137043812538e-7
1.0370755342173515e-7
9.78928534339797e-8
9.24931502168118e-8
8.616771304260557e-8
7.914832476109396e-8
7.2658559472364e-8
2.041202602903888e-5
9.85675009314178e-6
5.411353340247173e-6
3.0898864959160107e-6
1.713715322761236e-6
8.656574623526468e-7
3.4723480557797614e-7
4.004340264904988e-8
-1.321566677300194e-7
-2.1780854126310796e-7
-2.4650923533103914e-7
-2.3588042686103335e-7
-1.96639672514217e-7
-1.359350468367659e-7
-5.9235740836618616e-8
2.8797436984109295e-8
1.2404824751247131e-7
2.2296527828926245e-7
3.226560262179021e-7
4.209438223509364e-7
6.079974363304071e-7
6.954876297116096e-7
7.787374231627058e-7
9.329769352518132e-7
1.0042886518003215e-6
1.1358013104456989e-6
1.2524975151179558e-6
1.3051648590086045e-6
1.3989469457276993e-6
1.4775376136834931e-6
1.54188133007549e-6
1.615125876093757e-6
1.650945450426165e-6
1.6780436489466101e-6
1.704418309191137e-6
1.715395479255873e-6
1.712510083360787e-6
1.697705017251495e-6
1.6734921621253555e-6
1.642501239627423e-6
1.594315479289206e-6
1.541135401601519e-6
1.484629074899116e-6
1.426181140254103e-6
1.3531862132549843e-6
1.2837779527615328e-6
1.2202913800790759e-6
1.1630747630874013e-6
1.1019091271388219e-6
1.0569462661586231e-6
1.003628246515931e-6
9.664153679842386e-7
9.302000691297258e-7
8.94012501692993e-7
8.648738168704992e-7
8.295059402833384e-7
7.974668484324138e-7
7.573663332324544e-7
7.080439352805337e-7
6.576244714304122e-7
3.751342435696486e-5
2.549476379881589e-5
2.0436295770177547e-5
1.7625479310764776e-5
1.569839310411677e-5
1.4348657725790799e-5
1.3426559429137376e-5
1.2794849791691588e-5
1.234030395265709e-5
1.1987923615179252e-5
1.1698190681128733e-5
1.145545763836671e-5
1.1255798523630975e-5
1.1098320993871902e-5
1.0980643368586208e-5
1.089762542255002e-5
1.0842008049626159e-5
1.0805793085120618e-5
1.0781584736768844e-5
1.0763500800917736e-5
1.0731572290542837e-5
1.0714834478374643e-5
1.0697550914734343e-5
1.06639186360321e-5
1.0648611969065425e-5
1.062095758121086e-5
1.0592922275662595e-5
1.0576394703775059e-5
1.0533730880973865e-5
1.0474389860424907e-5
1.0397206640596269e-5
1.0252828167689678e-5
1.0142450590897312e-5
1.0023842518503054e-5
9.832353860297049e-6
9.623273557972935e-6
9.394704078069666e-6
9.148020176416262e-6
8.88841670365052e-6
8.622655019756982e-6
8.268036224391145e-6
7.91845803219427e-6
7.574867317198049e-6
7.238423437157845e-6
6.834768873184525e-6
6.4607378365904915e-6
6.122975306056869e-6
5.820292444521425e-6
5.497341184272862e-6
5.2595732945414196e-6
4.975895974970461e-6
4.7761927606620716e-6
4.581555627829768e-6
4.3900857128505875e-6
4.240288629587569e-6
4.0652147350775275e-6
3.913254459967225e-6
3.728847192496429e-6
3.5048046435130727e-6
3.2739927864373928e-6
5.1301908496635576e-5
3.815935830106749e-5
3.2701895887643934e-5
2.9612932090598366e-5
2.737175275508965e-5
2.5735802607584963e-5
2.458414547620291e-5
2.376544966816653e-5
2.3141469406003963e-5
2.2619876854324306e-5
2.2155362344674122e-5
2.1734636959328173e-5
2.135940256976471e-5
2.1033997500693868e-5
2.0759072458076454e-5
2.0530042765985084e-5
2.0338335064033164e-5
2.017368434522752e-5
2.0026317433838866e-5
1.988844120508637e-5
1.9623080783832455e-5
1.9492445956043675e-5
1.936372146848343e-5
1.9117022720914326e-5
1.900097230500258e-5
1.8783741904250666e-5
1.857973046017393e-5
1.84789675056595e-5
1.8272580321719472e-5
1.805325265137705e-5
1.7818465715882784e-5
1.744295353199958e-5
1.7183378325628137e-5
1.692009670134956e-5
1.651919085982067e-5
1.6106695284215325e-5
1.5677247844512555e-5
1.5230811098907939e-5
1.4773484999812491e-5
1.4314010869655366e-5
1.3709893776567936e-5
1.3121173770434987e-5
1.25471175383712e-5
1.1987902312370762e-5
1.1318605187340682e-5
1.0697703724862869e-5
1.0134582275865751e-5
9.627031125894364e-6
9.082040796677369e-6
8.6782258086279e-6
8.19265825012439e-6
7.84791661362806e-6
7.510953706395786e-6
7.182511141813849e-6
6.930665967239109e-6
6.644958486922478e-6
6.4060052362051184e-6
6.124302377953735e-6
5.786550723385124e-6
5.437129290920171e-6
