0.0002017140972023797
0.00019735753532392904
0.00019565138976050545
0.00019491916073468806
0.00019426944541016863
0.00019329241960108065
0.00019178002011650792
0.00018963268735516228
0.0001868239052059355
0.00018337932079817403
0.000179360153460794
0.00017484944167338992
0.00016994122874486005
0.0001647326174863461
0.0001593183019874049
0.00015378703589391215
0.00014821950620402122
0.0001426871742256871
0.000137251760740088
0.00013196515670057987
0.0001219981764082555
0.0001173751617776896
0.00011301688637294691
0.00010512417889314352
0.00010158919836800753
9.530339685689134e-5
8.996932621478186e-5
8.761507462582908e-5
8.343271840794686e-5
7.981655333996236e-5
7.661213344165076e-5
7.228658061667287e-5
6.95717695755245e-5
6.690770640312255e-5
6.292317911113115e-5
5.89242365527351e-5
5.4956729761749836e-5
5.111357201990872e-5
4.749774597065706e-5
4.419451803901027e-5
4.036016483445107e-5
3.718748954508818e-5
3.459823879418949e-5
3.2460410007171786e-5
3.02087146221094e-5
2.821839976231931e-5
2.6358059924228022e-5
2.4583914377431615e-5
2.2589114658412878e-5
2.107865791879051e-5
1.9242325710513712e-5
1.7922503695604522e-5
1.6623376779200647e-5
1.5358308357657938e-5
1.4377849368717559e-5
1.3247023332554768e-5
1.2354194932772166e-5
1.1471668806328799e-5
1.0629637977783982e-5
9.909019580956137e-6
2.6599993004603516e-5
2.574740081469442e-5
2.7445109525121908e-5
2.996598695967035e-5
3.259597504621242e-5
3.505077991640676e-5
3.7202397276475355e-5
3.899336029484705e-5
4.040663358644359e-5
4.145071273956405e-5
4.214963829204027e-5
4.2535739992995975e-5
4.2644625328391845e-5
4.2512051167963274e-5
4.217222226634407e-5
4.165704359654031e-5
4.0995923833194626e-5
4.021583745967412e-5
3.9341463314824645e-5
3.839530667263813e-5
3.636720165555748e-5
3.531986896021113e-5
3.427000251911024e-5
3.220952324460717e-5
3.121752136773299e-5
2.9343253207018443e-5
2.764176510232978e-5
2.686097880661627e-5
2.5440823680584625e-5
2.4202509263860797e-5
2.313053500208975e-5
2.1787022240534176e-5
2.1031314310499593e-5
2.035756538930646e-5
1.944769223305974e-5
1.859700772060715e-5
1.7754600063977816e-5
1.689206103398705e-5
1.600202344155106e-5
1.5093603361002839e-5
1.388824517870198e-5
1.274114190901785e-5
1.1701732851695643e-5
1.0801226767961997e-5
9.882822955341312e-6
9.169781612981089e-6
8.608024441762983e-6
8.136017761064485e-6
7.61814139955968e-6
7.1943543024610575e-6
6.6034679952165436e-6
6.117952806901727e-6
5.607557094263261e-6
5.1218945497765535e-6
4.778542414224323e-6
4.416500487326367e-6
4.1363128026833135e-6
3.84434812076437e-6
3.5456031804879364e-6
3.2828785190271026e-6
-1.2715201955819485e-5
-1.2918180634421716e-5
-1.1379772993892859e-5
-9.534648838803526e-6
-7.807350286001777e-6
-6.310134746008247e-6
-5.051883190001332e-6
-4.008216290895661e-6
-3.146749979543116e-6
-2.436239103865755e-6
-1.8495429634987113e-6
-1.3641668175470567e-6
-9.61888017746955e-7
-6.280940898855268e-7
-3.5109335434144893e-7
-1.2149959278152437e-7
6.82782449445602e-8
2.2444123864363334e-7
3.5211314485828744e-7
4.5557695989935464e-7
6.038238965602494e-7
6.543453017382038e-7
6.923066402694577e-7
7.382319265453333e-7
7.494206622221856e-7
7.547911708182096e-7
7.442900378270749e-7
7.351373020041793e-7
7.1216497888793e-7
6.861199610321023e-7
6.597748101558502e-7
6.234956871718601e-7
6.028319303077034e-7
5.853647980417224e-7
5.648215004761255e-7
5.49723131158616e-7
5.38023640569702e-7
5.275979505551601e-7
5.166127985553482e-7
5.037388710629057e-7
4.824369340543918e-7
4.5631280703578826e-7
4.265615510922489e-7
3.952027774325028e-7
3.571068437961948e-7
3.235076587843188e-7
2.9633617202493856e-7
2.7576752178623514e-7
2.581228861441992e-7
2.471203601941408e-7
2.3374095506533602e-7
2.2184653287457408e-7
2.0640090721291126e-7
1.8763512101767468e-7
1.7209515512683076e-7
1.5551707668475524e-7
1.4440488702767727e-7
1.3480585259936543e-7
1.2571632011745148e-7
1.1694854369663196e-7
-2.8009757931825963e-6
-3.5590778195309716e-6
-3.0489434539410453e-6
-2.4102964606138946e-6
-1.882206546180507e-6
-1.4894818486841617e-6
-1.207468196562468e-6
-1.0061175516642587e-6
-8.608651009702036e-7
-7.539192097917474e-7
-6.730531307515436e-7
-6.100671514813356e-7
-5.595144476611623e-7
-5.177786945819031e-7
-4.824466681376198e-7
-4.5189472513756577e-7
-4.2501991916643816e-7
-4.010652974312059e-7
-3.795053948509667e-7
-3.5997008036142434e-7
-3.2597690069630745e-7
-3.1116846142023033e-7
-2.9764287341997207e-7
-2.740194518091948e-7
-2.637325148144667e-7
-2.4576875054349263e-7
-2.3073479570320678e-7
-2.2412251519838575e-7
-2.1235583387043446e-7
-2.0212296095926587e-7
-1.9300832044706616e-7
-1.807373262952825e-7
-1.731574257689763e-7
-1.6588196293537568e-7
-1.5536171314532905e-7
-1.4522462090791172e-7
-1.3550076248231128e-7
-1.262945841616227e-7
-1.1772600009062091e-7
-1.0988947542709348e-7
-1.006544533376065e-7
-9.277484396123932e-8
-8.610354209575257e-8
-8.042956253081333e-8
-7.440347145417468e-8
-6.921539286320706e-8
-6.45934197102314e-8
-6.037343722794597e-8
-5.573672997170856e-8
-5.2208805022984975e-8
-4.779219025281204e-8
-4.448832886156698e-8
-4.1149705501776815e-8
-3.790658116135011e-8
-3.546520377092377e-8
-3.273833484673968e-8
-3.0613062504497255e-8
-2.8489476842305703e-8
-2.6418064743844226e-8
-2.461892841495826e-8
-1.1692729294661109e-7
-9.949476671400842e-7
-8.33029889858512e-7
-5.783292804996301e-7
-3.8722936415088407e-7
-2.652775165561689e-7
-1.9227831599906197e-7
-1.4956778241920485e-7
-1.2440261604413665e-7
-1.0904692400293226e-7
-9.910107244420228e-8
-9.215970580027693e-8
-8.693130758141692e-8
-8.271807745771686e-8
-7.913078819776813e-8
-7.594177611371854e-8
-7.301264091818227e-8
-7.025917255837494e-8
-6.763325567855138e-8
-6.511185924561565e-8
-6.036857460597192e-8
-5.8159884688268045e-8
-5.6072478914051757e-8
-5.2287628559147815e-8
-5.0593357894888045e-8
-4.757919980521181e-8
-4.500209323828087e-8
-4.384933495926568e-8
-4.175944800465817e-8
-3.9893089992834976e-8
-3.819003397458128e-8
-3.585060558604359e-8
-3.4392538515211556e-8
-3.299182302151151e-8
-3.0968176666229946e-8
-2.901548854565689e-8
-2.7132581530525452e-8
-2.533816511672675e-8
-2.3659372579883914e-8
-2.2119775083141065e-8
-2.030291969920578e-8
-1.8748445076703584e-8
-1.7423392315899306e-8
-1.628527206578745e-8
-1.5064968306947097e-8
-1.40101896529728e-8
-1.3072059803429948e-8
-1.2217240555675188e-8
-1.1278343216487761e-8
-1.0564770439748384e-8
-9.675543172618146e-9
-9.01398221487397e-9
-8.345214941319619e-9
-7.690382771853774e-9
-7.193582823988021e-9
-6.63744282170519e-9
-6.203609974883601e-9
-5.769207535179601e-9
-5.346850125104152e-9
-4.983641503278729e-9
6.099849903393603e-9
-9.273974277171639e-7
-9.541729182663249e-7
-8.858140880211626e-7
-8.394391793891628e-7
-8.190530015696958e-7
-8.127043613079771e-7
-8.107034403928633e-7
-8.076186779299326e-7
-8.011222637625107e-7
-7.906678338593577e-7
-7.765712137294742e-7
-7.594785383520237e-7
-7.400980291001276e-7
-7.190853767257848e-7
-6.970080354669865e-7
-6.743442507663681e-7
-6.514935968763053e-7
-6.287885127866052e-7
-6.065032514674587e-7
-5.640327914430945e-7
-5.441512752825726e-7
-5.253035956271268e-7
-4.908793217156687e-7
-4.7530961295825447e-7
-4.4729134525075906e-7
-4.230284755243573e-7
-4.1211973786590877e-7
-3.923493423324158e-7
-3.7479527712955826e-7
-3.589028177460256e-7
-3.3719603973676636e-7
-3.2365541011576563e-7
-3.105922379617178e-7
-2.916192512457405e-7
-2.7326206814354586e-7
-2.555858088051308e-7
-2.387814584918799e-7
-2.230683069349508e-7
-2.086235327891886e-7
-1.9149097783820403e-7
-1.7676125828969367e-7
-1.641992407324075e-7
-1.534475071281487e-7
-1.4196834694827533e-7
-1.3205286466045857e-7
-1.2321340576087995e-7
-1.1515287548894912e-7
-1.0631829680457181e-7
-9.961379178431891e-8
-9.123777579788852e-8
-8.49775737844632e-8
-7.86446306456417e-8
-7.246950367202449e-8
-6.779444264287794e-8
-6.254286632011732e-8
-5.843809357217908e-8
-5.4343126057615326e-8
-5.0367660974277475e-8
-4.692926713469933e-8
3.855321504189362e-7
-4.0065891437504297e-7
-4.322250630045331e-7
-3.8868172582019944e-7
-3.5925225383351114e-7
-3.4693241860531604e-7
-3.4378340786047334e-7
-3.4364094645113e-7
-3.4320124876425726e-7
-3.4112105705766775e-7
-3.371171736315831e-7
-3.313807685964585e-7
-3.2425918467342997e-7
-3.161081662031797e-7
-3.0723755240327636e-7
-2.979014291324789e-7
-2.88305325013522e-7
-2.7861697422681035e-7
-2.6897520303484596e-7
-2.594956342520492e-7
-2.4138606490891255e-7
-2.3289123580692977e-7
-2.248303610657906e-7
-2.1009497243399867e-7
-2.0342773757052567e-7
-1.914297602415317e-7
-1.8104165596155753e-7
-1.7637164111416732e-7
-1.679085053203485e-7
-1.6039504801380806e-7
-1.5359520983018013e-7
-1.4431640404893795e-7
-1.3853575451572207e-7
-1.3296427338940702e-7
-1.2487781541800722e-7
-1.1705324208510969e-7
-1.0951204511864375e-7
-1.023333471760299e-7
-9.561176618254855e-8
-8.942566006130706e-8
-8.208112226905275e-8
-7.576158515974082e-8
-7.036951001872612e-8
-6.575418671636662e-8
-6.08295207941518e-8
-5.6581291298077636e-8
-5.27990825789093e-8
-4.935206393197802e-8
-4.55721838834618e-8
-4.270057585443813e-8
-3.9109334343963355e-8
-3.642373541015354e-8
-3.3706721773684664e-8
-3.1057759503059596e-8
-2.9052836793383905e-8
-2.6801701645581693e-8
-2.5042764628529998e-8
-2.328776733760127e-8
-2.1583066442128127e-8
-2.0108008600745544e-8
5.330204620304743e-7
-9.753279243613695e-8
-1.1775187045853145e-7
-8.05006095400832e-8
-5.4363630652494464e-8
-4.157749883164971e-8
-3.6520800318985913e-8
-3.491443639941153e-8
-3.4461815364034576e-8
-3.416624827054134e-8
-3.3705352655069106e-8
-3.3045578284379276e-8
-3.224431558285422e-8
-3.1365049009088745e-8
-3.045103114015273e-8
-2.952459292064905e-8
-2.859465960542787e-8
-2.766450358012586e-8
-2.673695562062958e-8
-2.58168090634437e-8
-2.4028423768194976e-8
-2.317730967154724e-8
-2.2365391015770044e-8
-2.0879784623931953e-8
-2.0210712961763582e-8
-1.9016109462017547e-8
-1.799139059994249e-8
-1.753226775761267e-8
-1.6699152291079592e-8
-1.5955043734711353e-8
-1.527684238994957e-8
-1.4347794363856116e-8
-1.3770519229629838e-8
-1.3216943560931734e-8
-1.2417818704575924e-8
-1.1645927959848518e-8
-1.0899669886745103e-8
-1.0186040496463671e-8
-9.51591778372928e-9
-8.899101426907295e-9
-8.16839069518469e-9
-7.541069726990664e-9
-7.0054372371883886e-9
-6.5455224441897456e-9
-6.053532818552439e-9
-5.629786771529108e-9
-5.254070901032442e-9
-4.91228382579697e-9
-4.536753246319289e-9
-4.2506903803718784e-9
-3.892880141691357e-9
-3.6257722784406245e-9
-3.3555539180881335e-9
-3.091451346428488e-9
-2.8914234676953655e-9
-2.667508544957216e-9
-2.4929234017526364e-9
-2.3184443396951997e-9
-2.1486741957899293e-9
-2.0017783532500588e-9
6.298265420204314e-7
1.6707680429176347e-7
1.7039649726030295e-7
2.1321391547216952e-7
2.445655531820974e-7
2.6314157198528026e-7
2.7321639434054573e-7
2.780441217045754e-7
2.7948935834562e-7
2.785408640893841e-7
2.75745978985317e-7
2.7146202287615685e-7
2.6597558480268264e-7
2.5954740481287277e-7
2.5242199641678364e-7
2.448241257985434e-7
2.369529441157571e-7
2.2897805469788398e-7
2.210384770374331e-7
2.132440378229507e-7
1.9840216939131473e-7
1.9145762426881928e-7
1.8487109696316505e-7
1.7281738159948337e-7
1.6734954655380088e-7
1.5747916388960957e-7
1.4890472490553963e-7
1.4504596532074876e-7
1.3805747880861038e-7
1.3186891843733864e-7
1.2628634266779574e-7
1.1869048060119412e-7
1.1396229274548549e-7
1.0940259243754188e-7
1.0277752501174682e-7
9.636212138650607e-8
9.017839139564683e-8
8.429102216005905e-8
7.877395058050644e-8
7.368809864518945e-8
6.763563220192278e-8
6.241689096145619e-8
5.796188305361326e-8
5.415268025077932e-8
5.009538704536024e-8
4.659965630411487e-8
4.3488256132809076e-8
4.0653045343160236e-8
3.7544962620783364e-8
3.5183132129386824e-8
3.222533496485733e-8
3.000947850466313e-8
2.776651083306241e-8
2.5582016686341985e-8
2.3930314306524694e-8
2.2075483377458246e-8
2.062575588740349e-8
1.9179745064059314e-8
1.7775000371995323e-8
1.6558331102521567e-8
1.2579880151248238e-6
1.0620647801399465e-6
1.1731510543325e-6
1.2895251586180243e-6
1.3778554166414352e-6
1.4393090809915307e-6
1.478750973247805e-6
1.5003098107254558e-6
1.507157564801216e-6
1.5018311551072272e-6
1.4864821147303732e-6
1.4630076391320193e-6
1.4331058166877222e-6
1.3982941634562472e-6
1.3599148432468413e-6
1.319137916626933e-6
1.2769669163280091e-6
1.2342475485909222e-6
1.1916789001015684e-6
1.149826172623203e-6
1.0699401990956314e-6
1.0324880996478906e-6
9.969396574186497e-7
9.318624930579316e-7
9.023507670523107e-7
8.491122399173999e-7
8.029006592781965e-7
7.821099494886446e-7
7.444527032170393e-7
7.110908878173325e-7
6.809828539002849e-7
6.400182465734007e-7
6.145361227971548e-7
5.899800470681619e-7
5.543243920391889e-7
5.198008256257388e-7
4.865057836338686e-7
4.5478116274161883e-7
4.250314085144326e-7
3.975950897031108e-7
3.649367178897756e-7
3.367725086289917e-7
3.1272475817113307e-7
2.9215909295344033e-7
2.7025643463817714e-7
2.5139659630195483e-7
2.3462151762916807e-7
2.193389194106995e-7
2.0258039911395772e-7
1.8984002817650825e-7
1.738807068113473e-7
1.6192301654192789e-7
1.4981632998690866e-7
1.3802287738396133e-7
1.2910801644109272e-7
1.1910198155788961e-7
1.1128152138781434e-7
1.0347706534089739e-7
9.589363827431203e-8
8.932790061845246e-8
2.6541821885241565e-5
2.5726253239096502e-5
2.743795351357692e-5
2.9964253989185122e-5
3.2596271846032004e-5
3.505172477926412e-5
3.720343600278034e-5
3.8994287978990094e-5
4.040739210735786e-5
4.145130297098363e-5
4.2150081998374705e-5
4.2536063708346094e-5
4.264485400293706e-5
4.2512206088699426e-5
4.2172320767749665e-5
4.165709944772894e-5
4.099594781707048e-5
4.021583794662601e-5
3.9341446761787316e-5
3.8395278033132894e-5
3.6367159260477235e-5
3.5319823266561136e-5
3.4269955122627934e-5
3.220947562166403e-5
3.1217474643868835e-5
2.934320934948543e-5
2.764172477021469e-5
2.68609403044889e-5
2.5440788772765972e-5
2.420247771934298e-5
2.3130506502477608e-5
2.1786997654178865e-5
2.1031291910267387e-5
2.0357544873968927e-5
1.944767408078138e-5
1.859699152188112e-5
1.7754585552532446e-5
1.6892048038618517e-5
1.600201183690074e-5
1.5093593034694627e-5
1.3888236382519571e-5
1.2741134448698674e-5
1.1701726548995826e-5
1.0801221457818347e-5
9.882818655967623e-6
9.169778069714514e-6
8.608021433198084e-6
8.136015136189712e-6
7.618139137320059e-6
7.19435230673895e-6
6.603466325517438e-6
6.117951366091392e-6
5.607555880108143e-6
5.121893570900574e-6
4.778541607264082e-6
4.41649981945039e-6
4.136312208023636e-6
3.844347618300895e-6
3.5456027885369557e-6
3.2828781793446087e-6
0.00012065411916412726
0.00011488693487853868
0.00011191587761776338
0.00011018449663787213
0.00010908241617431971
0.00010834197262841364
0.00010777997329355064
0.00010725471231314399
0.00010666444134958038
0.00010594480281112094
0.00010506138583842232
0.00010400074400039088
0.0001027625791178598
0.00010135414619001794
9.978682046034412e-5
9.807428057862335e-5
9.623168210281361e-5
9.427531204957569e-5
9.222238958960981e-5
9.009083774576652e-5
8.566508759701223e-5
8.340708003865261e-5
8.114199803824585e-5
7.665269104692573e-5
7.445575287911679e-5
7.021312432162126e-5
6.622736150703468e-5
6.434580230934915e-5
6.082367583485348e-5
5.7634378018868856e-5
5.4778874081747015e-5
5.109430669897616e-5
4.900363596099569e-5
4.7169681353370014e-5
4.482103057321395e-5
4.284101217753177e-5
4.1106035158197956e-5
3.9508588533866405e-5
3.796465360602628e-5
3.641680101759114e-5
3.429643026409616e-5
3.210510597178963e-5
2.9885719380259415e-5
2.7711589375617093e-5
2.517831183980399e-5
2.2963391595078213e-5
2.1125740656841243e-5
1.965495639949185e-5
1.828457964533854e-5
1.7367881754945966e-5
1.6257398298909747e-5
1.5352420107156163e-5
1.4285185457434431e-5
1.306676285478615e-5
1.2066984377887762e-5
1.0961146362890072e-5
1.0170212379897893e-5
9.453616703826914e-6
8.786219975937809e-6
8.183905474040288e-6
2.4009301050035917e-5
2.036364813002078e-5
1.945399426712083e-5
1.966575566751278e-5
2.0384786833743434e-5
2.134233746750605e-5
2.238495317534341e-5
2.3414367131796504e-5
2.43692463610114e-5
2.5215204798859117e-5
2.5936548373898615e-5
2.6529399270620977e-5
2.6996562799081424e-5
2.7344144953587945e-5
2.7579605947621403e-5
2.7710815959850445e-5
2.7745708346931867e-5
2.7692222820301047e-5
2.755834065815961e-5
2.735210684962158e-5
2.6754850414011927e-5
2.637972575526603e-5
2.596380798339219e-5
2.5037850934670397e-5
2.454067915861953e-5
2.350597148899535e-5
2.2448432978500644e-5
2.1920844474996035e-5
2.088367089054717e-5
1.9886981888645303e-5
1.8945971383487416e-5
1.7660596280071828e-5
1.6895403752348574e-5
1.6204873530559016e-5
1.53033191831212e-5
1.4546999464568658e-5
1.3912088079640498e-5
1.3371958707373716e-5
1.29000255692752e-5
1.2471593667189936e-5
1.1931423872055747e-5
1.139180609040908e-5
1.0829795328122836e-5
1.023900207000264e-5
9.472654090669182e-6
8.707659680897307e-6
7.983756690822231e-6
7.334040214241409e-6
6.6792235442568714e-6
6.241988600452937e-6
5.774252936411243e-6
5.469713674215563e-6
5.17155527919741e-6
4.846256292201242e-6
4.54920179788623e-6
4.1550774274957165e-6
3.8191397760944025e-6
3.488417240693919e-6
3.197233281691765e-6
2.9760438765913623e-6
-5.656193008521866e-6
-8.079978980566174e-6
-8.17886669595779e-6
-7.507151590753252e-6
-6.5952958252893225e-6
-5.652610340549583e-6
-4.764903670386885e-6
-3.964434263030034e-6
-3.2588889427274477e-6
-2.6447212141471342e-6
-2.113678533961623e-6
-1.6560600804416366e-6
-1.262301470784046e-6
-9.236769096816517e-7
-6.325375099708372e-7
-3.823162754799196e-7
-1.6742769790018087e-7
1.686859952408706e-8
1.746047605131928e-7
3.0922631899500786e-7
5.205632763409003e-7
6.020535549594741e-7
6.700956441532448e-7
7.723690375100458e-7
8.093695474130726e-7
8.608043866865537e-7
8.882607994884542e-7
8.949084396287708e-7
8.971615018691354e-7
8.881156036313597e-7
8.711684844212697e-7
8.367233568423148e-7
8.106948886783846e-7
7.839635966793412e-7
7.44785429814213e-7
7.086638674266181e-7
6.767641408200457e-7
6.49448362072096e-7
6.265271145460195e-7
6.074334276289371e-7
5.865041127325923e-7
5.686902996707296e-7
5.518133337910973e-7
5.341204525843998e-7
5.092407899746254e-7
4.807592395955893e-7
4.494005903122927e-7
4.167439676103278e-7
3.7850634431317444e-7
3.4945242148487325e-7
3.1537456973423034e-7
2.9295920368081376e-7
2.737898161580351e-7
2.580846315997087e-7
2.4672680037176623e-7
2.319738006303333e-7
2.1730965998398792e-7
1.9949681641279994e-7
1.8032138853914917e-7
1.6421314180971238e-7
-5.2124833845027876e-8
-2.2800342010684276e-6
-2.5203260508831797e-6
-2.2385981628552694e-6
-1.8525286289540345e-6
-1.4908082990075394e-6
-1.1878005312141473e-6
-9.455727564992469e-7
-7.559832276444045e-7
-6.088369973589656e-7
-4.947647875585222e-7
-4.06038515851734e-7
-3.3659953785301834e-7
-2.81821509867599e-7
-2.382189578766183e-7
-2.0318078346149987e-7
-1.747521149066788e-7
-1.5146533806813355e-7
-1.3221317652173317e-7
-1.1615497164570073e-7
-9.119757619591207e-8
-8.141980380682381e-8
-7.301502820692915e-8
-5.94304358053396e-8
-5.3914661562981326e-8
-4.482913713301116e-8
-3.777178464663315e-8
-3.484360916458435e-8
-2.9952028957218624e-8
-2.610660839329638e-8
-2.3081315927151323e-8
-1.970908854109447e-8
-1.8047213047289235e-8
-1.6734957392934634e-8
-1.5249300273408573e-8
-1.4158389740204146e-8
-1.3305765017994371e-8
-1.2580006146403037e-8
-1.1906466442251157e-8
-1.124037637905965e-8
-1.0329525179056467e-8
-9.39045156408957e-9
-8.449560211829584e-9
-7.546743285847867e-9
-6.5317099887941855e-9
-5.694432319514961e-9
-5.057289261666481e-9
-4.608508891374673e-9
-4.266289875820828e-9
-4.088172500547666e-9
-3.910335330686394e-9
-3.761528649982712e-9
-3.5493595655715064e-9
-3.249551584378911e-9
-2.962099917084767e-9
-2.611218732414326e-9
-2.3545204362784294e-9
-2.1436741751288656e-9
-1.9922137340653044e-9
-1.8926648597318418e-9
1.4246941351863895e-6
-7.028568327425957e-7
-1.044432419696605e-6
-9.799758273999715e-7
-8.472199123758233e-7
-7.31410857122267e-7
-6.473000717562846e-7
-5.906235524060926e-7
-5.536615966663579e-7
-5.296536347325743e-7
-5.136501571037777e-7
-5.023099722857586e-7
-4.934809827559704e-7
-4.858223366128725e-7
-4.785243217657947e-7
-4.711179897484524e-7
-4.633514329052031e-7
-4.551109681894953e-7
-4.4637095026047274e-7
-4.3716129754346383e-7
-4.176078302572992e-7
-4.074390082349897e-7
-3.9713293630670694e-7
-3.7646269166081645e-7
-3.6625663603231454e-7
-3.4642794316709473e-7
-3.2769799619365745e-7
-3.188316813542893e-7
-3.0220133289074314e-7
-2.8710588073872244e-7
-2.7355122055811455e-7
-2.559625335267406e-7
-2.4589076578762254e-7
-2.3696030664974796e-7
-2.2531867502412789e-7
-2.1524835971533134e-7
-2.0620039764293463e-7
-1.9772660856248175e-7
-1.8950253275402534e-7
-1.813284546666303e-7
-1.7036765737491542e-7
-1.5937451391328317e-7
-1.4855292917077675e-7
-1.3818327203605636e-7
-1.2626326857490298e-7
-1.158326597132721e-7
-1.0700899244305321e-7
-9.968044259480891e-8
-9.248637507490008e-8
-8.74521170922845e-8
-8.129679520399072e-8
-7.647438941678264e-8
-7.113266464306834e-8
-6.536231334722462e-8
-6.070999035290288e-8
-5.5437005472530605e-8
-5.145591108452454e-8
-4.7669036654984154e-8
-4.4107877695373145e-8
-4.101451645657532e-8
1.8654365919225112e-6
-1.0101733335722359e-7
-4.199653622419039e-7
-4.043224758361202e-7
-3.386730400618829e-7
-2.851643219913052e-7
-2.511312534908438e-7
-2.3183462859616088e-7
-2.2166108172194362e-7
-2.1652726689398872e-7
-2.1390295288950325e-7
-2.1234792973803727e-7
-2.110855191328463e-7
-2.0971270909283915e-7
-2.0802853325616962e-7
-2.059410751093134e-7
-2.0341994561080543e-7
-2.0047233619036668e-7
-1.9713007499516953e-7
-1.934413344918159e-7
-1.8526161347592606e-7
-1.8089636621573803e-7
-1.7642825992827046e-7
-1.6739330349051298e-7
-1.6291369572487187e-7
-1.5419485581382686e-7
-1.4594422016335502e-7
-1.4203190017343682e-7
-1.3467722634004242e-7
-1.279785494376681e-7
-1.2194412714304587e-7
-1.1409265338052276e-7
-1.0959236746446602e-7
-1.0560391252477128e-7
-1.0041139018487947e-7
-9.592653754285636e-8
-9.190080355512288e-8
-8.813350230903707e-8
-8.44815124428916e-8
-8.08571054684453e-8
-7.60034116844875e-8
-7.113565408337022e-8
-6.633623516113288e-8
-6.172566529714056e-8
-5.6410549332439044e-8
-5.174779727459385e-8
-4.779652106927801e-8
-4.451104481206991e-8
-4.128496615144343e-8
-3.903047715256739e-8
-3.628301442592081e-8
-3.4138047534748175e-8
-3.176477218112734e-8
-2.919739632199658e-8
-2.7122423029527968e-8
-2.4765352107853354e-8
-2.2982854770001625e-8
-2.128669425555347e-8
-1.9693858108317473e-8
-1.8313087647112993e-8
1.955912453794931e-6
1.3093471433588938e-7
-1.4942756062101245e-7
-1.4392339940307413e-7
-9.934119363656784e-8
-6.451493284422113e-8
-4.371929444997033e-8
-3.269819809057216e-8
-2.7219883855793472e-8
-2.4543147370587764e-8
-2.317642843038215e-8
-2.2398161352907795e-8
-2.188989182345237e-8
-2.1517043991006245e-8
-2.121738476290704e-8
-2.0953122924481592e-8
-2.069508150306561e-8
-2.042016155527426e-8
-2.0112493394480336e-8
-1.9764255425547896e-8
-1.895042240697456e-8
-1.8499133618475253e-8
-1.8031476031303526e-8
-1.708495289942808e-8
-1.6620715358297245e-8
-1.5731497552979808e-8
-1.4903896026255747e-8
-1.4513268514007162e-8
-1.3776131075190465e-8
-1.3096442207139709e-8
-1.2475482064635452e-8
-1.1659531025890193e-8
-1.1192676740355309e-8
-1.0782603920954398e-8
-1.0255500977271974e-8
-9.803537132061968e-9
-9.395524093695296e-9
-9.009616341974404e-9
-8.63355926609212e-9
-8.261524277037472e-9
-7.767575871071415e-9
-7.275144215943925e-9
-6.7885222067206815e-9
-6.317892522543107e-9
-5.772286005005636e-9
-5.29361559665749e-9
-4.889445865769259e-9
-4.553787912730338e-9
-4.222955993485723e-9
-3.990959095526681e-9
-3.7092687590045917e-9
-3.4909850951304566e-9
-3.2497092227070927e-9
-2.9872820984342347e-9
-2.77459403577299e-9
-2.5335186738409745e-9
-2.3513011730582947e-9
-2.1772850651621413e-9
-2.013830175651714e-9
-1.8727948702786723e-9
1.9731482994330077e-6
2.8050254891681494e-7
4.416119340283093e-8
5.569377812730465e-8
9.691097960852426e-8
1.2860797572507452e-7
1.4858469820216984e-7
1.6069576292837215e-7
1.6824111261855096e-7
1.7315201475572924e-7
1.7638191695059616e-7
1.7836062811274336e-7
1.7929100201156718e-7
1.7930121647813765e-7
1.7850633494278424e-7
1.7702367018735215e-7
1.7496970159874134e-7
1.7245294166695934e-7
1.6956871689853682e-7
1.663972901019044e-7
1.594453653901347e-7
1.5576466204942523e-7
1.520018884627697e-7
1.4436722480217586e-7
1.4055689104288497e-7
1.330857630262015e-7
1.2596266470670304e-7
1.2257535426076225e-7
1.1620672835270315e-7
1.1041817393586618e-7
1.0521803428650164e-7
9.846182642319851e-8
9.458283361631763e-8
9.113444290185552e-8
8.662954954423334e-8
8.273637727094857e-8
7.925649998860373e-8
7.601983049340717e-8
7.289538604153547e-8
6.979718119548059e-8
6.564066859891557e-8
6.146191402415038e-8
5.73366113880537e-8
5.337092803497247e-8
4.879166220611346e-8
4.476016736050366e-8
4.1330239145750865e-8
3.847243638002369e-8
3.566998508567478e-8
3.37183342912763e-8
3.134733752702558e-8
2.9499520675502468e-8
2.745726990747067e-8
2.524851753355384e-8
2.3459439198011044e-8
2.1418953442045663e-8
1.987204426197415e-8
1.840152934445815e-8
1.7023444734615928e-8
1.5829907759124225e-8
2.286589305154734e-6
7.709638355746086e-7
6.197941125816722e-7
6.808093696914291e-7
7.595667069570751e-7
8.236824009787845e-7
8.721239700113758e-7
9.08481290028731e-7
9.357154413439389e-7
9.556684119677854e-7
9.69444166600282e-7
9.777760220589076e-7
9.812438687197956e-7
9.803738785032973e-7
9.756718206849133e-7
9.676265281533919e-7
9.567038760923293e-7
9.433404984817447e-7
9.279402167232542e-7
9.108732381031922e-7
8.730589137008719e-7
8.528965035201083e-7
8.322408814018571e-7
7.903255617083287e-7
7.694423877060042e-7
7.285912360810458e-7
6.897271251998732e-7
6.712528201505241e-7
6.364898169543043e-7
6.048267368176611e-7
5.76316398262735e-7
5.392117953944445e-7
5.179103449510456e-7
4.989966396333471e-7
4.7433376691546653e-7
4.5304726176755533e-7
4.3401518170298685e-7
4.1629764824405527e-7
3.991909293770615e-7
3.822413150175266e-7
3.5953200082787554e-7
3.36716373108755e-7
3.141771360777502e-7
2.924791602815264e-7
2.6738890985179266e-7
2.452845249062901e-7
2.2647677748950652e-7
2.1080321035702638e-7
1.9542561218596946e-7
1.8471662150476464e-7
1.7172439934167575e-7
1.616176291926009e-7
1.504517993441636e-7
1.3836269715180301e-7
1.2856093593587742e-7
1.1737858593502133e-7
1.0889781244525753e-7
1.0083017685989619e-7
9.327168237084074e-8
8.673525224839977e-8
-1.2775814627826564e-5
-1.2923522412989537e-5
-1.1371631793040017e-5
-9.524949782554673e-6
-7.799191449557702e-6
-6.303950673994988e-6
-5.0473827413450525e-6
-4.00499239543062e-6
-3.1444513513841595e-6
-2.4345999306924875e-6
-1.848371756978763e-6
-1.3633279508593426e-6
-9.612856950237632e-7
-6.276604821007622e-7
-3.507803000732188e-7
-1.2127286450114219e-7
6.844294091749035e-8
2.2456110349746824e-7
3.5220033775517037e-7
4.556400882114541e-7
6.038555956916514e-7
6.543667669969248e-7
6.923203347914638e-7
7.382353721571777e-7
7.494209076653248e-7
7.54787591481138e-7
7.44284838778066e-7
7.351317680246651e-7
7.121592473863651e-7
6.861142901757116e-7
6.597692560267323e-7
6.234903695664672e-7
6.028268637609405e-7
5.85360076456043e-7
5.648174116661065e-7
5.497196658171022e-7
5.380206599973586e-7
5.275952927288658e-7
5.166103625553379e-7
5.037366350453514e-7
4.824350012947226e-7
4.5631119854530874e-7
4.265602155748997e-7
3.9520162803364295e-7
3.5710584483000246e-7
3.2350679895165644e-7
2.96335468100275e-7
2.7576695744457473e-7
2.5812242478597526e-7
2.4711994147035766e-7
2.3374058834106612e-7
2.2184622482794589e-7
2.0640066029409022e-7
1.876349107769264e-7
1.7209496624672303e-7
1.5551692629223584e-7
1.4440476835046944e-7
1.3480575146733488e-7
1.2571623150609396e-7
1.1694847063893939e-7
2.3951163473771173e-5
2.033591204515018e-5
1.9440486219717304e-5
1.9659254032763123e-5
2.0381823601397775e-5
2.1341164330036457e-5
2.2384666459875613e-5
2.3414496026075127e-5
2.4369547068590197e-5
2.521555373890393e-5
2.5936885618014938e-5
2.6529698316457956e-5
2.699681440187577e-5
2.7344348514411006e-5
2.757976496080905e-5
2.771093562892825e-5
2.774579435078266e-5
2.7692280686548465e-5
2.7558375457870153e-5
2.7352123064459277e-5
2.6754840411218632e-5
2.6379706944107193e-5
2.5963782541608507e-5
2.5037817112798025e-5
2.454064293383513e-5
2.3505932852020452e-5
2.244839408908542e-5
2.1920806003311894e-5
2.08836339894402e-5
1.9886947200317782e-5
1.894593923554322e-5
1.7660568048320117e-5
1.689537797201317e-5
1.6204849975426688e-5
1.5303298502794767e-5
1.4546981167945777e-5
1.391207179077713e-5
1.3371944136904738e-5
1.2900012468224702e-5
1.2471581804788059e-5
1.1931413349062906e-5
1.1391796654647725e-5
1.082978685501041e-5
1.0238994515340437e-5
9.472647632946657e-6
8.707654205100045e-6
7.98375204471348e-6
7.334036269291492e-6
6.67922032429127e-6
6.241985891630979e-6
5.774250756928592e-6
5.469711776510304e-6
5.171553601942604e-6
4.846254849446799e-6
4.549200553997649e-6
4.155076371001301e-6
3.819138845991775e-6
3.4884164837476126e-6
3.1972327146458363e-6
2.9760433814888237e-6
8.557909450458409e-5
7.942699271847425e-5
7.623213819748443e-5
7.422024665610632e-5
7.279422469561649e-5
7.179942571692757e-5
7.112068020649715e-5
7.063913289262097e-5
7.025389299350882e-5
6.989452435296215e-5
6.951929163290731e-5
6.910681908207793e-5
6.86473103562663e-5
6.813612830622665e-5
6.757022130249318e-5
6.694678623412249e-5
6.626326891245387e-5
6.551792040624509e-5
6.471038650360441e-5
6.384206323604229e-5
6.19374004616941e-5
6.091179442323103e-5
5.984602195747492e-5
5.762189649046782e-5
5.647709416939131e-5
5.4152694184762203e-5
5.1816834710126105e-5
5.065597289457062e-5
4.836797360349212e-5
4.6147961242678876e-5
4.4020293930638254e-5
4.1044959583173096e-5
3.9225937922066956e-5
3.754756261131772e-5
3.529603297864913e-5
3.3351043528232356e-5
3.168527643650839e-5
3.026376895119698e-5
2.904816566190037e-5
2.7998570035590997e-5
2.678760302916204e-5
2.570790715327325e-5
2.4679948599303798e-5
2.364585782658114e-5
2.2298455291477495e-5
2.088297849075407e-5
1.9429723909253732e-5
1.7989992432437618e-5
1.6359868365942694e-5
1.5140958170401663e-5
1.3710339430978527e-5
1.2750858905242554e-5
1.1897811860328584e-5
1.1161270633369041e-5
1.0618800807631386e-5
9.943624150573169e-6
9.3112014886057e-6
8.568446733344563e-6
7.774951302527907e-6
7.0980822323804895e-6
2.4525137703597213e-5
1.95943073881149e-5
1.7569238549845405e-5
1.674756217655836e-5
1.652433551018209e-5
1.66508701074718e-5
1.6984909345564847e-5
1.7429783232482396e-5
1.7919209161981425e-5
1.8410221383897727e-5
1.887694343876258e-5
1.93049338196435e-5
1.968670869148641e-5
2.0018663929911527e-5
2.0299234436241904e-5
2.052795463726308e-5
2.070507307871814e-5
2.08314448794751e-5
2.09085191610567e-5
2.0938322056117345e-5
2.0866700411068096e-5
2.0771472212633404e-5
2.0641098685820604e-5
2.0288484331975323e-5
2.00727772792185e-5
1.9577641960988473e-5
1.901547344580591e-5
1.8715336878313754e-5
1.8087896893221683e-5
1.7437472754052145e-5
1.6778455693157658e-5
1.5800817244370285e-5
1.5170973135835108e-5
1.4567551172505494e-5
1.3722975565304326e-5
1.2959631337932243e-5
1.2280950612524366e-5
1.1685533686389614e-5
1.1168530696750988e-5
1.0722433891629352e-5
1.022116238241365e-5
9.802553311714338e-6
9.439484018069945e-6
9.107210195461442e-6
8.705025101094953e-6
8.292844408207456e-6
7.857235720506355e-6
7.3972571270529365e-6
6.826871005953984e-6
6.355590074546939e-6
5.738255918006055e-6
5.274857899971305e-6
4.8280090974674746e-6
4.439300204176407e-6
4.187451175308554e-6
3.940944201218353e-6
3.7508369688660205e-6
3.5307299235454373e-6
3.263475903970684e-6
2.987744226226469e-6
-3.0428002927903856e-7
-4.23431872496605e-6
-5.395081108788572e-6
-5.530931201317416e-6
-5.2339391719859005e-6
-4.749970242754215e-6
-4.197110350876302e-6
-3.6364242120958627e-6
-3.0995296401018215e-6
-2.6015570177835614e-6
-2.148233670855989e-6
-1.7400918571869839e-6
-1.375014992180741e-6
-1.0497358205305946e-6
-7.606631743996974e-7
-5.042921555704882e-7
-2.7737225384106356e-7
-7.694847818509804e-8
9.96536430114498e-8
2.548597446830505e-7
5.097121843769202e-7
6.131922204388995e-7
7.029661000146122e-7
8.471624977138006e-7
9.040794580449251e-7
9.927458374005112e-7
1.0534383790667754e-6
1.0750496153662867e-6
1.1037181886507566e-6
1.1163004861046912e-6
1.116260557933642e-6
1.0988940936758137e-6
1.0792769118128155e-6
1.0554660888909382e-6
1.0150399289801275e-6
9.72138269898437e-7
9.292938628542722e-7
8.882575952477826e-7
8.502158794124876e-7
8.158755208097971e-7
7.762492642139558e-7
7.432562372026117e-7
7.157641956549833e-7
6.923543228848503e-7
6.667300770066871e-7
6.429384326951032e-7
6.189917813268751e-7
5.934202065012721e-7
5.596358807075342e-7
5.291577862277491e-7
4.848483996046061e-7
4.476067748204663e-7
4.0756901605200287e-7
3.686731569738221e-7
3.416855770212106e-7
3.161821472151899e-7
2.9992056262560305e-7
2.8510187041766537e-7
2.691922444096239e-7
2.519154639498284e-7
2.4458316590051226e-6
-1.1261998445228575e-6
-2.1114356603870936e-6
-2.2673488584939594e-6
-2.131959753491414e-6
-1.9051734737052022e-6
-1.6665488647130584e-6
-1.4469089350519828e-6
-1.2561544031157267e-6
-1.0951845445680294e-6
-9.612792649640613e-7
-8.505635301369588e-7
-7.591064121843456e-7
-6.833685615395266e-7
-6.203413004851066e-7
-5.675460669622346e-7
-5.229772495249819e-7
-4.850283454013419e-7
-4.5241954273712714e-7
-4.2413390460265685e-7
-3.774689381460713e-7
-3.5793921632575564e-7
-3.4036990517592906e-7
-3.0988874290759963e-7
-2.965152288064116e-7
-2.726752539938722e-7
-2.519606834968081e-7
-2.425713263674057e-7
-2.2544393627157803e-7
-2.1024552953517786e-7
-1.9673114828507812e-7
-1.7922366009238964e-7
-1.6918640819623426e-7
-1.603139573728815e-7
-1.489474122530123e-7
-1.3959762255626968e-7
-1.3192613047783832e-7
-1.2561014662252948e-7
-1.2034698878720547e-7
-1.158601232475573e-7
-1.1066778290791415e-7
-1.059489412993911e-7
-1.0135640156324874e-7
-9.667443983850801e-8
-9.056378411200767e-8
-8.420808992887021e-8
-7.780175554186783e-8
-7.160794953527871e-8
-6.480811082381594e-8
-5.988006460218067e-8
-5.425777467846656e-8
-5.056287888580325e-8
-4.72906001348358e-8
-4.441522119950912e-8
-4.222798490516633e-8
-3.944552022190139e-8
-3.6856717995511744e-8
-3.3887132391214396e-8
-3.076791955184704e-8
-2.8087444979257e-8
3.7009580993096104e-6
3.596334895207394e-7
-5.162208717472806e-7
-6.893521629722573e-7
-6.482934117720123e-7
-5.528727807392208e-7
-4.5688234442188327e-7
-3.763604818643101e-7
-3.136875545351339e-7
-2.666902159014443e-7
-2.321213430719149e-7
-2.0691696294949738e-7
-1.8856574981024595e-7
-1.7513833157585469e-7
-1.6520278123344927e-7
-1.5771719095614629e-7
-1.5193245717380746e-7
-1.473143092612121e-7
-1.434842676062806e-7
-1.4017622756370744e-7
-1.344434076641669e-7
-1.3180615253401126e-7
-1.2923756052802962e-7
-1.2418274631156008e-7
-1.216669114251939e-7
-1.1664122259703447e-7
-1.1164582086510064e-7
-1.0917419620211885e-7
-1.0431730546430807e-7
-9.961985982654282e-8
-9.51292470291936e-8
-8.886260384072677e-8
-8.503515192782471e-8
-8.150404789705043e-8
-7.676609659980864e-8
-7.267159261743722e-8
-6.916138084323794e-8
-6.615630789092716e-8
-6.35672905472247e-8
-6.130270208383018e-8
-5.86356534222681e-8
-5.6200948512358085e-8
-5.385029550332419e-8
-5.148498208172261e-8
-4.844007730160305e-8
-4.530440493143666e-8
-4.215219995594566e-8
-3.908946694428961e-8
-3.567978829879653e-8
-3.315396542422993e-8
-3.0178455958876134e-8
-2.8136262159900652e-8
-2.624149924845169e-8
-2.4511038999979257e-8
-2.3197896319886675e-8
-2.1602127684583676e-8
-2.0196376654630047e-8
-1.8638708251593116e-8
-1.7025197428878935e-8
-1.5628263712955808e-8
3.871413438569971e-6
7.100705801172667e-7
-6.997393723153287e-8
-2.3084804200959328e-7
-2.212105092721584e-7
-1.7360250964987498e-7
-1.2706423428715993e-7
-9.088643577865818e-8
-6.516083853785801e-8
-4.765774574868566e-8
-3.60349344047664e-8
-2.8423883954275758e-8
-2.347853446781911e-8
-2.0275301057198634e-8
-1.819647006314005e-8
-1.683481035862118e-8
-1.5924451213328612e-8
-1.5293422699184335e-8
-1.4831811750235102e-8
-1.4470525780106879e-8
-1.389615236937756e-8
-1.36430309855697e-8
-1.3399537753312053e-8
-1.2925548644519752e-8
-1.2691140228168103e-8
-1.2222487460414382e-8
-1.1750499249039455e-8
-1.1512780196851673e-8
-1.1035311550711862e-8
-1.0560065066428715e-8
-1.0095297992885553e-8
-9.436710045068324e-9
-9.033016163586145e-9
-8.661633184010553e-9
-8.165477098096977e-9
-7.736835050735492e-9
-7.366788115037202e-9
-7.046782453280882e-9
-6.769213011958207e-9
-6.526515576310606e-9
-6.2428274499462635e-9
-5.9859761948555575e-9
-5.738116708460826e-9
-5.487583598124273e-9
-5.164090081352512e-9
-4.83150076263624e-9
-4.498001080720734e-9
-4.173670978219347e-9
-3.8108635327490785e-9
-3.5407502219821414e-9
-3.2218772916425786e-9
-3.0031523509642252e-9
-2.800201460576691e-9
-2.6145933470312856e-9
-2.4741358556779483e-9
-2.304647845208407e-9
-2.1557579200352154e-9
-1.9902437687041417e-9
-1.8181867090560998e-9
-1.6689594888482804e-9
3.8214288248660504e-6
8.12447384728044e-7
1.1871629301001364e-7
-1.7954612841119903e-8
-1.3369473100024049e-8
1.9174253422807042e-8
4.97470901285415e-8
7.261987167706396e-8
8.854595788169262e-8
9.942680382489951e-8
1.0688592262577193e-7
1.1204652065756812e-7
1.156268942639425e-7
1.1807654300683134e-7
1.1968123169230088e-7
1.2063022847529522e-7
1.2105545037917518e-7
1.210531964438265e-7
1.2069620080406614e-7
1.2004069634622137e-7
1.1800280210918814e-7
1.1668569121920827e-7
1.1520505111107036e-7
1.1184164818443408e-7
1.0999903079111717e-7
1.0608408208277323e-7
1.0197433720375088e-7
9.988421365283951e-8
9.569851998373208e-8
9.157745341832334e-8
8.759006615609285e-8
8.196750968689929e-8
7.850580506812091e-8
7.529540392288515e-8
7.096446663981834e-8
6.720286644723684e-8
6.39672384618315e-8
6.119179506658885e-8
5.879819030827421e-8
5.670383264966459e-8
5.423876005890191e-8
5.1993542471568436e-8
4.983341939005548e-8
4.766680044732779e-8
4.4882216727150105e-8
4.2012289749965005e-8
3.9119754674655214e-8
3.630007699099112e-8
3.314883433211766e-8
3.0804840135648944e-8
2.803101401759809e-8
2.611942544827133e-8
2.4343712498909063e-8
2.2727910343299364e-8
2.1510549698870833e-8
2.0040579782378623e-8
1.8748753292742986e-8
1.7314609376701053e-8
1.58214905130555e-8
1.4520954962983797e-8
3.9545318087677144e-6
1.090360059311372e-6
4.932849537053773e-7
4.045798516717957e-7
4.3397613435899605e-7
4.826702005408889e-7
5.269139940204556e-7
5.629169535012572e-7
5.915867351462423e-7
6.14419913154516e-7
6.325984614245998e-7
6.469386620771643e-7
6.580042656187163e-7
6.662073934423554e-7
6.718708227691413e-7
6.752615258448428e-7
6.76608304212032e-7
6.761119764533556e-7
6.73952345831363e-7
6.702935753187117e-7
6.590810746131648e-7
6.518094637595905e-7
6.436057739282631e-7
6.249035964159197e-7
6.146409064336987e-7
5.928313312284626e-7
5.699421317281707e-7
5.583014441388701e-7
5.349809642617461e-7
5.119994225778819e-7
4.897392485351379e-7
4.583183705777221e-7
4.3896407521049443e-7
4.210146189645023e-7
3.9680224147202593e-7
3.757685301605125e-7
3.576630625477435e-7
3.4211866908425816e-7
3.287060986266197e-7
3.1697408496403774e-7
3.031836518859263e-7
2.906456330681066e-7
2.785962254765845e-7
2.66514781628852e-7
2.50988601717243e-7
2.34987395910333e-7
2.1885635147734686e-7
2.0311895617741204e-7
1.855062438495379e-7
1.723860782499075e-7
1.5684234064074288e-7
1.4612347576433868e-7
1.3616533410595326e-7
1.271101045135935e-7
1.2030082761951947e-7
1.120975646100444e-7
1.048941780960811e-7
9.688878580450639e-8
8.854020069649778e-8
8.125868648945073e-8
-2.831113626496004e-6
-3.5381447169806804e-6
-3.0254689061527892e-6
-2.3929550449813133e-6
-1.8708121239936795e-6
-1.4823203429946251e-6
-1.2030286553779076e-6
-1.0033606349435186e-6
-8.591389779875449e-7
-7.528300236835191e-7
-6.723641316535412e-7
-6.09633565210517e-7
-5.592451010369641e-7
-5.176144886084064e-7
-4.823486574272478e-7
-4.5183731278369234e-7
-4.2498666924672183e-7
-4.0104610132203393e-7
-3.794944082769647e-7
-3.5996418176192353e-7
-3.2597740079268276e-7
-3.1117139438467046e-7
-2.9764787369102127e-7
-2.740272020102108e-7
-2.637408356240071e-7
-2.45776741737792e-7
-2.3074122523587984e-7
-2.241280308302474e-7
-2.123597830308644e-7
-2.0212602746950137e-7
-1.9301117200375635e-7
-1.8074042666486062e-7
-1.7316060364978562e-7
-1.6588495791350995e-7
-1.5536402460635634e-7
-1.4522615799640588e-7
-1.355018220166735e-7
-1.262955424265967e-7
-1.1772705669443052e-7
-1.0989059895692266e-7
-1.0065542362494158e-7
-9.27754793328094e-8
-8.610391351339312e-8
-8.042986974333489e-8
-7.440386660224788e-8
-6.921581585968134e-8
-6.459372672678847e-8
-6.037360056864764e-8
-5.573684396212522e-8
-5.2208964284378696e-8
-4.77923780778523e-8
-4.448845451452038e-8
-4.1149755279207635e-8
-3.790663952753853e-8
-3.546529453979856e-8
-3.273839969333831e-8
-3.061308442535836e-8
-2.8489502803421354e-8
-2.641811257360428e-8
-2.4618955437822413e-8
-5.7346319320139e-6
-8.103903926488251e-6
-8.1827021574239e-6
-7.503941906044383e-6
-6.590136926503639e-6
-5.647456277707091e-6
-4.760420521132405e-6
-3.960763551636055e-6
-3.255972499138673e-6
-2.642439328326975e-6
-2.1119062643057195e-6
-1.6546875878986456e-6
-1.2612389883027936e-6
-9.22853650763384e-7
-6.318986320456175e-7
-3.8181961766770374e-7
-1.6704092186961198e-7
1.7170312413901582e-8
1.7484049086349567e-7
3.0941076344970814e-7
5.206765775008172e-7
6.021424272914944e-7
6.701653208556899e-7
7.724115790463727e-7
8.094025499907476e-7
8.608236774588925e-7
8.882712790176624e-7
8.949157784812163e-7
8.971643442606456e-7
8.881156512979839e-7
8.71166858547248e-7
8.367204800374034e-7
8.106916524564595e-7
7.839602036542442e-7
7.447820120687345e-7
7.086605697668074e-7
6.767610525439588e-7
6.494455325823563e-7
6.265245530925793e-7
6.074311107761708e-7
5.865020610421478e-7
5.686884543723599e-7
5.518116679862639e-7
5.341189605637211e-7
5.092395054023896e-7
4.80758131984799e-7
4.4939962297756786e-7
4.167431188647047e-7
3.7850563120869505e-7
3.4945181607367156e-7
3.153740863775144e-7
2.929587906303601e-7
2.7378946188088136e-7
2.5808433837971376e-7
2.46726553051495e-7
2.319735876865453e-7
2.1730946542374567e-7
1.9949665249389764e-7
1.8032126367497485e-7
1.642130341357418e-7
2.447380749477884e-5
1.9566200352960942e-5
1.7553348050098805e-5
1.6738464866051802e-5
1.651913884487774e-5
1.6647949884292406e-5
1.698332585194895e-5
1.7428983277904238e-5
1.7918863812838035e-5
1.8410133987715672e-5
1.887699622153531e-5
1.930505642633094e-5
1.968685947571557e-5
2.0018818738528604e-5
2.0299379829120132e-5
2.0528083744964567e-5
2.0705183039227945e-5
2.0831535230257136e-5
2.0908590818662698e-5
2.093837666528508e-5
2.086672686473631e-5
2.077148753012697e-5
2.0641104629729483e-5
2.028847600771677e-5
2.007276366421661e-5
1.9577620604950614e-5
1.9015447276173588e-5
1.8715309150768214e-5
1.808786737110414e-5
1.7437442795159188e-5
1.6778426245399468e-5
1.580078961520653e-5
1.5170947054835886e-5
1.4567526714277562e-5
1.3722953496998908e-5
1.2959611515623492e-5
1.22809328762521e-5
1.1685517864996019e-5
1.1168516584830716e-5
1.0722421246806473e-5
1.0221151304310231e-5
9.802543431226754e-6
9.4394751020732e-6
9.107202119906682e-6
8.705017959333341e-6
8.292838058963702e-6
7.857230029198466e-6
7.397252022495346e-6
6.826866600157775e-6
6.3555862507955465e-6
5.738252817872874e-6
5.274855280843394e-6
4.828006917563857e-6
4.439298452815371e-6
4.187449722492753e-6
3.940942963342709e-6
3.7508358244295424e-6
3.530728916837009e-6
3.2634750864034386e-6
2.9877435037785437e-6
6.881521208404325e-5
6.224311491877445e-5
5.893404961057535e-5
5.682991812737548e-5
5.525974020395471e-5
5.410425025973704e-5
5.328403628644515e-5
5.2699520772932215e-5
5.2258114024849885e-5
5.1892837065125226e-5
5.156369511470349e-5
5.1250272341259406e-5
5.094292065223839e-5
5.063610962135423e-5
5.032474962047848e-5
5.0002939200533636e-5
4.96641830965644e-5
4.930221902723432e-5
4.8911865578237076e-5
4.8489586804660625e-5
4.754418166010645e-5
4.702245855881252e-5
4.647084097549208e-5
4.528940118728268e-5
4.466545127225588e-5
4.33643165031515e-5
4.200687551416315e-5
4.131189012964169e-5
3.989867362991528e-5
3.846748507113002e-5
3.703500837034382e-5
3.492097897904413e-5
3.3557221130793734e-5
3.224434423524804e-5
3.0388545830323175e-5
2.868320328883001e-5
2.7135344790828945e-5
2.5746303422966498e-5
2.4513635230624565e-5
2.3430913868514907e-5
2.220069890526018e-5
2.117866761850286e-5
2.031874154852264e-5
1.9574770423084303e-5
1.874624897539397e-5
1.7970569044414615e-5
1.7198161191385645e-5
1.6395630855775738e-5
1.537469734893984e-5
1.4485261294893142e-5
1.3229666399301633e-5
1.2197935132220347e-5
1.1104834127669355e-5
1.0052446622300896e-5
9.322596685224028e-6
8.625757880141485e-6
8.173187768100518e-6
7.756603611384732e-6
7.313386652091463e-6
6.8403395625456854e-6
2.6166689293954498e-5
2.0226309474207483e-5
1.76070657538025e-5
1.625700637050708e-5
1.54956594171213e-5
1.5118383341639275e-5
1.5010419474731535e-5
1.5077518702485288e-5
1.5245498390567547e-5
1.5463257387546437e-5
1.5699884130243636e-5
1.593861424893007e-5
1.61708350012964e-5
1.6391699038126943e-5
1.6597606332361205e-5
1.6785162948996997e-5
1.6951047497762262e-5
1.709228610541262e-5
1.7206595728289948e-5
1.7292615103185898e-5
1.7379150330482828e-5
1.7381369032414526e-5
1.7358266869178434e-5
1.7243593305557235e-5
1.715571563810077e-5
1.692700648403059e-5
1.6636535935210095e-5
1.6471009557261943e-5
1.6104739617624382e-5
1.569891254416092e-5
1.526295690692876e-5
1.4573673362722171e-5
1.4103712070316758e-5
1.363423550374267e-5
1.2943277208531301e-5
1.2280173128704082e-5
1.1654262186949628e-5
1.1072386136868857e-5
1.0539655891076e-5
1.0059093007780515e-5
9.499704353865646e-6
9.026897508609476e-6
8.628444757570194e-6
8.29022262311918e-6
7.931715460317014e-6
7.6223506128657025e-6
7.339580010755301e-6
7.062866934533198e-6
6.717590394019127e-6
6.410811900340919e-6
5.955386898368024e-6
5.553474992171565e-6
5.091396294460064e-6
4.600394539355794e-6
4.2257185102097555e-6
3.838464283660283e-6
3.580929613390541e-6
3.366075448620698e-6
3.1836464853441383e-6
3.0234939327738365e-6
4.077370420882919e-6
-1.0964785508497688e-6
-3.0499012769319334e-6
-3.786525301224699e-6
-3.962090125531863e-6
-3.854011658647563e-6
-3.5999851075008435e-6
-3.2750637745055087e-6
-2.9220496767599113e-6
-2.565602521099734e-6
-2.2196797151799127e-6
-1.891809284934735e-6
-1.5856598483762103e-6
-1.3026126546727866e-6
-1.0427214966450563e-6
-8.052919534842921e-7
-5.892256736072963e-7
-3.9322251338260243e-7
-2.1589886426985104e-7
-5.585773558097323e-8
2.17791955224033e-7
3.3395114989120136e-7
4.3790197079368403e-7
6.133596628534705e-7
6.867365236713499e-7
8.088405211252162e-7
9.026393064085394e-7
9.404081173539855e-7
1.0002234201823628e-6
1.0420108062219184e-6
1.0688554108869668e-6
1.0868234099091639e-6
1.0871542233571267e-6
1.0803201755563472e-6
1.0599161120960944e-6
1.0309783520839318e-6
9.967769438648488e-7
9.598669025731126e-7
9.222247441593554e-7
8.85328205510028e-7
8.390310781643024e-7
7.973154384717462e-7
7.60759821152543e-7
7.293589283095489e-7
6.967484566886577e-7
6.702787151968602e-7
6.482432774150496e-7
6.287819845224464e-7
6.064237056452766e-7
5.870807387518207e-7
5.573480926605404e-7
5.289406386768171e-7
4.929405129109475e-7
4.501482157175021e-7
4.138083217450959e-7
3.7202815305711834e-7
3.414623097736368e-7
3.149804460902226e-7
2.941825012769187e-7
2.7965301951343245e-7
5.322962468306626e-6
4.77182440784989e-7
-1.1776411925079365e-6
-1.74047688977182e-6
-1.8586065103111584e-6
-1.7869334351630344e-6
-1.6386210525810839e-6
-1.46664154194631e-6
-1.295899615297033e-6
-1.1375214200821926e-6
-9.957237232235437e-7
-8.712791666913001e-7
-7.633120942069408e-7
-6.702382903679675e-7
-5.902530499521437e-7
-5.215770740709208e-7
-4.6257179278676706e-7
-4.117846705550196e-7
-3.679577277895811e-7
-3.300176146037054e-7
-2.6831519004807783e-7
-2.431537068563782e-7
-2.2104029613495616e-7
-1.8425070916407714e-7
-1.6889059220186812e-7
-1.4292152103615295e-7
-1.2198207123383594e-7
-1.1301686915843733e-7
-9.752126673038262e-8
-8.468977399095823e-8
-7.398486078740866e-8
-6.106192221773653e-8
-5.4114716150941953e-8
-4.824530891238893e-8
-4.1094693820698114e-8
-3.5532555936775914e-8
-3.121268720375835e-8
-2.7869960954564248e-8
-2.5298580729908602e-8
-2.3334566186160114e-8
-2.1429907041807492e-8
-2.01011990144201e-8
-1.9134753102074312e-8
-1.8365480573586128e-8
-1.750266776381861e-8
-1.6612323363983624e-8
-1.56124089585611e-8
-1.4474417840890228e-8
-1.2954021904963183e-8
-1.1625261345385859e-8
-9.825461373870119e-9
-8.470722067150397e-9
-7.219464310108822e-9
-6.2713077655723815e-9
-5.829838476279656e-9
-5.649761822298725e-9
-5.6663179247903545e-9
-5.666365843583256e-9
-5.481046265986178e-9
-5.069078384967266e-9
6.172075698780616e-6
1.5314929435241213e-6
5.6959476702103744e-8
-4.2452652604654954e-7
-5.418415496224103e-7
-5.219836402326627e-7
-4.555556308274697e-7
-3.7977581211843927e-7
-3.0931900718038283e-7
-2.4905174303880167e-7
-1.9963065587242066e-7
-1.6003891530633336e-7
-1.287355943273237e-7
-1.0415756526127017e-7
-8.49168038399451e-8
-6.985685795043695e-8
-5.804765030380117e-8
-4.8756651052419186e-8
-4.1414151301363716e-8
-3.558034082352032e-8
-2.716453795495247e-8
-2.4123475478716753e-8
-2.1640468031637234e-8
-1.790235397225852e-8
-1.6484689594653305e-8
-1.4271246603882728e-8
-1.2641137932698276e-8
-1.1979891288602628e-8
-1.0877951399854233e-8
-9.991168969247949e-9
-9.254609910434818e-9
-8.344229673027214e-9
-7.831603020609375e-9
-7.377272311965571e-9
-6.785932282616748e-9
-6.285355900757509e-9
-5.8611631363410604e-9
-5.501713158530013e-9
-5.1970661593141345e-9
-4.938697470457848e-9
-4.653607228879843e-9
-4.422556780204255e-9
-4.231876635325105e-9
-4.0691794760134746e-9
-3.888945569375135e-9
-3.7193191315158697e-9
-3.5493364331828753e-9
-3.3731745238602424e-9
-3.1519874717432832e-9
-2.962495474538202e-9
-2.699505033034865e-9
-2.486917377013301e-9
-2.265166908269791e-9
-2.0549289174051876e-9
-1.909967040252177e-9
-1.7695998985206815e-9
-1.6751165637694994e-9
-1.5852071765018102e-9
-1.4891137063867525e-9
-1.3891624440301423e-9
6.193871845389756e-6
1.7177368165306086e-6
3.8757718054117154e-7
-2.5840546192820956e-8
-1.300217278766158e-7
-1.2822388186709412e-7
-9.449758904105992e-8
-5.6043523628648443e-8
-2.20493418319178e-8
5.268569247767607e-9
2.6242510883188682e-8
4.196937733941902e-8
5.361837468223347e-8
6.219448185270598e-8
6.848731568608136e-8
7.308927274685639e-8
7.643383311936866e-8
7.883440342377128e-8
8.051696147032142e-8
8.164519170926289e-8
8.268694144363654e-8
8.275646325046262e-8
8.25989038420593e-8
8.175444726234222e-8
8.112450919166745e-8
7.955269711538453e-8
7.766330225476375e-8
7.662818461587455e-8
7.442228809392043e-8
7.208614180162296e-8
6.96731760968149e-8
6.60108193350808e-8
6.359794639682743e-8
6.124523534044011e-8
5.7880413016185564e-8
5.476044377086018e-8
5.191606793088504e-8
4.93591378751986e-8
4.708751050948026e-8
4.508793809662327e-8
4.280517165394736e-8
4.089341718110479e-8
3.9268982926224877e-8
3.784761451256949e-8
3.6241341948156326e-8
3.471292044681781e-8
3.317646953387993e-8
3.158310266102056e-8
2.958128303412387e-8
2.7864747869032164e-8
2.547780643037688e-8
2.3540274218928383e-8
2.1504840399288868e-8
1.9552748226081636e-8
1.8186740716971855e-8
1.6839535349240288e-8
1.5916600814784726e-8
1.5035468373698223e-8
1.4107184621732635e-8
1.3159415214262571e-8
6.211859196471251e-6
1.8722450446118165e-6
6.704488023146234e-7
3.2700907154948963e-7
2.5302948245241317e-7
2.641694075445759e-7
2.9821348074707426e-7
3.342156366660801e-7
3.6585006894815703e-7
3.919355348594781e-7
4.129529890729862e-7
4.2977421066631316e-7
4.432273121757392e-7
4.539780767040027e-7
4.6252516546475436e-7
4.6923070544663183e-7
4.74356479992435e-7
4.780953354991921e-7
4.805951136603307e-7
4.8197538796266e-7
4.817750917034485e-7
4.803695027027357e-7
4.781995431211249e-7
4.7185324000569707e-7
4.6780827208850593e-7
4.582694686157313e-7
4.471465397371499e-7
4.4110976190779797e-7
4.283022127930797e-7
4.1478321877349073e-7
4.008493786095605e-7
3.797443737705235e-7
3.658617674035723e-7
3.523361982253069e-7
3.329994274660222e-7
3.1506507281925635e-7
2.98702759988141e-7
2.839816466291316e-7
2.7089438751591034e-7
2.593698909799339e-7
2.4621094169215245e-7
2.3519088018143824e-7
2.2582901395169845e-7
2.1764205523677752e-7
2.0840164877800668e-7
1.9962563367733403e-7
1.9081793749575406e-7
1.816913865944238e-7
1.70224575421391e-7
1.6038540330516289e-7
1.4668846337005706e-7
1.355544412859311e-7
1.2383886221154677e-7
1.1258142831375895e-7
1.0469099184769252e-7
9.690347326646853e-8
9.157413223397748e-8
8.650167352298472e-8
8.117643019432194e-8
7.574694994385649e-8
-1.1465326712440213e-7
-9.557315354188279e-7
-8.025874445136941e-7
-5.595483432180662e-7
-3.765861816504024e-7
-2.5946286068504e-7
-1.8912608277199208e-7
-1.4783469161645522e-7
-1.2342407023040315e-7
-1.0848084792877166e-7
-9.877177358286557e-8
-9.197293616150485e-8
-8.683206647510032e-8
-8.267131188224542e-8
-7.911310560437323e-8
-7.593781503066703e-8
-7.301309205786587e-8
-7.025925705061516e-8
-6.763133343479432e-8
-6.51081787253705e-8
-6.036486448222905e-8
-5.815773900355519e-8
-5.607236217743696e-8
-5.229111499301376e-8
-5.059782059300308e-8
-4.7583641352238306e-8
-4.500474269637134e-8
-4.385089938928699e-8
-4.1759267261211236e-8
-3.9892235564013e-8
-3.8189521497046056e-8
-3.585137719923932e-8
-3.439392027287893e-8
-3.299332204669291e-8
-3.0969084275780624e-8
-2.9015565309366767e-8
-2.7132239468770613e-8
-2.5337957213126974e-8
-2.3659573648908617e-8
-2.2120293369832766e-8
-2.0303417334720038e-8
-1.874858211198019e-8
-1.7423246758687562e-8
-1.6285136891267344e-8
-1.5065085544181618e-8
-1.4010437008036314e-8
-1.3072187952021107e-8
-1.2217192058563902e-8
-1.1278268032562601e-8
-1.0564803951036448e-8
-9.675663500901379e-9
-9.014030406963756e-9
-8.345166824377818e-9
-7.690371628667659e-9
-7.193640198558507e-9
-6.6374744253258715e-9
-6.203582803040341e-9
-5.769197353499939e-9
-5.346886050890965e-9
-4.98364996153433e-9
-1.175219821273072e-7
-2.2821006553883067e-6
-2.506849922588252e-6
-2.2239068325736728e-6
-1.8404024242834495e-6
-1.4817073959766874e-6
-1.1812494721520262e-6
-9.409466975622647e-7
-7.527419272048692e-7
-6.065696045497746e-7
-4.931757418107943e-7
-4.0492064609122335e-7
-3.3580925096719835e-7
-2.8125961714129564e-7
-2.3781690602347882e-7
-2.028910908224516e-7
-1.745418135205932e-7
-1.51311483352365e-7
-1.320997595623795e-7
-1.1607078404186291e-7
-9.115046754532773e-8
-8.13844138256687e-8
-7.29884281773679e-8
-5.941545492232775e-8
-5.390344172320369e-8
-4.482283537658881e-8
-3.7768191319864935e-8
-3.4840872209534954e-8
-2.9950435805992265e-8
-2.6105740654277632e-8
-2.308096794637909e-8
-1.9709275051708688e-8
-1.8047603033417762e-8
-1.673543593407025e-8
-1.524975536598911e-8
-1.4158748431069864e-8
-1.3306056749609414e-8
-1.258029167119099e-8
-1.1906778798017125e-8
-1.124070461463842e-8
-1.0329819141864834e-8
-9.390668928701356e-9
-8.449713820436496e-9
-7.54687542643123e-9
-6.531852296033113e-9
-5.694572725668942e-9
-5.057397103645651e-9
-4.608579027022804e-9
-4.266343618988453e-9
-4.0882330349017144e-9
-3.910398653217281e-9
-3.761575312594588e-9
-3.5493863764186213e-9
-3.249577807451866e-9
-2.9621316489878867e-9
-2.611242564167432e-9
-2.3545331318323467e-9
-2.143686638458958e-9
-1.9922300865532025e-9
-1.892675701672308e-9
-3.8488348327961036e-7
-4.267937225339689e-6
-5.407714140494799e-6
-5.5340106644325564e-6
-5.232792997441449e-6
-4.747151908113909e-6
-4.193836927159957e-6
-3.6332509907554673e-6
-3.096683184431691e-6
-2.599103868098574e-6
-2.146166331954837e-6
-1.7383721572428626e-6
-1.3735953196289537e-6
-1.0485689613112164e-6
-7.597063946481794e-7
-5.03508484345792e-7
-2.76730485028086e-7
-7.642264910597341e-8
1.0008493590437226e-7
2.5521403370032804e-7
5.099526482707592e-7
6.133909616942515e-7
7.031307010082518e-7
8.472759943915667e-7
9.041738707018603e-7
9.928112337768773e-7
1.05348358204846e-6
1.0750871265494652e-6
1.1037438825743627e-6
1.1163179294536972e-6
1.1162722569782516e-6
1.0989002593923668e-6
1.0792807061892537e-6
1.0554681816921618e-6
1.0150403082135062e-6
9.721376189492127e-7
9.292926521463128e-7
8.882561408520716e-7
8.502143652232787e-7
8.158740275700143e-7
7.762478236264137e-7
7.432548452666376e-7
7.157628668074831e-7
6.923530856193295e-7
6.667289718467303e-7
6.429374344055279e-7
6.189908504191201e-7
5.934193294490281e-7
5.596350890319893e-7
5.291570832942694e-7
4.848478107008604e-7
4.4760625687107883e-7
4.075685686029426e-7
3.686727996956879e-7
3.416852921498001e-7
3.161819136170002e-7
2.999203488776449e-7
2.851016866949351e-7
2.6919209753754805e-7
2.519153258143608e-7
2.612236314397038e-5
2.0199749549594888e-5
1.7590605412157397e-5
1.6246623850927626e-5
1.5489058584858126e-5
1.511418136683738e-5
1.500775707107867e-5
1.5075851453165534e-5
1.5244476748672302e-5
1.5462654615715603e-5
1.5699551903858166e-5
1.5938454869602168e-5
1.6170783812706823e-5
1.639171318703765e-5
1.659765750537059e-5
1.6785232616315617e-5
1.695112375119739e-5
1.7092361523008177e-5
1.7206665912054127e-5
1.7292677668034338e-5
1.7379195264629126e-5
1.738140528022606e-5
1.7358294961301873e-5
1.7243607142289403e-5
1.7155723427384374e-5
1.692700422722935e-5
1.6636526096330052e-5
1.6470996745137195e-5
1.6104722282887234e-5
1.5698892300078208e-5
1.5262935021547883e-5
1.4573650677976898e-5
1.4103689559146667e-5
1.3634213496338215e-5
1.2943256317918655e-5
1.228015361281912e-5
1.1654244208179504e-5
1.1072369773478686e-5
1.0539641116372356e-5
1.0059079693892576e-5
9.499692691236864e-6
9.026887169167222e-6
8.62843551457099e-6
8.290214339398515e-6
7.93170821073196e-6
7.622344173206026e-6
7.339574161894539e-6
7.062861553292266e-6
6.717585558101986e-6
6.410807537873556e-6
5.955383145133329e-6
5.553471661433825e-6
5.091393404208892e-6
4.600392183354779e-6
4.225716595212512e-6
3.8384627477362404e-6
3.5809282732971335e-6
3.36607433201164e-6
3.1836456031971667e-6
3.0234931050226283e-6
5.9341512178637724e-5
5.2221229317663634e-5
4.870962331166156e-5
4.6503373992756745e-5
4.487167984504915e-5
4.365637303874139e-5
4.276877137185539e-5
4.2116171120490995e-5
4.16164313408394e-5
4.12105763233333e-5
4.086286186983337e-5
4.0554207631309605e-5
4.027470746030436e-5
4.001802575057368e-5
3.9778296127983494e-5
3.954904610518909e-5
3.93233498961965e-5
3.9094493079427e-5
3.88566617496426e-5
3.860540382138478e-5
3.80523133337709e-5
3.774861499959844e-5
3.742713651705704e-5
3.673461053141232e-5
3.636569139462471e-5
3.558715205156552e-5
3.4758929000186086e-5
3.432766919354685e-5
3.3434194742383866e-5
3.2505378833070065e-5
3.1550310532287995e-5
3.0091831119493273e-5
2.911783713505888e-5
2.8153427989220635e-5
2.6740576139718746e-5
2.538418380849935e-5
2.409767104506835e-5
2.289187069026633e-5
2.1775617208287474e-5
2.0754822703204486e-5
1.954494781738135e-5
1.8500964215964897e-5
1.7606943740493516e-5
1.6843164067939354e-5
1.6040906171287583e-5
1.5371201775817557e-5
1.479294659855802e-5
1.4265215544652605e-5
1.3649943518112143e-5
1.3125028604252453e-5
1.2350694891293155e-5
1.1649352121695112e-5
1.0802454051814326e-5
9.837568341760962e-6
9.043000090620209e-6
8.149585442603348e-6
7.502837277886793e-6
6.937603230690129e-6
6.479807879593561e-6
6.145727452362147e-6
2.742090504134543e-5
2.0569565827311765e-5
1.7472629123774297e-5
1.5761909781270915e-5
1.4688560008320741e-5
1.402711362261695e-5
1.3657125465454744e-5
1.3483984188839487e-5
1.3434530681883109e-5
1.3458508666925388e-5
1.3525205917895968e-5
1.3617422337992216e-5
1.37256468612489e-5
1.3843857732374987e-5
1.3967148687978454e-5
1.4090779545041783e-5
1.4210091461316701e-5
1.4320802408297808e-5
1.4419355912291198e-5
1.450315173595195e-5
1.4621052397929868e-5
1.4654559087428633e-5
1.4671683812164894e-5
1.4660177321647964e-5
1.4633322478142805e-5
1.4541162596742036e-5
1.440138043676579e-5
1.4314739563880486e-5
1.4110198605393918e-5
1.3867686075395095e-5
1.3592731479640634e-5
1.3133542301335615e-5
1.2805636600380184e-5
1.2466930561029672e-5
1.1948345274379191e-5
1.1427298083470646e-5
1.0912950581548226e-5
1.041346274308789e-5
9.93634455806511e-6
9.487816585956449e-6
8.941094682499935e-6
8.455888437697256e-6
8.030402031387776e-6
7.660377810996827e-6
7.268268019609305e-6
6.943931290566613e-6
6.673207797221046e-6
6.439507567392161e-6
6.1856011123680235e-6
5.981687692369587e-6
5.691838275079063e-6
5.430328584244472e-6
5.10483131243613e-6
4.711406938877912e-6
4.36427651647341e-6
3.9428060523421786e-6
3.6109644175351074e-6
3.2974414888537958e-6
3.02886774696974e-6
2.8377996781976505e-6
8.181983086243086e-6
1.8011200160470088e-6
-8.006797302916345e-7
-1.995313259861489e-6
-2.531611183008662e-6
-2.7158449465372515e-6
-2.699714826717802e-6
-2.5683114138519913e-6
-2.372562390703948e-6
-2.1437048911544035e-6
-1.9009431605592935e-6
-1.6559926906917168e-6
-1.4159193395564494e-6
-1.1849252985859752e-6
-9.65453383668173e-7
-7.588523420521587e-7
-5.657690731243038e-7
-3.86379430562481e-7
-2.20529192280437e-7
-6.782792563105188e-8
2.0046413123904857e-7
3.1744909247162335e-7
4.2398623774216787e-7
6.086531759251213e-7
6.881604912708625e-7
8.245987029124044e-7
9.344510760627181e-7
9.805640553654603e-7
1.0571849685514878e-6
1.1154169027023522e-6
1.1579073056160073e-6
1.1972819324407954e-6
1.2102949868951445e-6
1.2147657922624123e-6
1.2085967469869207e-6
1.1905060944656125e-6
1.1637606216675066e-6
1.131095508031014e-6
1.0948303828628178e-6
1.0568763683788059e-6
1.006143322797527e-6
9.573824646197554e-7
9.119728442618557e-7
8.706596840709687e-7
8.25321067016088e-7
7.870481562951296e-7
7.552351179050378e-7
7.286862820438505e-7
7.017211713354582e-7
6.817102624142513e-7
6.551630610490526e-7
6.320658024646564e-7
6.030756233832168e-7
5.662943516079873e-7
5.314750123400789e-7
4.8549117994726e-7
4.4597181980436244e-7
4.0553823953109954e-7
3.679442355391413e-7
3.3925482599132353e-7
8.303836218610286e-6
2.141999494253935e-6
-1.6634729116708114e-7
-1.12860333934235e-6
-1.5098275358946086e-6
-1.615093543958689e-6
-1.5850387209464152e-6
-1.4901259337571169e-6
-1.3673176031857256e-6
-1.2363623717060495e-6
-1.1077244744493834e-6
-9.867066943847575e-7
-8.756993875271725e-7
-7.754508924058161e-7
-6.858028130586791e-7
-6.061217367533232e-7
-5.355536089716945e-7
-4.731721371860696e-7
-4.1806289906049224e-7
-3.6936818655517913e-7
-2.8818667148041515e-7
-2.543916498667588e-7
-2.243875251971732e-7
-1.7394977460690736e-7
-1.5276034046770937e-7
-1.169084301837284e-7
-8.815651583275064e-8
-7.595355177497373e-8
-5.512110126777452e-8
-3.823644014283011e-8
-2.4517986567412026e-8
-8.589422896821771e-9
-4.163587851687074e-10
6.2035663507090456e-9
1.3800513000228228e-8
1.9217151812530606e-8
2.298771441578111e-8
2.5513392978145813e-8
2.709771049881938e-8
2.7973904017401344e-8
2.8351760185335392e-8
2.812812132063137e-8
2.7550524470747272e-8
2.67932513741946e-8
2.576393548761417e-8
2.4761025635816094e-8
2.3853558114372617e-8
2.3074455650787998e-8
2.2314656055273626e-8
2.1803008304640928e-8
2.1197910747689393e-8
2.071090606439951e-8
2.0107196069606285e-8
1.9302661178854986e-8
1.8462153480189667e-8
1.7198707081630104e-8
1.597088659768059e-8
1.4590379488086039e-8
1.3180401948308518e-8
1.1984708778709702e-8
8.901438473460648e-6
2.883999209475162e-6
7.803404014577505e-7
-4.297889340720428e-8
-3.563326816972748e-7
-4.4883691488451385e-7
-4.442725209539596e-7
-3.994848810322972e-7
-3.413280979574356e-7
-2.8235788394524434e-7
-2.2808332104313366e-7
-1.805135596849806e-7
-1.3995455875361844e-7
-1.0593423530161539e-7
-7.767747656770305e-8
-5.434371452767271e-8
-3.5138471689842506e-8
-1.93586844265972e-8
-6.40430079670439e-9
4.2262077143556295e-9
2.0097851404089347e-8
2.595661568681754e-8
3.075026734210502e-8
3.784996793446738e-8
4.043146105183803e-8
4.4168978640519105e-8
4.648767576485028e-8
4.7249484036482646e-8
4.816966779294947e-8
4.847035397028023e-8
4.831602070743522e-8
4.748380420321913e-8
4.665067992211762e-8
4.566784410320329e-8
4.401408107975014e-8
4.224937292232943e-8
4.046022741161321e-8
3.870834529628454e-8
3.7036783839144605e-8
3.5473689085988926e-8
3.3584120580342893e-8
3.192522696089737e-8
3.048640752649026e-8
2.9244637141774408e-8
2.7924609430101518e-8
2.680287916410391e-8
2.5812950902383984e-8
2.4891449981128283e-8
2.380310063160311e-8
2.2870718100222103e-8
2.1498524628246408e-8
2.026555891847591e-8
1.879585901676996e-8
1.714880003429249e-8
1.5809235525035432e-8
1.4310870851310068e-8
1.3224304914019718e-8
1.2264585399681954e-8
1.1460763665237698e-8
1.0835264752818621e-8
8.970633779906715e-6
3.0607972334843893e-6
1.1211555029926577e-6
4.08632641382869e-7
1.5300423156750157e-7
8.10019930894886e-8
8.31423542739938e-8
1.1279859992972338e-7
1.4979905473149079e-7
1.857129206504056e-7
2.1742801585510957e-7
2.4420687953464963e-7
2.6630475613672e-7
2.8432311188357337e-7
2.9891914735755697e-7
3.106883682953968e-7
3.201291803801907e-7
3.276436593809851e-7
3.3355171894884716e-7
3.3810792424478536e-7
3.4394287236046947e-7
3.4552278514121387e-7
3.463680831151284e-7
3.462098517804425e-7
3.4534723193065804e-7
3.423241678507959e-7
3.3783964568124276e-7
3.3513174667676857e-7
3.2892461111896663e-7
3.218330908461099e-7
3.140520298983163e-7
3.0148651168902184e-7
2.927533264233945e-7
2.8389963000350203e-7
2.70640030144483e-7
2.5766995828902555e-7
2.4521653545242015e-7
2.3345099406719946e-7
2.2249885938353332e-7
2.124403116887664e-7
2.0047039599139216e-7
1.901062835444625e-7
1.8121273064138901e-7
1.7360229321727287e-7
1.6557652958351357e-7
1.588105572755418e-7
1.5288089243443593e-7
1.4738920088694772e-7
1.4092264149315184e-7
1.353890616188795e-7
1.272464740220441e-7
1.1992624266138724e-7
1.1119048905332674e-7
1.0138584281816416e-7
9.340471383819609e-8
8.447991364601338e-8
7.801671458015692e-8
7.232189590976292e-8
6.757651183352961e-8
6.391413587473426e-8
2.8200578206811707e-8
-8.820680777493333e-7
-9.244681381104652e-7
-8.697335974326821e-7
-8.315164102211465e-7
-8.154006695431063e-7
-8.111081487353888e-7
-8.100379531239894e-7
-8.073599715832172e-7
-8.010441758503204e-7
-7.906771511024941e-7
-7.76627672549263e-7
-7.5956065286511e-7
-7.401909714608938e-7
-7.191779643420769e-7
-6.97092547908165e-7
-6.744165024207956e-7
-6.515525329596639e-7
-6.288353733006005e-7
-6.06540573906483e-7
-5.640595388757045e-7
-5.441760414289253e-7
-5.253275716882262e-7
-4.90902557391688e-7
-4.753320162850185e-7
-4.4731050819790484e-7
-4.2304308252155966e-7
-4.1213206740951555e-7
-3.923579590791372e-7
-3.748017887436233e-7
-3.5890866898415886e-7
-3.3720214626359367e-7
-3.2366157327155984e-7
-3.1059799203340953e-7
-2.916236592010078e-7
-2.7326499345653245e-7
-2.5558782601997127e-7
-2.3878327597222023e-7
-2.2307029633333935e-7
-2.0862563611054347e-7
-1.914927885540845e-7
-1.7676244739601417e-7
-1.641999419104971e-7
-1.534480863941005e-7
-1.4196908010509023e-7
-1.3205364356623861e-7
-1.2321397224185537e-7
-1.1515318144479705e-7
-1.0631851252219914e-7
-9.9614087274734e-8
-9.123812038719457e-8
-8.497780592537583e-8
-7.864472622607389e-8
-7.246961311445163e-8
-6.779460848633643e-8
-6.254298522196332e-8
-5.84381360173376e-8
-5.434317512277137e-8
-5.0367747960369635e-8
-4.692931705192929e-8
1.379289847397519e-6
-6.860410463296246e-7
-1.0203214528633156e-6
-9.607794663683567e-7
-8.340772738006242e-7
-7.229692710012965e-7
-6.420468790872427e-7
-5.874103233731886e-7
-5.517194601531995e-7
-5.284956783050447e-7
-5.129751900423511e-7
-5.019325237726833e-7
-4.932860719096727e-7
-4.85737927969606e-7
-4.785049788950596e-7
-4.7113515593416614e-7
-4.633874930571856e-7
-4.5515545691815596e-7
-4.464180189619069e-7
-4.3720797396332696e-7
-4.17650722121126e-7
-4.0747976412747945e-7
-3.971716129097797e-7
-3.7649719659622534e-7
-3.662889269631585e-7
-3.4645550466136173e-7
-3.277207814162054e-7
-3.1885224798238317e-7
-3.022181061205073e-7
-2.8711987508321523e-7
-2.735633418598186e-7
-2.559728546212418e-7
-2.4590010959897143e-7
-2.3696864951288436e-7
-2.2532545737911263e-7
-2.152537462894877e-7
-2.0620479446647458e-7
-1.9773043900185094e-7
-1.8950604752152225e-7
-1.8133169735161848e-7
-1.703704220286852e-7
-1.5937671976078104e-7
-1.4855467908952156e-7
-1.3818476113590005e-7
-1.2626460765853246e-7
-1.1583384200864679e-7
-1.0700993972887308e-7
-9.968116324885709e-8
-9.24869523663964e-8
-8.74526625673125e-8
-8.12972904377144e-8
-7.647478853006434e-8
-7.113296020775302e-8
-6.536257240746661e-8
-6.071024147530974e-8
-5.543720342191615e-8
-5.145605460176522e-8
-4.7669161708259526e-8
-4.4107997520783076e-8
-4.101460901321284e-8
2.3570816205557448e-6
-1.1499418512892741e-6
-2.111804427433535e-6
-2.260174998610512e-6
-2.1233217346671815e-6
-1.8972796065772214e-6
-1.6600365649914348e-6
-1.4417977224538075e-6
-1.252250028228612e-6
-1.0922472478392352e-6
-9.590884211549002e-7
-8.489372428455112e-7
-7.579025556612111e-7
-6.824792013089431e-7
-6.196856637719797e-7
-5.670640972223767e-7
-5.226243630955063e-7
-4.847714117742642e-7
-4.522338968748824e-7
-4.240011570595756e-7
-3.7740433831255515e-7
-3.5789598499399045e-7
-3.403424123358875e-7
-3.098813365894784e-7
-2.9651406708631783e-7
-2.72681982582362e-7
-2.519714624353194e-7
-2.4258322260441347e-7
-2.2545687615234957e-7
-2.1025845845698939e-7
-1.967434610510767e-7
-1.7923457045237947e-7
-1.6919633959006484e-7
-1.6032298614641063e-7
-1.489552774670568e-7
-1.3960450775556514e-7
-1.319321462861736e-7
-1.2561537223265817e-7
-1.2035151542951382e-7
-1.1586406520885139e-7
-1.1067112882908538e-7
-1.0595184978355528e-7
-1.0135895243085027e-7
-9.667666369156821e-8
-9.056563816398665e-8
-8.420964754498497e-8
-7.780309496922756e-8
-7.160911596978945e-8
-6.480908415445714e-8
-5.988088566424235e-8
-5.425842771012856e-8
-5.0563439811504546e-8
-4.729108380565639e-8
-4.4415617394111936e-8
-4.2228312434124026e-8
-3.944579699376808e-8
-3.685696916221909e-8
-3.38873416916309e-8
-3.0768077628137865e-8
-2.8087583813378617e-8
3.992122696059356e-6
-1.1391919700875344e-6
-3.0711592729487082e-6
-3.7965213646906503e-6
-3.96609780062829e-6
-3.85487269508085e-6
-3.5992588044348884e-6
-3.2736075180320867e-6
-2.920329353584725e-6
-2.563864127511471e-6
-2.2180459509562987e-6
-1.8903343679896915e-6
-1.584360676229762e-6
-1.3014864743278261e-6
-1.0417558638042563e-6
-8.04470289423166e-7
-5.885303135876047e-7
-3.926363279238565e-7
-2.1540606877967599e-7
-5.5444238437026305e-8
2.1808207182519466e-7
3.341938809985119e-7
4.3810491563228773e-7
6.135011134440901e-7
6.868543433032283e-7
8.089216372415522e-7
9.026942845430956e-7
9.404530008566628e-7
1.0002526347221393e-6
1.042028962268952e-6
1.0688658213234163e-6
1.0868263831789654e-6
1.087154074137496e-6
1.0803178596850558e-6
1.0599117542101994e-6
1.0309729250851945e-6
9.967710978818149e-7
9.598610623268907e-7
9.22219150632108e-7
8.853229577749593e-7
8.390263016290262e-7
7.973110898989409e-7
7.607558757902994e-7
7.293553820670783e-7
6.967453804295928e-7
6.702760213115027e-7
6.482408623719569e-7
6.287797877732658e-7
6.064217602112568e-7
5.87079005102108e-7
5.573466144176255e-7
5.289393206917709e-7
4.929393529678946e-7
4.501472536266831e-7
4.138075269519939e-7
3.7202750149581033e-7
3.4146173650826025e-7
3.149799732204283e-7
2.94182139112491e-7
2.796526919055012e-7
2.737305187974569e-5
2.0539664663096078e-5
1.7453214102690374e-5
1.574898198201358e-5
1.4679804903024616e-5
1.4021112159273048e-5
1.365297486129398e-5
1.3481095489974306e-5
1.3432512290553116e-5
1.345709602472921e-5
1.3524217747523059e-5
1.3616732857837488e-5
1.3725167865080702e-5
1.3843526859277749e-5
1.3966921619070173e-5
1.4090624717018366e-5
1.4209986414578927e-5
1.4320731216166055e-5
1.4419307342203391e-5
1.4503117919735493e-5
1.4621033376592158e-5
1.4654542996466081e-5
1.4671668903677013e-5
1.4660161681925284e-5
1.4633305617670973e-5
1.4541142638826769e-5
1.440135732037875e-5
1.4314715036974523e-5
1.4110171795631422e-5
1.3867657791532238e-5
1.3592702489124832e-5
1.3133513363054804e-5
1.2805608185955374e-5
1.2466902898767126e-5
1.1948318997372686e-5
1.1427273408489532e-5
1.0912927688712529e-5
1.0413441751104133e-5
9.936325475443881e-6
9.487799301562601e-6
8.941079496035685e-6
8.455875001737032e-6
8.030390100558635e-6
7.660367229446118e-6
7.268258914218907e-6
6.9439233541524815e-6
6.673200712708165e-6
6.439501128660125e-6
6.185595359146878e-6
5.981682484536732e-6
5.6918337127384744e-6
5.430324428446525e-6
5.104827568908391e-6
4.7114037406760694e-6
4.364273810617654e-6
3.94280381505112e-6
3.6109624738399043e-6
3.2974399133872006e-6
3.028866569753e-6
2.8377986466691557e-6
5.357534623600846e-5
4.558424578226702e-5
4.198523355722719e-5
3.976155114207399e-5
3.8014418524801416e-5
3.668916540557483e-5
3.5745456494944734e-5
3.5078294141701324e-5
3.4576923995927726e-5
3.416296756457708e-5
3.379592221503028e-5
3.346222708319993e-5
3.3161351840459155e-5
3.2895366317854565e-5
3.2663493248882814e-5
3.246071756206321e-5
3.227880560692929e-5
3.2108248248533355e-5
3.194012335166693e-5
3.176736942929866e-5
3.139175085643098e-5
3.118619877557874e-5
3.096951989543904e-5
3.0508447443721878e-5
3.02665989625599e-5
2.9763227811073966e-5
2.923209178696647e-5
2.8954587006242128e-5
2.8372892248401362e-5
2.7754854320739995e-5
2.7104091481043894e-5
2.6083903573217324e-5
2.538781672804035e-5
2.468808641239883e-5
2.364256379273524e-5
2.2610217705207572e-5
2.1597774023764157e-5
2.0614084623354795e-5
1.9670919430989327e-5
1.8780100468015187e-5
1.7687596699328005e-5
1.6708831252854595e-5
1.5838692991581894e-5
1.506909180699386e-5
1.4239227728352318e-5
1.3545932315076369e-5
1.2970557923831664e-5
1.2484779577933858e-5
1.197778825428407e-5
1.1591220570718131e-5
1.107431880236983e-5
1.0631560490854333e-5
1.0089504158567857e-5
9.420547974322683e-6
8.805931986374607e-6
8.02139975036713e-6
7.364671489928987e-6
6.698635480225524e-6
6.081866099184951e-6
5.617773455939266e-6
2.9360644801358205e-5
2.1464937955850616e-5
1.794953637777889e-5
1.5967561609068178e-5
1.4653182960833338e-5
1.377842060752701e-5
1.3224431164171231e-5
1.2890459377112222e-5
1.2695689066041627e-5
1.2584995241134216e-5
1.2526246067758092e-5
1.2503088434174948e-5
1.2507630351676225e-5
1.2535164959967743e-5
1.2581297973393262e-5
1.2640958452032976e-5
1.2708535208506202e-5
1.2778479030516397e-5
1.2845927489253177e-5
1.2907124496551118e-5
1.300193298140143e-5
1.3033813473019437e-5
1.3055432751841043e-5
1.3070133001411781e-5
1.3064356039334143e-5
1.3028259766671567e-5
1.2959707363796295e-5
1.2913011240807162e-5
1.2794434784067236e-5
1.2643085193334149e-5
1.2461808600566563e-5
1.214383692637622e-5
1.1908548092459495e-5
1.1659791506133674e-5
1.1268366089825041e-5
1.0861547066603083e-5
1.0445381613686415e-5
1.002656056791143e-5
9.612758525804154e-6
9.211430135281141e-6
8.705372700552355e-6
8.238739905317338e-6
7.813230305593293e-6
7.4286275127156685e-6
7.005488765934753e-6
6.6458501100713395e-6
6.344837482045016e-6
6.092279512283485e-6
5.836087919684302e-6
5.649596237802025e-6
5.41443828172622e-6
5.224264582523166e-6
4.9992928067954945e-6
4.722675265454488e-6
4.461965705592053e-6
4.1130793178252e-6
3.802903096199232e-6
3.468079325993398e-6
3.1353722216964123e-6
2.8648925643931673e-6
1.2242188605045441e-5
4.6065364756742816e-6
1.3925089182550151e-6
-2.0483006854917524e-7
-1.046097231252337e-6
-1.476318810266274e-6
-1.6639525104100698e-6
-1.7030192370416118e-6
-1.650203945085438e-6
-1.5410226498868116e-6
-1.3981425814889745e-6
-1.2362027526165622e-6
-1.0647795903525656e-6
-8.902405292091787e-7
-7.168929658634466e-7
-5.476852686538616e-7
-3.8463083077504416e-7
-2.290683497129773e-7
-8.183010386299977e-8
5.663924697934883e-8
3.0689290136540986e-7
4.189703072588877e-7
5.22746146090696e-7
7.069383001976949e-7
7.881650358899384e-7
9.308409440977627e-7
1.0495357699649648e-6
1.1007120686982987e-6
1.1882319928518243e-6
1.2578673884196908e-6
1.3117781500837544e-6
1.3675512781127497e-6
1.390650147500143e-6
1.4043343545244656e-6
1.410126048724407e-6
1.4015984028259302e-6
1.3819529054449382e-6
1.3539508762897591e-6
1.320004565774251e-6
1.2821744370160383e-6
1.228549440057183e-6
1.1739671054065448e-6
1.1205075865411932e-6
1.0696336511944073e-6
1.0112213084575348e-6
9.596346346432937e-7
9.151369565279163e-7
8.772275927070498e-7
8.391303592371544e-7
8.123349905367776e-7
7.803057979504525e-7
7.559576062831662e-7
7.286479793214588e-7
6.961711724558989e-7
6.653574798337769e-7
6.222361204269285e-7
5.81402310063609e-7
5.345582836594608e-7
4.847973496859607e-7
4.409509516978813e-7
1.1443184263374772e-5
3.903061448067644e-6
9.483351014504323e-7
-4.0194414814775555e-7
-1.0436961452336845e-6
-1.3320887173170723e-6
-1.4325645921359839e-6
-1.4304589536357291e-6
-1.3727580217931361e-6
-1.286388636697876e-6
-1.187105569885719e-6
-1.0841648726818941e-6
-9.829325078444203e-7
-8.864062127382204e-7
-7.961318699473213e-7
-7.127673712985145e-7
-6.364344054403538e-7
-5.669395915451217e-7
-5.039137735886226e-7
-4.4689946977956655e-7
-3.489388022609025e-7
-3.070266164268542e-7
-2.692245969315183e-7
-2.0434977123797956e-7
-1.7656668191466684e-7
-1.2879094151742525e-7
-8.9733531964642e-8
-7.29460098368111e-8
-4.398777347360323e-8
-2.0237268562962268e-8
-7.568428082207011e-10
2.206180579278024e-8
3.384470214252242e-8
4.3411566785968515e-8
5.4372185517500233e-8
6.209270698672111e-8
6.73052728327171e-8
7.058590433374834e-8
7.239474778635643e-8
7.309961207077074e-8
7.281573372568208e-8
7.159858712834083e-8
6.981726326420646e-8
6.773465799758528e-8
6.498803939352688e-8
6.230389565195173e-8
5.981837342173106e-8
5.7587404600531624e-8
5.5249737333885625e-8
5.355319867613666e-8
5.147444124352524e-8
4.986888895348384e-8
4.807214165781073e-8
4.598070536748399e-8
4.404690639085153e-8
4.1391946566730396e-8
3.890079628445176e-8
3.6041713260345453e-8
3.2968154432530364e-8
3.0184201124349726e-8
1.1979460747882742e-5
4.4794547422019195e-6
1.713667566366957e-6
5.270108987949533e-7
-3.818585673846574e-9
-2.297857694646298e-7
-3.0617739638546604e-7
-3.084401840886556e-7
-2.7529216103512776e-7
-2.2710542306960778e-7
-1.7458824504867185e-7
-1.2320774542840407e-7
-7.556260826752308e-8
-3.269530654204684e-8
5.173515891536375e-9
3.823556891739593e-8
6.687044111475131e-8
9.152606867983958e-8
1.1265769865348573e-7
1.306985164603946e-7
1.590610746693452e-7
1.7005975769679418e-7
1.7932196134749242e-7
1.9357117357821542e-7
1.989427662375864e-7
2.0692889319274578e-7
2.1197377207105482e-7
2.1360494851763066e-7
2.154017874086038e-7
2.1557494200183835e-7
2.1444914759376638e-7
2.108993958065299e-7
2.07606394214229e-7
2.0377555056060033e-7
1.9731472894183167e-7
1.9030563677908218e-7
1.8301629281281573e-7
1.7566110319708744e-7
1.6841825001444983e-7
1.614310343877926e-7
1.5268691970483628e-7
1.4471880576875204e-7
1.3757263528326522e-7
1.312405902009707e-7
1.2441678294926074e-7
1.1869835714674686e-7
1.1391179522657358e-7
1.0983319571392103e-7
1.055469258316025e-7
1.0224954145850584e-7
9.775485502003387e-8
9.381543290535535e-8
8.895068766453426e-8
8.299213864726161e-8
7.75701754238225e-8
7.067935890165569e-8
6.494758704163388e-8
5.9216447048096535e-8
5.3970194800737364e-8
4.997484109096007e-8
4.223870351461395e-7
-3.5341368583376154e-7
-4.0439769113832184e-7
-3.747607059651531e-7
-3.529001503597174e-7
-3.442377170061202e-7
-3.427042133312635e-7
-3.4321996611938517e-7
-3.4303372204397416e-7
-3.41054480861545e-7
-3.3710011763562816e-7
-3.3139516782583823e-7
-3.2429469068729325e-7
-3.161552260835721e-7
-3.0728730179820515e-7
-2.9794702414618163e-7
-2.8834276169170056e-7
-2.786450408683796e-7
-2.689948168080807e-7
-2.5950893538627146e-7
-2.413940109403338e-7
-2.328992538184501e-7
-2.2483933813277525e-7
-2.101060147757091e-7
-2.0343909854985905e-7
-1.9143984026391098e-7
-1.8104878734933086e-7
-1.763771827891864e-7
-1.6791148925860983e-7
-1.6039680971303112e-7
-1.5359696948507035e-7
-1.4431912706821804e-7
-1.3853890663644547e-7
-1.3296735325422462e-7
-1.2488001116800645e-7
-1.1705435038320805e-7
-1.0951255003598126e-7
-1.0233386944765863e-7
-9.561261874969171e-8
-8.942676018146135e-8
-8.208210194899245e-8
-7.576210582176582e-8
-7.036967175881968e-8
-6.575431110984851e-8
-6.082986249320185e-8
-5.6581732214060794e-8
-5.279937021444475e-8
-4.9352144812186896e-8
-4.557221517766956e-8
-4.270070477853954e-8
-3.9109535693700924e-8
-3.642385044022342e-8
-3.370672669389326e-8
-3.105779258145555e-8
-2.9052933148302417e-8
-2.6801764794131102e-8
-2.504276334225159e-8
-2.328777900060614e-8
-2.1583120482754345e-8
-2.010803210504382e-8
1.8481532615193044e-6
-6.57754354318217e-8
-3.876321186107919e-7
-3.825748859749341e-7
-3.25534469256939e-7
-2.776165662109913e-7
-2.4689712615420385e-7
-2.2947924992332543e-7
-2.2035294378489873e-7
-2.1580494549727534e-7
-2.1351398419848222e-7
-2.1215223154113454e-7
-2.1100236270931136e-7
-2.0969337209915756e-7
-2.080427008833339e-7
-2.0596999589798123e-7
-2.034526544568806e-7
-2.0050320779761717e-7
-1.9715700154362516e-7
-1.9346429810892432e-7
-1.8527986594003819e-7
-1.8091391735780492e-7
-1.7644573309191538e-7
-1.6741082068343068e-7
-1.6293076288390096e-7
-1.5420967637471797e-7
-1.4595564381902749e-7
-1.4204158602674128e-7
-1.3468403546547185e-7
-1.2798369399241502e-7
-1.2194872731245904e-7
-1.1409742814845046e-7
-1.095971798371605e-7
-1.056083982173703e-7
-1.004148059202691e-7
-9.592877697675498e-8
-9.190233404889899e-8
-8.813490224359957e-8
-8.44830864717604e-8
-8.085880454044237e-8
-7.600490419297265e-8
-7.113665570381645e-8
-6.633684386171963e-8
-6.172617565765053e-8
-5.6411184631229487e-8
-5.1748464225479704e-8
-4.7797003387963985e-8
-4.451130340744218e-8
-4.128514607266926e-8
-3.903072452861657e-8
-3.628330582973995e-8
-3.413824645552548e-8
-3.176485759286888e-8
-2.9197494383084165e-8
-2.712256873679704e-8
-2.4765456898190528e-8
-2.2982893572963132e-8
-2.1286738065572228e-8
-1.9693934021731593e-8
-1.831313200645351e-8
3.627235718809355e-6
3.5621619643602505e-7
-5.013472317315494e-7
-6.726060246664012e-7
-6.342903791872236e-7
-5.423260420082771e-7
-4.493239265202557e-7
-3.710863324059313e-7
-3.1006220014386076e-7
-2.6421935155862495e-7
-2.3044550643539384e-7
-2.057838536080072e-7
-1.8780168412114132e-7
-1.746249408425371e-7
-1.6485973201984092e-7
-1.574899915141082e-7
-1.517840867234366e-7
-1.4721955520394625e-7
-1.4342591801245662e-7
-1.4014251165138444e-7
-1.3443733257511998e-7
-1.318073708519579e-7
-1.2924349759673428e-7
-1.2419341462795065e-7
-1.2167853597342077e-7
-1.1665329098838611e-7
-1.1165731429806742e-7
-1.0918522448473045e-7
-1.0432726666696124e-7
-9.962872868958882e-8
-9.513709519541193e-8
-8.886912284557578e-8
-8.504091828102465e-8
-8.150915465865929e-8
-7.677036343191459e-8
-7.26751755323818e-8
-6.916441636796818e-8
-6.615891072066026e-8
-6.356954904806629e-8
-6.130467903426009e-8
-5.8637321161264496e-8
-5.620236370665231e-8
-5.385150763268601e-8
-5.1486033932604916e-8
-4.844097134244669e-8
-4.530516746911107e-8
-4.215284678065406e-8
-3.9090014512372955e-8
-3.5680240790423806e-8
-3.3154355247865006e-8
-3.0178773864798906e-8
-2.8136529430307912e-8
-2.6241720686346834e-8
-2.4511222803657225e-8
-2.319805466686506e-8
-2.1602260008063678e-8
-2.0196491413592456e-8
-1.8638805200654382e-8
-1.7025275007134102e-8
-1.5628329446965497e-8
5.227229941576694e-6
4.4142453942393215e-7
-1.1876538072790187e-6
-1.739575102464429e-6
-1.8535008826661302e-6
-1.7806855976216757e-6
-1.6325726293332852e-6
-1.4613119181840742e-6
-1.2914222994333204e-6
-1.133859488714145e-6
-9.927752780149054e-7
-8.689271539124877e-7
-7.614460906477115e-7
-6.687624986466631e-7
-5.89087841622498e-7
-5.206577931134349e-7
-4.6184662757793076e-7
-4.112124168721877e-7
-3.6750577148322764e-7
-3.296602284420009e-7
-2.6809060128790197e-7
-2.429751629249272e-7
-2.2089810161589546e-7
-1.841601924533319e-7
-1.6881835450275324e-7
-1.4287574724619367e-7
-1.2195353764698991e-7
-1.1299457200642003e-7
-9.75080679975327e-8
-8.468243945609734e-8
-7.398124246261236e-8
-6.106144148656428e-8
-5.411539647499696e-8
-4.8246741071145714e-8
-4.1096799046454244e-8
-3.55349772767724e-8
-3.12151633116352e-8
-2.7872311998026764e-8
-2.5300720402890314e-8
-2.333648974408358e-8
-2.1431606000873225e-8
-2.010274049601408e-8
-1.9136151609697404e-8
-1.8366718859106622e-8
-1.7503700959496e-8
-1.661319724275915e-8
-1.561318393667512e-8
-1.4475121412619859e-8
-1.2954629528676231e-8
-1.1625779519940319e-8
-9.82587872450762e-9
-8.471089513788139e-9
-7.219788457782508e-9
-6.2715691788746085e-9
-5.830046859294885e-9
-5.64993573785449e-9
-5.666478731772293e-9
-5.6664996990356105e-9
-5.481146153183372e-9
-5.0691700594020676e-9
8.101434975264648e-6
1.756931562040455e-6
-8.252063009481388e-7
-2.0087045794312805e-6
-2.5385510125776594e-6
-2.719025893361081e-6
-2.7007239813896444e-6
-2.568096039165258e-6
-2.371690212737537e-6
-2.1425151655907713e-6
-1.8996364060404466e-6
-1.6546847821456141e-6
-1.4146744452456069e-6
-1.183776087080796e-6
-9.644134986038255e-7
-7.579241439323579e-7
-5.649484615234885e-7
-3.856588495564041e-7
-2.1989949419744343e-7
-6.727951006287817e-8
2.0087751755061914e-7
3.178073492875393e-7
4.24296512048441e-7
6.08885621043562e-7
6.883615870612381e-7
8.247490560379488e-7
9.345632853754635e-7
9.806609091448354e-7
1.0572569825544782e-6
1.1154702763123135e-6
1.1579466923635401e-6
1.1973065597971187e-6
1.2103127040003123e-6
1.2147782514101905e-6
1.208603558192726e-6
1.1905091641844487e-6
1.163761274859554e-6
1.1310946626966395e-6
1.0948286490575745e-6
1.0568741268884363e-6
1.006140740609466e-6
9.57379761368514e-7
9.119701676764377e-7
8.706571418825276e-7
8.253187672655286e-7
7.870460888178796e-7
7.552332271793456e-7
7.286845310821534e-7
7.01719586994755e-7
6.817088220893033e-7
6.551617895863848e-7
6.320646275438289e-7
6.03074542191963e-7
5.662934069820789e-7
5.314741972034061e-7
4.854904860190172e-7
4.459712032934219e-7
4.055377317982297e-7
3.679438536371858e-7
3.392544969994502e-7
2.932840351640216e-5
2.144307099662785e-5
1.793427499465965e-5
1.595674293922929e-5
1.4645439223544458e-5
1.3772840046885809e-5
1.3220389178294806e-5
1.2887521229346395e-5
1.2693548714379103e-5
1.2583435101631526e-5
1.2525109978947991e-5
1.2502263305494883e-5
1.2507033622395863e-5
1.2534735963746533e-5
1.2580991929387319e-5
1.2640742225520666e-5
1.2708384271521654e-5
1.2778375247155633e-5
1.2845857479134697e-5
1.2907078413600923e-5
1.3001915004416168e-5
1.3033803030412003e-5
1.3055427016998197e-5
1.3070131078127848e-5
1.3064354213500998e-5
1.3028256150797204e-5
1.2959700674296843e-5
1.2913002877278295e-5
1.2794423213386688e-5
1.2643070898319272e-5
1.2461792198332995e-5
1.214381844047985e-5
1.1908528782447384e-5
1.165977170315766e-5
1.126834602508147e-5
1.0861527221380505e-5
1.0445362411408992e-5
1.0026542343543354e-5
9.612741477493829e-6
9.211414315550011e-6
8.705358429022765e-6
8.238727020586355e-6
7.813218698005932e-6
7.428617123902496e-6
7.005479785212951e-6
6.645842296596657e-6
6.344830549302044e-6
6.092273257018701e-6
5.836082369813945e-6
5.649591229191433e-6
5.414433882827473e-6
5.224260534558217e-6
4.99928908265229e-6
4.722671971874066e-6
4.461962813635808e-6
4.113076814271153e-6
3.802900854406433e-6
3.4680774560553395e-6
3.135370794982778e-6
2.8648913568388564e-6
5.097238913968458e-5
4.2045404288837076e-5
3.8039716126881387e-5
3.562206804290331e-5
3.380939202049973e-5
3.245363040508831e-5
3.147366739637544e-5
3.0760413852059715e-5
3.0211638115858218e-5
2.9756879655921713e-5
2.9359054915578752e-5
2.9004254562887878e-5
2.8689853804201425e-5
2.841578012688831e-5
2.8179966215458905e-5
2.7977149699557387e-5
2.7799648736358056e-5
2.7638896177458108e-5
2.748691503102906e-5
2.733732312966719e-5
2.7029835696746452e-5
2.6868717213548087e-5
2.6702615229052686e-5
2.6358324433010785e-5
2.618139828765348e-5
2.5818542498096612e-5
2.544021204712432e-5
2.52432290460194e-5
2.482990044255574e-5
2.4388335451352172e-5
2.391946537509847e-5
2.317513854744751e-5
2.2660266658081748e-5
2.2136490128189543e-5
2.134112929308059e-5
2.053925592191126e-5
1.9735476989239464e-5
1.8936933372338765e-5
1.81537590876521e-5
1.7396647659113576e-5
1.644166725500042e-5
1.5557311036125282e-5
1.4744974797132868e-5
1.4004013901836435e-5
1.3179589927683247e-5
1.2469760160569743e-5
1.186849110699178e-5
1.1360054243061658e-5
1.0845240112847516e-5
1.0476622743142756e-5
1.002825547352296e-5
9.684264588810597e-6
9.297527689344812e-6
8.839286340252585e-6
8.412013893913062e-6
7.832572860657532e-6
7.299454772726903e-6
6.696753637050369e-6
6.0642670807454785e-6
5.518140644442752e-6
3.1963750343142666e-5
2.2888955160252143e-5
1.8865653681831757e-5
1.658984952173508e-5
1.5075940123139387e-5
1.4042549577403973e-5
1.3348239750839895e-5
1.2884717919524279e-5
1.2569763136621503e-5
1.234854593988257e-5
1.2189182871564843e-5
1.2075115553915507e-5
1.1997909596725264e-5
1.19522025997147e-5
1.1932996945651299e-5
1.1934742007394172e-5
1.1951468375726297e-5
1.1977348791389989e-5
1.200727222440558e-5
1.2037221966036365e-5
1.2087139505025475e-5
1.2104662098311044e-5
1.2116795021859547e-5
1.2125557805687824e-5
1.2122584010711234e-5
1.2101990411425025e-5
1.2060293411138605e-5
1.20306804122569e-5
1.1952497997377017e-5
1.1848454226520558e-5
1.1719728414922778e-5
1.1486834964965217e-5
1.1310221627269876e-5
1.112018830764531e-5
1.0814730788803956e-5
1.0489106676759105e-5
1.0147544516438481e-5
9.79535287445101e-6
9.439102416808028e-6
9.08546482848021e-6
8.627150337590574e-6
8.190825691578496e-6
7.780184759215073e-6
7.397698833171812e-6
6.963440905563676e-6
6.581951893255215e-6
6.253023682710677e-6
5.971270174034554e-6
5.684951138612228e-6
5.482002557391596e-6
5.241850806523632e-6
5.065729225609075e-6
4.877579354176931e-6
4.6648364171905825e-6
4.470961935097166e-6
4.207088266419322e-6
3.957432123908686e-6
3.662993003780771e-6
3.337436879728095e-6
3.0391516417502606e-6
1.6306206284471102e-5
7.276625393662038e-6
3.453954972209642e-6
1.4861780981794594e-6
3.669009749388118e-7
-2.836237970386637e-7
-6.484329625337734e-7
-8.328241720435913e-7
-9.023642467572487e-7
-8.985341608942722e-7
-8.474036056116252e-7
-7.653370263579043e-7
-6.628411513539538e-7
-5.470304232001116e-7
-4.230782528518807e-7
-2.9498418225636854e-7
-1.6593003619900113e-7
-3.842522167317182e-8
8.563023421071849e-8
2.0489485479460808e-7
4.2605438135281277e-7
5.273613684138183e-7
6.225048934412069e-7
7.950986999003118e-7
8.730320559946191e-7
1.01327693577113e-6
1.1338320903787232e-6
1.1870801621084188e-6
1.2802138369074665e-6
1.3566272128686267e-6
1.4178952341055425e-6
1.4852850366031626e-6
1.5164024892369865e-6
1.538218401100236e-6
1.5560066904754471e-6
1.5584796133949806e-6
1.5480865461588548e-6
1.5272261184323784e-6
1.4983664079608428e-6
1.4638491463990066e-6
1.4123390955749622e-6
1.3574804875556815e-6
1.3013701994442482e-6
1.2456074964397717e-6
1.1786651232360035e-6
1.11707055193789e-6
1.0621279518327243e-6
1.0138715920292944e-6
9.639591048108575e-7
9.283890361950607e-7
8.86871739716065e-7
8.575470050651927e-7
8.278024336216101e-7
7.959494703377768e-7
7.679760093939351e-7
7.304832408965471e-7
6.944338765226555e-7
6.500078819058785e-7
5.979902736790459e-7
5.475014083785934e-7
1.4964680637119637e-5
5.897202908794476e-6
2.258756753040767e-6
5.127726493526265e-7
-3.919791176022718e-7
-8.663571401124458e-7
-1.1017890952139234e-6
-1.1986546559475681e-6
-1.2137654314319207e-6
-1.1807969200030474e-6
-1.1202473222419791e-6
-1.0447806084345869e-6
-9.622861634889072e-7
-8.776984573868352e-7
-7.940993925435637e-7
-7.133914991972434e-7
-6.367116805444979e-7
-5.646887405931569e-7
-4.976077611970959e-7
-4.355192301337779e-7
-3.2578361206730743e-7
-2.776513303912612e-7
-2.3361314432333133e-7
-1.5657031813507848e-7
-1.2296810066436636e-7
-6.426167665937597e-8
-1.5370821956822216e-8
5.882048815913763e-9
4.2828701942050966e-8
7.331483202309413e-8
9.834327852415259e-8
1.2751262924180937e-7
1.4240832289969647e-7
1.5433079533708156e-7
1.6760418197018682e-7
1.7637461344756103e-7
1.8156534789152043e-7
1.839500807560216e-7
1.8420033708399854e-7
1.8288305346234898e-7
1.794458211482796e-7
1.7475468779569238e-7
1.6930069834972342e-7
1.634491106482028e-7
1.560508354628987e-7
1.4901317556590937e-7
1.42613080046457e-7
1.3690665957106022e-7
1.3088727038940958e-7
1.264807692494231e-7
1.2113492043226572e-7
1.171551882210786e-7
1.1288315988803378e-7
1.0805994631077854e-7
1.037064116801638e-7
9.789197487998458e-8
9.249243675707332e-8
8.61671815671777e-8
7.914798095183213e-8
7.265830705021462e-8
5.747426554762063e-7
-5.398743091948102e-8
-9.379203418363955e-8
-6.912044831936408e-8
-4.941505390812848e-8
-3.9572368369945064e-8
-3.574183694492951e-8
-3.4600577755222584e-8
-3.431281211820457e-8
-3.408037037884111e-8
-3.3654135118648456e-8
-3.302095303709003e-8
-3.2240423429832105e-8
-3.1374610551583014e-8
-3.0466479052109566e-8
-2.953978704271411e-8
-2.8605820593425476e-8
-2.767024714350836e-8
-2.673774066095974e-8
-2.581416337469504e-8
-2.4024324902247847e-8
-2.3174490009057085e-8
-2.2364423784717018e-8
-2.0882226242140955e-8
-2.0214094919003876e-8
-1.9019524684474316e-8
-1.799320500863996e-8
-1.7533116317664453e-8
-1.6698475371112713e-8
-1.5953828619267396e-8
-1.527600413158351e-8
-1.434818670480651e-8
-1.3771491877921679e-8
-1.3218047126700573e-8
-1.241843070826193e-8
-1.1645836590567254e-8
-1.0899237134530949e-8
-1.0185746480133618e-8
-9.515996119060156e-9
-8.899467275380007e-9
-8.168751929539897e-9
-7.541132060864097e-9
-7.0052670482588944e-9
-6.545368774830839e-9
-6.0536008079813864e-9
-5.629969941419897e-9
-5.254157123976113e-9
-4.912224440373853e-9
-4.5366747659342375e-9
-4.250705281124888e-9
-3.892970022006171e-9
-3.625803462875241e-9
-3.355506366806612e-9
-3.0914359865707366e-9
-2.8914659548816797e-9
-2.6675305464986317e-9
-2.492897350271457e-9
-2.318432942889944e-9
-2.1487014507909984e-9
-2.0017833125006912e-9
1.963995040029546e-6
1.7960416057971946e-7
-1.1262369319867052e-7
-1.2171557157160868e-7
-8.710434134451488e-8
-5.807257442466978e-8
-4.0385768485298515e-8
-3.096094723633516e-8
-2.629133416016135e-8
-2.4033139349986714e-8
-2.2894843878987047e-8
-2.2249016725221875e-8
-2.1819860184244047e-8
-2.149283159174517e-8
-2.121674061809837e-8
-2.096140234246572e-8
-2.070358836939798e-8
-2.0424815969234632e-8
-2.0112471533718113e-8
-1.976066986851071e-8
-1.8945476399447207e-8
-1.849588453480267e-8
-1.803064851368186e-8
-1.7088615667923143e-8
-1.6625632842739084e-8
-1.5736458594743674e-8
-1.4906661392258625e-8
-1.4514693060260714e-8
-1.3775406068392965e-8
-1.3094921133590637e-8
-1.2474450105517162e-8
-1.166020271765488e-8
-1.1194163094924522e-8
-1.0784270812868599e-8
-1.0256451060900417e-8
-9.803457472404686e-9
-9.394936333776779e-9
-9.009223853809475e-9
-8.633710440358893e-9
-8.262098781727309e-9
-7.768142674208189e-9
-7.275263550181033e-9
-6.788290204747248e-9
-6.317681601823754e-9
-5.772405414868597e-9
-5.293906620452542e-9
-4.889587712103493e-9
-4.553706221881215e-9
-4.222843122692867e-9
-3.990987913513997e-9
-3.7094117835096587e-9
-3.4910376092422557e-9
-3.2496400168938918e-9
-2.987261884269598e-9
-2.7746627523521866e-9
-2.5335552155826267e-9
-2.351262829533232e-9
-2.177269109996136e-9
-2.013874046710398e-9
-1.872803872367872e-9
3.817882617716547e-6
7.25587056445923e-7
-4.3643777294212754e-8
-2.084650889886781e-7
-2.0506356370259328e-7
-1.6272286120902732e-7
-1.1997517526908576e-7
-8.63448896437115e-8
-6.227455722248567e-8
-4.5829292431500626e-8
-3.4877767043002306e-8
-2.7691888034812404e-8
-2.301583614993308e-8
-1.9983120311361056e-8
-1.8012049914331586e-8
-1.671823768830968e-8
-1.585041450482368e-8
-1.5245997831440598e-8
-1.4801105695577343e-8
-1.4450481364744892e-8
-1.3887868392911252e-8
-1.3638122008796406e-8
-1.3397074703225324e-8
-1.2926079017211799e-8
-1.269245021687806e-8
-1.2224328403294506e-8
-1.1752030370770119e-8
-1.151403189992445e-8
-1.1036045981832057e-8
-1.0560536665235803e-8
-1.0095788077099998e-8
-9.437468906504698e-9
-9.03389708615647e-9
-8.66249805891809e-9
-8.166095872903733e-9
-7.737142043838095e-9
-7.366918924167508e-9
-7.04691993676605e-9
-6.769453538172351e-9
-6.526836996845614e-9
-6.243120055066751e-9
-5.986132734752396e-9
-5.738164877580695e-9
-5.4876227296357494e-9
-5.164201248234245e-9
-4.831645678336868e-9
-4.498096803885603e-9
-4.1736987087475505e-9
-3.810874256624348e-9
-3.5407930679973175e-9
-3.2219443185317593e-9
-3.0031904177035866e-9
-2.8002023822235415e-9
-2.6146041572809423e-9
-2.4741687046928557e-9
-2.304669674164607e-9
-2.155757656841507e-9
-1.9902480810158927e-9
-1.8182058218986395e-9
-1.6689678840156653e-9
6.080830608389913e-6
1.510871336928338e-6
6.11586316304962e-8
-4.1295821921188594e-7
-5.295203722047829e-7
-5.112060705838181e-7
-4.468738417396735e-7
-3.7307291398828e-7
-3.0426521128530553e-7
-2.452919217582357e-7
-1.9685333941550403e-7
-1.5799394446764722e-7
-1.2723109644189925e-7
-1.0305009286501392e-7
-8.410057702499763e-8
-6.925436119800196e-8
-5.760216979547231e-8
-4.8426649182261345e-8
-4.1169144601707624e-8
-3.539792001591541e-8
-2.7062207800690952e-8
-2.4046249696556845e-8
-2.1581850733623652e-8
-1.7868030154954968e-8
-1.6458271415962777e-8
-1.4255578708654751e-8
-1.263199546816185e-8
-1.1972994071214949e-8
-1.087415509752115e-8
-9.989170211573837e-9
-9.253581131980196e-9
-8.343835037009383e-9
-7.831403812969403e-9
-7.3772226757316875e-9
-6.786090595780493e-9
-6.28567406558752e-9
-5.861541721178624e-9
-5.502054648365223e-9
-5.197324360296557e-9
-4.938884108353363e-9
-4.653763410084591e-9
-4.422734476924019e-9
-4.232068859116662e-9
-4.069348714253632e-9
-3.889057094720438e-9
-3.719394400185159e-9
-3.549413651272235e-9
-3.3732641224317854e-9
-3.1520683066769603e-9
-2.9625521858056255e-9
-2.6995390222502135e-9
-2.4869539832157593e-9
-2.265209828508015e-9
-2.054959977412959e-9
-1.9099837401598987e-9
-1.7696157304655868e-9
-1.6751379285136575e-9
-1.5852234867108764e-9
-1.4891207301841813e-9
-1.389171809179907e-9
8.205909749329987e-6
2.098228571402626e-6
-1.8413331889422538e-7
-1.1336787427534248e-6
-1.508821477369136e-6
-1.6114103749008402e-6
-1.5804251632596525e-6
-1.4854523805545534e-6
-1.3629880190314664e-6
-1.2325351198436864e-6
-1.1044324153871922e-6
-9.83922282787007e-7
-8.733694333971563e-7
-7.735146009850479e-7
-6.842006911683194e-7
-6.047995943480867e-7
-5.344639952559944e-7
-4.7227448819469593e-7
-4.173230807778192e-7
-3.6875779132801034e-7
-2.877689830715239e-7
-2.5404498432772154e-7
-2.2409909379485762e-7
-1.7374859274406138e-7
-1.5259170645786582e-7
-1.1678915586872686e-7
-8.807146511905822e-8
-7.588152010337075e-8
-5.5069111437921805e-8
-3.81985678011225e-8
-2.4490113501736376e-8
-8.571486857840612e-9
-4.028566261281791e-10
6.2137735806160555e-9
1.3807228618403264e-8
1.9221557568818215e-8
2.2990611578145824e-8
2.551532524740432e-8
2.7099024932303662e-8
2.797480354557032e-8
2.8352274756858216e-8
2.8128368415698343e-8
2.75506033296872e-8
2.6793247634474443e-8
2.5763899824807e-8
2.4760975125665124e-8
2.3853482654085433e-8
2.3074357486316853e-8
2.231455589176994e-8
2.180292296201912e-8
2.1197840680710336e-8
2.0710833259121972e-8
2.0107118442284316e-8
1.930259474353815e-8
1.8462101309568644e-8
1.7198659478278085e-8
1.5970837842044753e-8
1.459033949013893e-8
1.3180375224892679e-8
1.1984683369579413e-8
1.2177966399756394e-5
4.568299797026514e-6
1.369351893389488e-6
-2.1878448896419487e-7
-1.054300789206722e-6
-1.480895247560908e-6
-1.6662416894088117e-6
-1.7038782500906467e-6
-1.6501850795173917e-6
-1.5404827636303386e-6
-1.397311948764631e-6
-1.2352290746231677e-6
-1.0637564413602727e-6
-8.892259041076368e-7
-7.159214660747488e-7
-5.467761636325272e-7
-3.837934229680385e-7
-2.283055609509295e-7
-8.114087772428299e-8
5.7258338388176086e-8
3.073865218009973e-7
4.1940934957888105e-7
5.23135977034065e-7
7.072445851420187e-7
7.884362132497277e-7
9.310532212613462e-7
1.0497017527344016e-6
1.1008588080088288e-6
1.1883466638194945e-6
1.2579570070517836e-6
1.3118481997686573e-6
1.3675996516141107e-6
1.3906878643910348e-6
1.4043636607174153e-6
1.410145904252965e-6
1.4016115930120457e-6
1.3819614193585605e-6
1.353956136964544e-6
1.3200075750631881e-6
1.2821758847018288e-6
1.2285495116303788e-6
1.1739663304057906e-6
1.1205063265575376e-6
1.06963216064331e-6
1.0112197469907668e-6
9.596331040905882e-7
9.151354767468297e-7
8.772261721580024e-7
8.391290389381944e-7
8.12333771109203e-7
7.803046971003059e-7
7.559565641119073e-7
7.286469879611044e-7
6.961702683206758e-7
6.65356665177783e-7
6.222353860954204e-7
5.814016291057451e-7
5.345576983553809e-7
4.847968910634769e-7
4.409505579969135e-7
3.193487162112368e-5
2.2868753773063896e-5
1.8851114660324624e-5
1.6579216197760058e-5
1.506808217850224e-5
1.4036697576069863e-5
1.3343854623159338e-5
1.288141570325782e-5
1.2567267049442628e-5
1.2346654304684306e-5
1.2187747189489717e-5
1.2074025381934263e-5
1.1997082058019654e-5
1.1951575051003587e-5
1.1932521789599814e-5
1.193438296248254e-5
1.1951197743288194e-5
1.1977145415950154e-5
1.2007119948086911e-5
1.2037108445647412e-5
1.2087077392764289e-5
1.2104616523538383e-5
1.2116761707069115e-5
1.212553984654871e-5
1.2122570478055317e-5
1.2101981548258143e-5
1.2060285716766508e-5
1.2030672547724414e-5
1.1952489023583673e-5
1.1848443736848946e-5
1.1719716423378954e-5
1.1486821083237361e-5
1.1310206757330188e-5
1.112017264424506e-5
1.0814714278665695e-5
1.0489089752337561e-5
1.014752762974021e-5
9.795336426465128e-6
9.43908668227317e-6
9.08544993325151e-6
8.6271365739975e-6
8.190813005080151e-6
7.780173139100298e-6
7.397688307124677e-6
6.9634317204427585e-6
6.581943865455129e-6
6.25301655400621e-6
5.971263759479717e-6
5.684945491497965e-6
5.481997505895811e-6
5.241846416433693e-6
5.065725196552949e-6
4.877575632920017e-6
4.6648330937579025e-6
4.47095897249074e-6
4.207085617194603e-6
3.9574296699005734e-6
3.6629908820481806e-6
3.3374351978795367e-6
3.0391501863498424e-6
4.9926574348885864e-5
3.980457163417073e-5
3.5385020014280734e-5
3.277777484830934e-5
3.085389275498415e-5
2.9428952528960953e-5
2.8404978753863392e-5
2.7660668412748527e-5
2.7085783464939513e-5
2.6606088868898005e-5
2.618386514367252e-5
2.580622638753826e-5
2.5472010550507224e-5
2.5182320830744892e-5
2.4935705816258766e-5
2.472698948538073e-5
2.4548222699584383e-5
2.4390421096665853e-5
2.4245203895392214e-5
2.4105895173296868e-5
2.3829047962929684e-5
2.36883116879295e-5
2.3546063862940887e-5
2.326007953101873e-5
2.3117543282197864e-5
2.283324434306877e-5
2.2544921386030033e-5
2.239653970450992e-5
2.2086227358072597e-5
2.175383742860125e-5
2.1398752706646514e-5
2.0831073280370386e-5
2.0436300924829836e-5
2.0033093147357357e-5
1.9416603649022904e-5
1.878731971075682e-5
1.8146054810555206e-5
1.7497213669190853e-5
1.6849254253955716e-5
1.6211971625639593e-5
1.5392156730603133e-5
1.4614849169448704e-5
1.3882534271561895e-5
1.3196948905250918e-5
1.2412362485268504e-5
1.1716851162727554e-5
1.1111811439522058e-5
1.0588571489530132e-5
1.0051377563804385e-5
9.668390972874913e-6
9.2179400666988e-6
8.895244251614396e-6
8.562674527846175e-6
8.202473053011602e-6
7.886554186152166e-6
7.468987812132632e-6
7.075965076810837e-6
6.601558889042046e-6
6.0569465056358405e-6
5.538057213340516e-6
3.445924842295065e-5
2.399262579770377e-5
1.949919433882746e-5
1.6976618652232404e-5
1.5255461414966337e-5
1.4058014710572009e-5
1.3245601587408443e-5
1.2695484259082334e-5
1.2308030575199764e-5
1.2017048742583485e-5
1.1786745453239022e-5
1.1601731429502412e-5
1.1456781661731215e-5
1.1349553482743876e-5
1.127678830251533e-5
1.1233217151360967e-5
1.121204804418918e-5
1.1206066817176489e-5
1.1208708786710795e-5
1.1214778920713397e-5
1.1224621021056043e-5
1.1225706461956543e-5
1.1224087693075049e-5
1.1214687266277022e-5
1.1207738664371481e-5
1.1189369479941565e-5
1.1161743391496398e-5
1.114265482789452e-5
1.1090521080535309e-5
1.1017172768940665e-5
1.0922403757513724e-5
1.0745803722439533e-5
1.0610325465004692e-5
1.0464072228328665e-5
1.0227607252376219e-5
9.971606929727774e-6
9.696597818464208e-6
9.405557301945546e-6
9.104355593178581e-6
8.79991140591397e-6
8.398541996305936e-6
8.00874029668101e-6
7.63289333710464e-6
7.272975626661061e-6
6.8516796220023225e-6
6.4706272310240275e-6
6.133894994939675e-6
5.83865912917288e-6
5.531394717706666e-6
5.3102705210991654e-6
5.0504920016429135e-6
4.867650960385277e-6
4.685214221075611e-6
4.495980533761517e-6
4.336950585955519e-6
4.1345628292484804e-6
3.946531710088812e-6
3.7147732965607376e-6
3.4387345011770734e-6
3.165549776779235e-6
2.0450079499394758e-5
9.882632373787305e-6
5.4290973352391195e-6
3.101939255048892e-6
1.7217451989565111e-6
8.70847136369035e-7
3.504292910396273e-7
4.1845424826407256e-8
-1.313185266847918e-7
-2.176300668283962e-7
-2.467745205028337e-7
-2.3643614208377447e-7
-1.973769400513405e-7
-1.367767549997656e-7
-6.012765371667753e-8
2.789296610873292e-8
1.2315678740450073e-7
2.2210361193139736e-7
3.218345889582696e-7
4.201685237117164e-7
6.073205013187297e-7
6.948593537904995e-7
7.781560998051252e-7
9.324825538646049e-7
1.0038338607732518e-6
1.1354177780943015e-6
1.2521750587707083e-6
1.3048693502069394e-6
1.398698724025525e-6
1.4773287466327308e-6
1.5417050303599264e-6
1.614988231517999e-6
1.6508282954745993e-6
1.677943730342983e-6
1.7043394085521422e-6
1.715332934491912e-6
1.712460122672658e-6
1.697664632007078e-6
1.6734590929376729e-6
1.6424739029914204e-6
1.5942941582981943e-6
1.5411187625695738e-6
1.4846159677742488e-6
1.4261705364453651e-6
1.3531776947749303e-6
1.2837709554311591e-6
1.2202857092980221e-6
1.1630702010435785e-6
1.1019054133758307e-6
1.056942907149922e-6
1.0036252734175651e-6
9.664128590407793e-7
9.30198075237481e-7
8.940107168824692e-7
8.648720373655672e-7
8.295044161372321e-7
7.97465682143506e-7
7.573652292591061e-7
7.080426488329892e-7
6.576234371240293e-7
6.696735990313875e-7
2.0378861819934117e-7
1.8974165169077552e-7
2.221553664801525e-7
2.484013294274345e-7
2.647145357886836e-7
2.738719405938836e-7
2.783576784232786e-7
2.7967933568030526e-7
2.786776965091877e-7
2.7584823462429496e-7
2.715353243258308e-7
2.660251344629259e-7
2.595798984926714e-7
2.52444335559792e-7
2.448419545366698e-7
2.3696991772052416e-7
2.2899584546332233e-7
2.2105723567735303e-7
2.1326301611290555e-7
1.9841847194878155e-7
1.9147146705782263e-7
1.8488225857634156e-7
1.728239112209949e-7
1.6735453624305294e-7
1.5748276185138057e-7
1.4890846127420604e-7
1.4504998289799734e-7
1.3806189522289892e-7
1.3187314801133652e-7
1.262898210508671e-7
1.1869250024200272e-7
1.1396359727573932e-7
1.0940356096292464e-7
1.0277856322182551e-7
9.636344381445952e-8
9.017977479298717e-8
8.429214694579663e-8
7.877467179227888e-8
7.368850010667741e-8
6.763591869523856e-8
6.241730251747047e-8
5.7962390243703765e-8
5.4153115950167635e-8
5.009560273315057e-8
4.6599743434116894e-8
4.348837957591966e-8
4.0653247632420715e-8
3.754515216121228e-8
3.518323504454476e-8
3.222536212320811e-8
3.000953445752217e-8
2.7766611310861897e-8
2.558208158882549e-8
2.3930328303540585e-8
2.207550427086744e-8
2.062580684582652e-8
1.9179779904653997e-8
1.777500122131629e-8
1.6558345277608516e-8
2.0036485537333743e-6
3.389089308986594e-7
8.326381075857414e-8
7.750599421861752e-8
1.0813741153143102e-7
1.3415927195586078e-7
1.5131772600425702e-7
1.620933024617398e-7
1.6901170280974834e-7
1.7361320142923775e-7
1.7667226978311627e-7
1.785446454929811e-7
1.7940509509036053e-7
1.7937079924302107e-7
1.7855065404367552e-7
1.7705658794608914e-7
1.7499989253422196e-7
1.724845588845299e-7
1.6960254482424556e-7
1.6643207691105922e-7
1.5947591166643394e-7
1.5579069829951457e-7
1.520228432417715e-7
1.4437919904321052e-7
1.4056586689188843e-7
1.3309214812390283e-7
1.2596960856706388e-7
1.2258301415219872e-7
1.162154427277142e-7
1.104266332808217e-7
1.0522496026135878e-7
9.846564570829377e-8
9.458511916423383e-8
9.113602926144171e-8
8.663137242114284e-8
8.273892659694515e-8
7.925926985465217e-8
7.602208365268988e-8
7.289677708867704e-8
6.979788998574659e-8
6.564117158165318e-8
6.146275474645905e-8
5.733770926619164e-8
5.337188035680426e-8
4.879211184866715e-8
4.476032030353263e-8
4.133048204890041e-8
3.847287059464597e-8
3.567039507392881e-8
3.371854335386045e-8
3.1347373592999494e-8
2.949963218295831e-8
2.745749452106166e-8
2.5248661363116408e-8
2.3459462732198507e-8
2.1418995218851413e-8
1.987215969571832e-8
1.840160697969431e-8
1.702344144538046e-8
1.5829937880930114e-8
3.790279437256932e-6
8.44684016148762e-7
1.5346817352790796e-7
7.631034175089729e-9
3.3567767842997723e-9
2.9557852482610235e-8
5.6050131548571e-8
7.642427677503798e-8
9.085348189236134e-8
1.0084185579546513e-7
1.0776556338954746e-7
1.1260132691808207e-7
1.1598260488807535e-7
1.1830970841669044e-7
1.1983924969830338e-7
1.207425973198674e-7
1.2114029098589087e-7
1.2112126461231717e-7
1.207535262845971e-7
1.2009040071630456e-7
1.1804089159360884e-7
1.1671871414390359e-7
1.1523341875847545e-7
1.1186241308045671e-7
1.1001702851619738e-7
1.0609854998542909e-7
1.0198718595351085e-7
9.989660221432809e-8
9.571006548636167e-8
9.158782012073014e-8
8.759885704141108e-8
8.197381148810825e-8
7.851082067216244e-8
7.529960497547404e-8
7.096818283562135e-8
6.720646140994848e-8
6.397057121877718e-8
6.119458471141217e-8
5.880032389609248e-8
5.670543997480776e-8
5.424006365367408e-8
5.199485856335088e-8
4.983474319765175e-8
4.766795451382181e-8
4.4883018409699717e-8
4.2012858807137273e-8
3.91203000072032e-8
3.630066084207594e-8
3.314934484848067e-8
3.080520331582881e-8
2.8031237075796966e-8
2.6119654601695178e-8
2.4343971907195133e-8
2.2728102606021577e-8
2.1510661726222575e-8
2.0040686156933678e-8
1.874888917008247e-8
1.7314713948138626e-8
1.5821538754077e-8
1.4521013559288082e-8
6.115911727413928e-6
1.7147721940988636e-6
4.049760572029476e-7
-6.063070382487716e-9
-1.1320313308584817e-7
-1.1533452149660393e-7
-8.510119196335555e-8
-4.937392315991652e-8
-1.7381858348068705e-8
8.514138626070505e-9
2.8496933999713844e-8
4.3539664552567075e-8
5.47182468221748e-8
6.29707869841383e-8
6.904035503662641e-8
7.348749641459472e-8
7.672408045452117e-8
7.904888067716133e-8
8.067793791906959e-8
8.176814675313713e-8
8.276302173955723e-8
8.281818394367124e-8
8.264998035494263e-8
8.179129808426352e-8
8.115647977867847e-8
7.957750515966035e-8
7.768313317150237e-8
7.664607289292347e-8
7.443707884954247e-8
7.209862112898852e-8
6.968389316404115e-8
6.60195488876111e-8
6.360562191528669e-8
6.125199857583582e-8
5.7886016558998253e-8
5.476511099323368e-8
5.1919999942308094e-8
4.9362498504459646e-8
4.709041748383455e-8
4.509046995405469e-8
4.280728681988671e-8
4.089519410782632e-8
3.9270493879065644e-8
3.78489203392997e-8
3.624245007424126e-8
3.471386945662211e-8
3.317728528938269e-8
3.158380794114886e-8
2.958188075625323e-8
2.786527032281036e-8
2.547823858486749e-8
2.354064221473312e-8
2.150514756394949e-8
1.955299805094399e-8
1.818694890915441e-8
1.6839705681296256e-8
1.591674948567095e-8
1.5035594259115686e-8
1.4107285590715649e-8
1.3159504421794652e-8
8.801134535765013e-6
2.850855412703238e-6
7.750227119002022e-7
-3.7283501759967325e-8
-3.4704470488864395e-7
-4.3919643454583465e-7
-4.3558334465477843e-7
-3.9215242753658795e-7
-3.3535770173919536e-7
-2.775957294617419e-7
-2.2433031414564678e-7
-1.7757586804800122e-7
-1.3766301253105575e-7
-1.0414902645510038e-7
-7.628648058442423e-8
-5.325852722267529e-8
-3.429005879927315e-8
-1.8693428651987125e-8
-5.880691639514995e-9
4.6402365212219645e-9
2.0361189587303162e-8
2.616873321329982e-8
3.09223715117633e-8
3.796581674496152e-8
4.052754663316865e-8
4.423642644493367e-8
4.6536233297613264e-8
4.729107218743053e-8
4.8200785574311986e-8
4.8494311505927546e-8
4.8335019317901125e-8
4.7497894432720326e-8
4.6662497667221604e-8
4.5677862629647536e-8
4.402198987394278e-8
4.225569882081058e-8
4.0465396245321116e-8
3.871268555720879e-8
3.704051253423782e-8
3.5476926184616406e-8
3.3586795507978985e-8
3.192742401340745e-8
3.0488231438339655e-8
2.924619525637521e-8
2.7925937119862277e-8
2.6804019921675038e-8
2.581391834043003e-8
2.489227005575689e-8
2.3803795489464285e-8
2.2871340499498604e-8
2.1499057708560905e-8
2.0266015255926223e-8
1.8796238385785925e-8
1.7149116707654414e-8
1.5809508092788197e-8
1.4311090979481372e-8
1.3224488147205196e-8
1.226473817483453e-8
1.1460887859555209e-8
1.0835371370249688e-8
1.1358653213092346e-5
3.860955370337122e-6
9.283012113516055e-7
-4.100992883511087e-7
-1.0454633709914526e-6
-1.3305335142411471e-6
-1.4294178793235685e-6
-1.426692003602551e-6
-1.3689030425441826e-6
-1.2827232462950447e-6
-1.1837607026290865e-6
-1.0811883358626707e-6
-9.803264320891472e-7
-8.841490100931556e-7
-7.941909708260735e-7
-7.1110647482665e-7
-6.350174747161785e-7
-5.657329284510277e-7
-5.028869712473781e-7
-4.460257197330417e-7
-3.483046701709803e-7
-3.06485323411985e-7
-2.6876176389210476e-7
-2.0400941335949968e-7
-1.762738933940527e-7
-1.2857283814035504e-7
-8.956957207088306e-8
-7.280334559164647e-8
-4.3878964207003074e-8
-2.0153434927140838e-8
-6.915803417456751e-10
2.2107493165165528e-8
3.3881154077196935e-8
4.344090388153009e-8
5.439368720964958e-8
6.21087402519033e-8
6.731743952113556e-8
7.059530231335256e-8
7.240213018470252e-8
7.310549608585729e-8
7.282016225485716e-8
7.160198216178958e-8
6.981991814188562e-8
6.773678064007624e-8
6.498969191930053e-8
6.23052135378766e-8
5.9819442732967e-8
5.75882878826424e-8
5.5250458657548086e-8
5.35538192640583e-8
5.147495112633786e-8
4.9869322882879214e-8
4.8072504455903206e-8
4.598100255406898e-8
4.404715476845901e-8
4.1392144772522216e-8
3.8900961336814296e-8
3.604184600189244e-8
3.296825563197518e-8
3.0184286423676834e-8
1.624754081924879e-5
7.239771735302435e-6
3.4303071431570257e-6
1.4709526874804222e-6
3.5718850437104576e-7
-2.896810391103681e-7
-6.520536663522831e-7
-8.348208870787075e-7
-9.032843464639964e-7
-8.987488352263669e-7
-8.47165529999554e-7
-7.648183906678807e-7
-6.621590641255499e-7
-5.462640648953335e-7
-4.222805698462712e-7
-2.94189930602722e-7
-1.651613599093754e-7
-3.7695548316935877e-8
8.631345871401453e-8
2.055282406808032e-7
4.2658777047743395e-7
5.278474332972029e-7
6.229464060578136e-7
7.954604823163066e-7
8.733587445302757e-7
1.0135424679986422e-6
1.134047332125852e-6
1.187273842925333e-6
1.2803705909725182e-6
1.356754095712861e-6
1.4179980063419605e-6
1.485360070298665e-6
1.5164633684508597e-6
1.5382677936503812e-6
1.5560427383386586e-6
1.5585058481038452e-6
1.5481055725019608e-6
1.5272398599379317e-6
1.4983762702509697e-6
1.4638561433887779e-6
1.412343372018946e-6
1.357482915183279e-6
1.3013713936898559e-6
1.245607901159017e-6
1.1786649535427508e-6
1.117070064340176e-6
1.0621272728682346e-6
1.0138708037281102e-6
9.63958280144151e-7
9.283882345858209e-7
8.868709793550128e-7
8.575462523509959e-7
8.278016811825096e-7
7.959487547405848e-7
7.679753421189757e-7
7.304826013494515e-7
6.94433246765343e-7
6.500073095421832e-7
5.97989800068461e-7
5.475009815884664e-7
3.4434432774823664e-5
2.397470549456028e-5
1.9485917498711138e-5
1.6966643349256298e-5
1.5247899065555021e-5
1.4052241993919505e-5
1.3241169633080368e-5
1.2692065428051165e-5
1.2305383350929573e-5
1.201499336593411e-5
1.1785146765212025e-5
1.1600486774808437e-5
1.1455812360368262e-5
1.1348798788775144e-5
1.1276201074405564e-5
1.1232760692170919e-5
1.1211693744805634e-5
1.1205792360746023e-5
1.1208496757430392e-5
1.1214615715054535e-5
1.122452581523903e-5
1.1225634493302689e-5
1.1224033750009612e-5
1.1214657793044502e-5
1.1207717147146314e-5
1.118935804312849e-5
1.1161736802382294e-5
1.1142649407778093e-5
1.1090516469531922e-5
1.1017167796930062e-5
1.0922397901306357e-5
1.0745796230611752e-5
1.0610316857736894e-5
1.0464062547636348e-5
1.022759613382525e-5
9.971594718635488e-6
9.69658497017491e-6
9.405544268713976e-6
9.104342716080524e-6
8.799898874362851e-6
8.398530025900461e-6
8.008728929519716e-6
7.632882663453582e-6
7.272965773205036e-6
6.851670880261134e-6
6.470619498582701e-6
6.1338880614170405e-6
5.838652848819974e-6
5.531389182893091e-6
5.3102655941150086e-6
5.050487760191621e-6
4.867647084157376e-6
4.685210643907842e-6
4.495977345415794e-6
4.336947742446019e-6
4.1345602422667135e-6
3.946529248987798e-6
3.7147711104714234e-6
3.4387327168697744e-6
3.1655481719093644e-6
4.994989886923949e-5
3.838633437279757e-5
3.354324586250454e-5
3.074933297754309e-5
2.866700620673279e-5
2.712784596766596e-5
2.6042587731952088e-5
2.5273306225519243e-5
2.4687671451995112e-5
2.419646705034507e-5
2.3756485735466803e-5
2.3356067551715372e-5
2.2998154920670296e-5
2.2687929958789783e-5
2.242651280921558e-5
2.2209484510579007e-5
2.2028231708279117e-5
2.1872342830350707e-5
2.1731873056641165e-5
2.1598887736802047e-5
2.133702432827314e-5
2.1205017605473314e-5
2.1072934566080104e-5
2.0813977054073792e-5
2.0689238851590244e-5
2.044996287998274e-5
2.0218101244830203e-5
2.0101353360111424e-5
1.9859078196877847e-5
1.9598951065185415e-5
1.931893642007199e-5
1.8868635660151817e-5
1.8555589192078916e-5
1.8236768985680284e-5
1.775009808169283e-5
1.7250595512023e-5
1.6734558830664668e-5
1.6203406259566404e-5
1.5664539175557342e-5
1.5127840729338597e-5
1.4429084584732822e-5
1.375671948307e-5
1.3110995171381631e-5
1.249246920547486e-5
1.1766134144059009e-5
1.1105923090420184e-5
1.0519045778111543e-5
1.0000643081837462e-5
9.455756596374309e-6
9.059729302996586e-6
8.591220775931052e-6
8.261622878079935e-6
7.936914480083038e-6
7.609459298397126e-6
7.344240306516371e-6
7.020499439298736e-6
6.7288870490972826e-6
6.3713246874201095e-6
5.94054527680251e-6
5.505390533288349e-6
3.751940516765067e-5
2.5501695980458092e-5
2.044282446763283e-5
1.7631127401791317e-5
1.570309636108532e-5
1.435248834950769e-5
1.3429631429921497e-5
1.2797284898227217e-5
1.2342217053448523e-5
1.1989415970694974e-5
1.1699347378287295e-5
1.1456347733811045e-5
1.125647677723161e-5
1.109883031906216e-5
1.0981017370232342e-5
1.0897890643326997e-5
1.0842185757513782e-5
1.0805900584097577e-5
1.078163626908838e-5
1.0763508144637852e-5
1.0731518605981107e-5
1.0714760614525715e-5
1.069746189778954e-5
1.0663810042117312e-5
1.0648497280406578e-5
1.0620835279791963e-5
1.0592796379017463e-5
1.0576268087805033e-5
1.053360455809553e-5
1.0474265728506263e-5
1.0397086053767255e-5
1.0252714068719318e-5
1.0142340779183784e-5
1.0023736559283626e-5
9.83225273860675e-6
9.62317655190633e-6
9.394611066663494e-6
9.147931312390397e-6
8.888331989523795e-6
8.622574118444998e-6
8.267959512854603e-6
7.918384644440891e-6
7.574796978728048e-6
7.238356304467272e-6
6.834705858162357e-6
6.460678425830934e-6
6.122918654837896e-6
5.8202380471150375e-6
5.497289509079112e-6
5.259523973000062e-6
4.975849418023556e-6
4.7761477436335976e-6
4.581511959790691e-6
4.390043872035369e-6
4.240248457568839e-6
4.0651759643688965e-6
3.913216563641244e-6
3.7288109692620297e-6
3.5047708858169303e-6
3.273960742935859e-6
1.2971920788099216e-6
1.0939806999762379e-6
1.189985667833486e-6
1.2977166078686957e-6
1.3818144060841944e-6
1.4413299338554223e-6
1.479913179394008e-6
1.5010848396014074e-6
1.5077375130818835e-6
1.5022908991355758e-6
1.486852954567057e-6
1.4633072534778803e-6
1.433348360196257e-6
1.3984924080572904e-6
1.3600798502804118e-6
1.3192784563239482e-6
1.27708930232121e-6
1.2343559079594431e-6
1.1917756953798206e-6
1.1499127835015148e-6
1.0700086551781646e-6
1.0325484025731729e-6
9.969925455830823e-7
9.319031985682599e-7
9.023867780266636e-7
8.491413454282498e-7
8.029252744910598e-7
7.821328596782147e-7
7.444727060433866e-7
7.11108228287366e-7
6.809976360112956e-7
6.40029645655312e-7
6.145457837633303e-7
5.899884353950205e-7
5.543315586600954e-7
5.198071782745988e-7
4.865113575946723e-7
4.547858802876507e-7
4.2503528194439815e-7
3.9759826877461087e-7
3.6493930366053953e-7
3.367747752765062e-7
3.1272676938356955e-7
2.9216079739757225e-7
2.7025773396787265e-7
2.5139761289121573e-7
2.3462241036704902e-7
2.1933974910528907e-7
2.0258110475365525e-7
1.898405927248038e-7
1.738811265193992e-7
1.6192339604100465e-7
1.4981668557427412e-7
1.3802315550177122e-7
1.2910822048014602e-7
1.1910215574205611e-7
1.1128169577691214e-7
1.0347720489826667e-7
9.589372839544537e-8
8.93279876892397e-8
2.3418542101674848e-6
8.398195998265759e-7
6.6239525764023e-7
7.037376465702671e-7
7.712791362193531e-7
8.296456927604188e-7
8.753150412593735e-7
9.10369856605914e-7
9.369730570461775e-7
9.565844940838725e-7
9.701430903758352e-7
9.783187737210315e-7
9.816695803874499e-7
9.807134597387821e-7
9.759506454247485e-7
9.678641226119785e-7
9.569136997418797e-7
9.435305705165837e-7
9.281143982567752e-7
9.110327418832832e-7
8.731886310748018e-7
8.530112457898114e-7
8.323413573852022e-7
7.904019489421732e-7
7.695095992760914e-7
7.28645686823797e-7
6.897742228217367e-7
6.712973201164002e-7
6.365297223112169e-7
6.048617591080512e-7
5.763460543611918e-7
5.392337880505666e-7
5.17928419988053e-7
4.99012056413149e-7
4.7434710452548033e-7
4.530595480875363e-7
4.3402627153216534e-7
4.1630705748665793e-7
3.9919851016344064e-7
3.822474140724824e-7
3.5953704211494694e-7
3.367210805973792e-7
3.1418154454728076e-7
2.92482942258411e-7
2.6739167732109363e-7
2.4528658737016203e-7
2.2647861849279087e-7
2.1080500145631575e-7
1.9542714377745936e-7
1.8471778827116865e-7
1.717252165781557e-7
1.6161841693226086e-7
1.5045260594145033e-7
1.3836332122007957e-7
1.2856135893148368e-7
1.1737895609918598e-7
1.0889821494551206e-7
1.0083049135105527e-7
9.327186115688907e-8
8.673544176651635e-8
3.953414584468961e-6
1.141795773694004e-6
5.375344985315585e-7
4.343367487338014e-7
4.523830454240778e-7
4.937332426381422e-7
5.335810357152033e-7
5.670382361935357e-7
5.942395678356178e-7
6.162087649632662e-7
6.338598663620125e-7
6.478639606873824e-7
6.587073069434494e-7
6.667597342105712e-7
6.723194107939718e-7
6.756376790039886e-7
6.769326712404554e-7
6.763977216636151e-7
6.742074960888337e-7
6.705228530175577e-7
6.592661713883053e-7
6.519750845612571e-7
6.437536348727536e-7
6.250217090168033e-7
6.147471693399382e-7
5.929193857131219e-7
5.700174996967226e-7
5.583717659206235e-7
5.350425047070733e-7
5.120529397350675e-7
4.897851429391562e-7
4.5835416220585916e-7
4.3899454054809177e-7
4.210410285438553e-7
3.9682451733770664e-7
3.757879697712436e-7
3.576799807124776e-7
3.421330304912949e-7
3.2871804455340283e-7
3.169840760571107e-7
3.031919762504638e-7
2.906530551060733e-7
2.786029222785173e-7
2.665206006476395e-7
2.5099323239794907e-7
2.349911437764622e-7
2.1885964192127926e-7
2.0312195893637927e-7
1.8550877634346586e-7
1.7238812484109103e-7
1.5684387983506044e-7
1.4612484332798194e-7
1.3616659029096818e-7
1.2711110531491625e-7
1.2030159357802912e-7
1.120982272401277e-7
1.0489483100788864e-7
9.688931947183814e-8
8.854056452530749e-8
8.12590266763137e-8
6.160053879395009e-6
1.8921305080062265e-6
7.026633088518131e-7
3.5531061940427384e-7
2.74390442860433e-7
2.7933407819877896e-7
3.0869539631199906e-7
3.4139760964324495e-7
3.707841706092781e-7
3.9536243352478964e-7
4.153740699553405e-7
4.3152211154030985e-7
4.445208081990595e-7
4.549609048600378e-7
4.632921571270335e-7
4.6984490362263134e-7
4.748602038745613e-7
4.785173092919029e-7
4.809550776628758e-7
4.822871056951822e-7
4.820169300749372e-7
4.805852099514306e-7
4.783931525242278e-7
4.7201158115482986e-7
4.6795238615366737e-7
4.583901760914939e-7
4.4724893620801397e-7
4.4120444003801803e-7
4.283836273946449e-7
4.148536056651255e-7
4.0091044544885735e-7
3.797940164902326e-7
3.659052360032564e-7
3.5237447374485224e-7
3.330314154131078e-7
3.15092113350481e-7
2.98725766839447e-7
2.8400127480723756e-7
2.7091118107878955e-7
2.5938435279062044e-7
2.462229945203679e-7
2.3520113824741823e-7
2.258378562593307e-7
2.1764969841406735e-7
2.0840802722096095e-7
1.9963102988234445e-7
1.908226133204238e-7
1.8169549852042238e-7
1.702280745810592e-7
1.603884194700928e-7
1.4669091976230773e-7
1.355565563491719e-7
1.2384066455965714e-7
1.125828827052437e-7
1.0469217672213616e-7
9.690444872018986e-8
9.157500523192046e-8
8.650240728070215e-8
8.117700119920734e-8
7.574746361906766e-8
8.887233936889071e-6
3.0488362684705537e-6
1.133289624074835e-6
4.269217499490858e-7
1.7078863869675474e-7
9.612157328466705e-8
9.523650529654459e-8
1.2217416260817063e-7
1.5695126015493583e-7
1.9113162829737547e-7
2.215301365362566e-7
2.4732307256510337e-7
2.6868742517896677e-7
2.8616083321998125e-7
3.003512267632443e-7
3.1181723367318056e-7
3.2103011798316455e-7
3.2837213209800047e-7
3.341487328656453e-7
3.3860391717833696e-7
3.4429913944359235e-7
3.458303928739596e-7
3.4663661927859e-7
3.464203188832114e-7
3.4553571579104823e-7
3.4247803016866113e-7
3.379675944374803e-7
3.3524908900131975e-7
3.2902427881027614e-7
3.2191873137212896e-7
3.1412634122291476e-7
3.0154742893203285e-7
2.9280704380269623e-7
2.8394717972629336e-7
2.706798656072318e-7
2.577035703955514e-7
2.452451195832094e-7
2.3347549346896176e-7
2.225200018728495e-7
2.124586594322468e-7
2.00485699757011e-7
1.9011916681176893e-7
1.8122368810537406e-7
1.73611706385675e-7
1.6558440945219482e-7
1.5881723604528351e-7
1.5288662904366004e-7
1.4739418932591827e-7
1.4092689884670118e-7
1.3539280079541806e-7
1.2724960911834063e-7
1.1992896987048648e-7
1.111928253444834e-7
1.0138777247879996e-7
9.340632463897371e-8
8.448122688834113e-8
7.80178492480332e-8
7.232283251519365e-8
6.757723906752912e-8
6.391477696382424e-8
1.1898665748563866e-5
4.45037465442638e-6
1.7079499921162835e-6
5.316818574238861e-7
4.970166628516844e-9
-2.199372327848091e-7
-2.967056255892538e-7
-2.999501581221928e-7
-2.6796766388717826e-7
-2.2092614131748344e-7
-1.6944435047973216e-7
-1.1895909891403686e-7
-7.206798439958106e-8
-2.9825572351938736e-8
7.530594133745005e-9
4.017469337827652e-8
6.847006715132067e-8
9.285042643270891e-8
1.1375896136635316e-7
1.3161884185330212e-7
1.5971469933900174e-7
1.706155709097323e-7
1.79797544994318e-7
1.9392593711733076e-7
1.9925199730140408e-7
2.0716800927983573e-7
2.121627985676932e-7
2.1377431481478888e-7
2.1553969611235992e-7
2.156891763120696e-7
2.1454519417038757e-7
2.1097518468288093e-7
2.076719393535425e-7
2.0383271357573921e-7
1.9736190668834288e-7
1.903450966012144e-7
1.830496589509416e-7
1.7568956494743366e-7
1.6844270337029978e-7
1.6145217929854078e-7
1.5270451158333893e-7
1.4473360623157124e-7
1.3758520905293624e-7
1.312513506382976e-7
1.2442571575169876e-7
1.1870586289559216e-7
1.1391820406896623e-7
1.0983874808851049e-7
1.0555164341951954e-7
1.0225366984642344e-7
9.775831747488654e-8
9.381847000790157e-8
8.895332905425352e-8
8.299435756899395e-8
7.757205427932388e-8
7.068091927223641e-8
6.49489489313406e-8
5.921757064329935e-8
5.3971056095682845e-8
4.997558356893703e-8
1.4896805211038973e-5
5.86105541329914e-6
2.2401982232928296e-6
5.043663838318709e-7
-3.944987642786256e-7
-8.655310372548172e-7
-1.0991528116008947e-6
-1.1951368396545637e-6
-1.2099216890883293e-6
-1.176951725496082e-6
-1.1165817955211855e-6
-1.041387432301674e-6
-9.5920415515424e-7
-8.749343787289532e-7
-7.916416837026145e-7
-7.112188692523862e-7
-6.347984120332632e-7
-5.630078930785864e-7
-4.961330356348509e-7
-4.34225986082315e-7
-3.247881652794215e-7
-2.767768035613754e-7
-2.328438109931214e-7
-1.5597192318249484e-7
-1.2243881673191418e-7
-6.384487772336593e-8
-1.503953552275562e-8
6.178469902636499e-9
4.306774145644701e-8
7.35094423777752e-8
9.850318551974212e-8
1.2763372388596604e-7
1.425100095640593e-7
1.5441689230666423e-7
1.6767225654036557e-7
1.7642931674781342e-7
1.8160992212869208e-7
1.8398682731625166e-7
1.8423094061412324e-7
1.829087901453535e-7
1.7946656579498326e-7
1.7477169033253684e-7
1.6931482218138315e-7
1.6346095190220774e-7
1.5606043354250802e-7
1.4902107296232537e-7
1.4261970834372651e-7
1.369123198024066e-7
1.3089200241393953e-7
1.2648485721540931e-7
1.211383015794305e-7
1.1715813713375922e-7
1.1288572077769442e-7
1.0806209885680268e-7
1.0370824014420503e-7
9.789350899783804e-8
9.249378922341433e-8
8.61683051862347e-8
7.914884500836797e-8
7.265904702673505e-8
2.0412029545120044e-5
9.856741489352254e-6
5.411355187677485e-6
3.0898941654013955e-6
1.7137177702146234e-6
8.656540396278537e-7
3.472294638346564e-7
4.003933377970902e-8
-1.321585682157339e-7
-2.1780904891729743e-7
-2.4650966770685435e-7
-2.3588182066847258e-7
-1.9664244986790552e-7
-1.3593905689726465e-7
-5.924048797002999e-8
2.8792535334163526e-8
1.2404366531264515e-7
2.2296128046721516e-7
3.226526558986762e-7
4.209409484825306e-7
6.079948482791242e-7
6.954848526151034e-7
7.787343283145574e-7
9.329731718165098e-7
1.0042846779894828e-6
1.1357973154474673e-6
1.2524939380167258e-6
1.3051615640995979e-6
1.3989441591678612e-6
1.4775350866546813e-6
1.5418787700906042e-6
1.6151229748669858e-6
1.650942365673117e-6
1.678040542761811e-6
1.7044154772184679e-6
1.7153930636395588e-6
1.7125079367559355e-6
1.69770287742085e-6
1.6734898625694266e-6
1.6424988014368654e-6
1.5943131030633472e-6
1.5411333282802808e-6
1.4846272854105657e-6
1.4261794246470969e-6
1.353184366710464e-6
1.283776051024811e-6
1.2202896700434824e-6
1.1630733338699302e-6
1.1019078294979306e-6
1.0569448838919946e-6
1.0036267942770628e-6
9.664140886920963e-7
9.301990418891417e-7
8.940114508108876e-7
8.64872608106873e-7
8.295048171940973e-7
7.974659636922889e-7
7.573654072867244e-7
7.080427445790383e-7
6.57623478857969e-7
3.7513386855628625e-5
2.5494750631546507e-5
2.0436251008970505e-5
1.7625414725302716e-5
1.5698336435901962e-5
1.4348610925339979e-5
1.3426513033308537e-5
1.2794796214077092e-5
1.2340241289467457e-5
1.1987854087110232e-5
1.1698117828863036e-5
1.145538428120229e-5
1.1255725933787422e-5
1.1098249003088024e-5
1.098057093742792e-5
1.089755128285972e-5
1.0841931191512769e-5
1.0805713007430648e-5
1.0781501479523987e-5
1.0763414827649353e-5
1.0731483022128636e-5
1.0714744562063647e-5
1.0697460777957049e-5
1.0663828440424753e-5
1.0648521575987975e-5
1.06208660582356e-5
1.0592828850396674e-5
1.0576300256304358e-5
1.0533634734573118e-5
1.0474292888943084e-5
1.0397109804530708e-5
1.0252732653926913e-5
1.0142356085020679e-5
1.0023748786175451e-5
9.832260808091856e-6
9.62318112511782e-6
9.394612875363234e-6
9.147931054908463e-6
8.888330233948724e-6
8.622571266896978e-6
8.26795560168465e-6
7.918380010522332e-6
7.574791948371772e-6
7.238351191701124e-6
6.834700944787939e-6
6.4606738139770165e-6
6.122914303502385e-6
5.820233939546765e-6
5.4972857741484655e-6
5.259520605967204e-6
4.975846485633049e-6
4.776145023318648e-6
4.581509403111628e-6
4.390041572322847e-6
4.240246396886883e-6
4.0651740395449065e-6
3.913214665798416e-6
3.7288092323742694e-6
3.5047694282064824e-6
3.2739593685072604e-6
5.130173479168803e-5
3.815933504626701e-5
3.270171191392746e-5
2.9612652441410296e-5
2.737153122577873e-5
2.5735649483069716e-5
2.4584007509743933e-5
2.3765284029011912e-5
2.3141264874544896e-5
2.2619645173626846e-5
2.21551226293197e-5
2.1734404341099284e-5
2.1359183600955467e-5
2.103379074182928e-5
2.075887164006987e-5
2.0529840360691234e-5
2.0338124991732033e-5
2.0173463367782446e-5
2.0026085335830237e-5
1.988820014026894e-5
1.9622832455579583e-5
1.949219897828033e-5
1.9363477852685692e-5
1.9116786911411146e-5
1.9000738967941693e-5
1.8783508490352163e-5
1.857949149900788e-5
1.84787249604841e-5
1.8272331748861533e-5
1.8053001934359934e-5
1.7818217297312415e-5
1.7442713263490985e-5
1.7183143282647958e-5
1.6919864930094694e-5
1.651896024052169e-5
1.610646434868177e-5
1.5677019040465184e-5
1.5230588380629078e-5
1.4773270922049688e-5
1.4313805323650568e-5
1.3709696366617124e-5
1.3120981232380697e-5
1.2546930072166386e-5
1.1987722640747149e-5
1.1318437943791045e-5
1.0697547274578519e-5
1.0134432508743944e-5
9.62688604449585e-6
9.081903124444751e-6
8.678096120791962e-6
8.192537792254931e-6
7.847799756350849e-6
7.510839246026703e-6
7.1824025393552965e-6
6.930563615601039e-6
6.644859522265391e-6
6.405906756031095e-6
6.124208742950631e-6
5.7864658479908785e-6
5.437047317337108e-6
